Time,MKKK,MKKK_P,MKK,MKK_P,MKK_PP,MAPK,MAPK_P,MAPK_PP,uVol,J0_V1,J0_Ki,J0_n,J0_K1,J1_V2,J1_KK2,J2_k3,J2_KK3,J3_k4,J3_KK4,J4_V5,J4_KK5,J5_V6,J5_KK6,J6_k7,J6_KK7,J7_k8,J7_KK8,J8_V9,J8_KK9,J9_V10,J9_KK10,J0,J1,J2,J3,J4,J5,J6,J7,J8,J9
0,90,10,280,10,10,280,10,10,1,2.5,9,1,10,0.25,8,0.025,15,0.025,15,0.75,15,0.75,15,0.025,15,0.025,15,0.5,15,0.5,15,1.0657894736842106,0.1388888888888889,0.23728813559322035,0.1,0.3,0.3,0.23728813559322035,0.1,0.2,0.2
0.10033444816053512,89.9070073593482,10.0929926406518,280.0061697740159,10.013811286283353,9.980018939700795,279.9962986666981,10.013734604018776,9.989966729283108,1,2.5,9,1,10,0.25,8,0.025,15,0.025,15,0.75,15,0.75,15,0.025,15,0.025,15,0.5,15,0.5,15,1.0662422955609692,0.1394599671971154,0.23949500895448425,0.10101351855240519,0.29964005322988957,0.30024846588776005,0.2368138495609557,0.09988238720377686,0.199879552412067,0.2001647247510562
0.20066889632107024,89.81402516261225,10.185974837387743,280.01216016115876,10.027676112576144,9.960163726265119,279.9926556385291,10.027410605817005,9.979933755653922,1,2.5,9,1,10,0.25,8,0.025,15,0.025,15,0.75,15,0.75,15,0.025,15,0.025,15,0.5,15,0.5,15,1.0666953863120947,0.14002514201832678,0.24170163155359908,0.10202870624177691,0.2992818026605397,0.3004976191398372,0.23634255285737998,0.09976526632884193,0.19975901163859328,0.20032856702096025
0.3010033444816054,89.72105356065254,10.27894643934746,280.0179598190689,10.041597815804938,9.940442365126192,279.9890742902248,10.041024558771094,9.969901151004134,1,2.5,9,1,10,0.25,8,0.025,15,0.025,15,0.75,15,0.75,15,0.025,15,0.025,15,0.5,15,0.5,15,1.067148741972694,0.14058450350864982,0.24390799909273153,0.10304558725979361,0.298925402552976,0.30074751688170664,0.23587443556542972,0.09964870414848859,0.19963837843633608,0.2004914881818211
0.4013377926421405,89.62809197683262,10.371908023167377,280.0235639211107,10.055577762496673,9.920858316392724,279.98555563697323,10.054575342022417,9.959869021004387,1,2.5,9,1,10,0.25,8,0.025,15,0.025,15,0.75,15,0.75,15,0.025,15,0.025,15,0.5,15,0.5,15,1.0676023557903191,0.14113814430825822,0.2461141248098679,0.10406418149787472,0.29857092572129235,0.3009981806590362,0.23540957981085886,0.09953273607515119,0.19951765397131882,0.20065347755382884
0.5016722408026756,89.53514001291653,10.464859987083466,280.02897229791824,10.069615969445906,9.901411732635902,279.9820994609045,10.068063123724038,9.949837415371482,1,2.5,9,1,10,0.25,8,0.025,15,0.025,15,0.75,15,0.75,15,0.025,15,0.025,15,0.5,15,0.5,15,1.0680562243486373,0.1416861540570013,0.24832001791212444,0.10508449887343867,0.29821838533533024,0.3012496077438457,0.23494798918278498,0.0994173720623601,0.19939683873934647,0.20081453987954448
0.6020066889632107,89.44219609701811,10.557803902981886,280.034184617291,10.083712405063016,9.882102977646076,279.9787047962674,10.081488673202179,9.93980653053047,1,2.5,9,1,10,0.25,8,0.025,15,0.025,15,0.75,15,0.75,15,0.025,15,0.025,15,0.5,15,0.5,15,1.0685103345272355,0.14222862734967048,0.250525715448527,0.10610656077091722,0.2978677983887885,0.3015017945378274,0.234489672250715,0.09930262766161106,0.19927593500700366,0.20097468704027815
0.7023411371237459,89.34926112215511,10.650738877844889,280.03920118782014,10.097867052222524,9.862931759957378,279.97537215635936,10.09485158945291,9.929776254187752,1,2.5,9,1,10,0.25,8,0.025,15,0.025,15,0.75,15,0.75,15,0.025,15,0.025,15,0.5,15,0.5,15,1.0689646935446677,0.1427656425249839,0.25273119600749444,0.10713036387975787,0.29751916995892985,0.3017547376997614,0.2340346220991547,0.09918850486001413,0.19915494132282335,0.20113391692054608
0.8026755852842811,89.25633448484461,10.743665515155387,280.04402203560414,10.112079854508773,9.843898109887117,279.9721011133629,10.10815222195515,9.919746664681975,1,2.5,9,1,10,0.25,8,0.025,15,0.025,15,0.75,15,0.75,15,0.025,15,0.025,15,0.5,15,0.5,15,1.069419296069955,0.14329728497433553,0.2549364736752965,0.10815591962992802,0.2971725109223966,0.3020084331851905,0.23358283940824062,0.09907501323927304,0.19903385853317968,0.20129223633422827
0.9030100334448162,89.16341422728624,10.836585772713764,280.0486472453104,10.126350628899859,9.825002125789764,279.9688902793656,10.121391704477485,9.909718016156917,1,2.5,9,1,10,0.25,8,0.025,15,0.025,15,0.75,15,0.75,15,0.025,15,0.025,15,0.5,15,0.5,15,1.0698741251604273,0.14382364595514155,0.25714159467769787,0.10918325225115669,0.2968278333675227,0.3022628746945663,0.2331343264322366,0.0989621675644647,0.19891268961232894,0.20144966137910086
1.0033444816053514,89.07050148555334,10.929498514446676,280.0530767678081,10.140679481599818,9.806243750592138,279.965740459746,10.134569379116137,9.899690161137904,1,2.5,9,1,10,0.25,8,0.025,15,0.025,15,0.75,15,0.75,15,0.025,15,0.025,15,0.5,15,0.5,15,1.0703291902904164,0.14434479743488007,0.2593465318198246,0.11021235664169518,0.2964851465175393,0.3025180610876588,0.23268908183067039,0.09884997047281308,0.1987914326859538,0.20160618680693945
1.1036789297658864,88.97759553868156,11.022404461318441,280.0573107003419,10.15506632724416,9.787622972414054,279.9626511011306,10.147685698478963,9.88966320039046,1,2.5,9,1,10,0.25,8,0.025,15,0.025,15,0.75,15,0.75,15,0.025,15,0.025,15,0.5,15,0.5,15,1.0707844846471843,0.14486082035176218,0.2615513019793748,0.11124324513226543,0.29614446038169795,0.30277398780635684,0.23224710527807427,0.09873843149041509,0.19867008887921223,0.20176182055378433
1.2040133779264215,88.88469475508252,11.115305244917485,280.0613492629826,10.169510972647561,9.769139764369891,279.95962095120007,10.160741686846537,9.879637361953423,1,2.5,9,1,10,0.25,8,0.025,15,0.025,15,0.75,15,0.75,15,0.025,15,0.025,15,0.5,15,0.5,15,1.0712399930537786,0.14537179896555538,0.2637559436484317,0.11227593851083975,0.295805784656963,0.3030306483814603,0.23180839606387857,0.0986275632132449,0.19854866086315265,0.2019165772875118
1.3043478260869565,88.79179972955994,11.208200270440054,280.0651923755024,10.184013488236701,9.750794136260936,279.95665046649367,10.17373697081223,9.869612562694087,1,2.5,9,1,10,0.25,8,0.025,15,0.025,15,0.75,15,0.75,15,0.025,15,0.025,15,0.5,15,0.5,15,1.0716957206549282,0.14587780365462732,0.2659604424747939,0.11331043678397004,0.2954691296745794,0.3032880410322681,0.23137295442046976,0.09851737041850113,0.19842714754429064,0.20207045506609136
1.4046822742474916,88.69891022257903,11.301089777420968,280.06884007021006,10.198573845649886,9.73258608414009,279.9537394631575,10.186671700751507,9.85958883609102,1,2.5,9,1,10,0.25,8,0.025,15,0.025,15,0.75,15,0.75,15,0.025,15,0.025,15,0.5,15,0.5,15,1.072151664966626,0.14637890797546238,0.26816480390969816,0.11434674769425852,0.2951345054767999,0.3035461622189335,0.23094078022720277,0.09840786072925191,0.19830554924096172,0.2022234581405125
1.5050167224080266,88.60602599460496,11.393974005395041,280.07229237941436,10.213192016525422,9.714515604060251,279.9508877573374,10.199546027039824,9.849566215622788,1,2.5,9,1,10,0.25,8,0.025,15,0.025,15,0.75,15,0.75,15,0.025,15,0.025,15,0.5,15,0.5,15,1.072607823492011,0.14687518404203093,0.2703690334044624,0.1153848789476234,0.29480192206754063,0.30380500840090224,0.230511873363697,0.09829904170464973,0.1981838662726921,0.20237559073674233
1.6053511705685617,88.51314496066298,11.486855039337009,280.0755496420253,10.227867746402856,9.696582611571861,279.948093622829,10.212361348431381,9.839545028739591,1,2.5,9,1,10,0.25,8,0.025,15,0.025,15,0.75,15,0.75,15,0.025,15,0.025,15,0.5,15,0.5,15,1.0730641747062117,0.14736671228052378,0.2725731802163508,0.11642485538754259,0.2944713879268184,0.3040645720404137,0.23008623173515824,0.09819092716641678,0.19806210253358392,0.20252687178519194
1.7056856187290967,88.42026734861926,11.579732651380734,280.0786118126978,10.24260106418531,9.678787123116958,279.94535726641476,10.225117499120433,9.82952523446478,1,2.5,9,1,10,0.25,8,0.025,15,0.025,15,0.75,15,0.75,15,0.025,15,0.025,15,0.5,15,0.5,15,1.0735207208433364,0.14785355931001629,0.27477723870237175,0.1174666803120133,0.29414291334998505,0.30432485062081355,0.22966385572219045,0.09808352288774826,0.1979402574484357,0.20267730169100243
1.8060200668896318,88.32739282282759,11.67260717717241,280.0814789397084,10.25739192973576,9.661129130555835,279.9426784239143,10.237814694498589,9.819506881587102,1,2.5,9,1,10,0.25,8,0.025,15,0.025,15,0.75,15,0.75,15,0.025,15,0.025,15,0.5,15,0.5,15,1.0739774583265909,0.148335793421385,0.2769812165958312,0.11851036222503258,0.2938165081394861,0.30458584040281406,0.22924474510263126,0.09797683652045094,0.19781833153324896,0.2028268853390515
1.9063545150501668,88.23452091194063,11.765479088059363,280.0841510938794,10.272240286291416,9.64360861982918,279.9400567177332,10.250453241754764,9.809490040511985,1,2.5,9,1,10,0.25,8,0.025,15,0.025,15,0.75,15,0.75,15,0.025,15,0.025,15,0.5,15,0.5,15,1.0744343821584144,0.14881348227940341,0.2791851248513435,0.1195559108598697,0.29349218194660726,0.3048475373549527,0.2288288995094208,0.09787087611152184,0.19769632556924474,0.20297562866721866
2.006688963210702,88.14165095827732,11.858349041722676,280.08662838966336,10.287146056942964,9.626225553393779,279.93749153953166,10.263033625137222,9.799474835331095,1,2.5,9,1,10,0.25,8,0.025,15,0.025,15,0.75,15,0.75,15,0.025,15,0.025,15,0.5,15,0.5,15,1.0748914840158916,0.14928669317887547,0.2813889788474268,0.12060333767174666,0.29316994394418594,0.3051099370934687,0.22841631800899811,0.09776565040009015,0.19757424099501628,0.2031235396632117
2.107023411371237,88.04878225900339,11.951217740996618,280.08891095208526,10.302109159899105,9.608979888015693,279.9349822250544,10.275556371799999,9.789461403145573,1,2.5,9,1,10,0.25,8,0.025,15,0.025,15,0.75,15,0.75,15,0.025,15,0.025,15,0.5,15,0.5,15,1.0753487547369676,0.14975549232314206,0.2835927950347916,0.12165265451131359,0.292849803153416,0.30537303515273984,0.22800699953083384,0.09766116822749694,0.1974520794127333,0.20327062677964355
2.207357859531772,87.9559144465372,12.044085553462812,280.0909988276705,10.317129549616254,9.591871622713349,279.93252852520493,10.288021690331043,9.779449784464008,1,2.5,9,1,10,0.25,8,0.025,15,0.025,15,0.75,15,0.75,15,0.025,15,0.025,15,0.5,15,0.5,15,1.0758061910697272,0.15021994295197563,0.28579658190500784,0.12270387004005842,0.29253176933432895,0.305636827707803,0.22760094402454506,0.09755743698910709,0.19732984125005548,0.20341689469257102
2.307692307692307,87.86304699637873,12.136953003621283,280.0928920996868,10.332207163584723,9.574900736728528,279.9301299965675,10.300429938426388,9.769440065006112,1,2.5,9,1,10,0.25,8,0.025,15,0.025,15,0.75,15,0.75,15,0.025,15,0.025,15,0.5,15,0.5,15,1.0762637869565959,0.15068010787727742,0.28800035167518306,0.12375699436523316,0.29221585183510984,0.3059013106377885,0.22719815096272472,0.0974544646534509,0.1972075274888476,0.20356234979987545
2.408026755852842,87.77017938906097,12.229820610939031,280.09459085067897,10.347341940118188,9.558067209202934,279.9277861973216,10.312781472108254,9.75943233057014,1,2.5,9,1,10,0.25,8,0.025,15,0.025,15,0.75,15,0.75,15,0.025,15,0.025,15,0.5,15,0.5,15,1.0767215363130855,0.1511360486845581,0.2902041164430825,0.12481203751723764,0.2919020599559173,0.3061664798392843,0.22679861981597918,0.09735225910756434,0.1970851391152514,0.2037069984480319
2.508361204013377,87.67731198887458,12.32268801112542,280.0960950361864,10.36253396210861,9.541371001705082,279.9254969657638,10.325076353489614,9.749426680746584,1,2.5,9,1,10,0.25,8,0.025,15,0.025,15,0.75,15,0.75,15,0.025,15,0.025,15,0.5,15,0.5,15,1.077179433345105,0.1515878215074146,0.2924078673289639,0.1258690015068386,0.2915904026218269,0.30643233374049317,0.2264023496497718,0.09725082634943562,0.19696267728761152,0.2038508435151646
2.608695652173912,87.58444379347297,12.415556206527036,280.0974048081485,10.377783088873018,9.524812102978553,279.92326170701944,10.337315099182833,9.739423193797714,1,2.5,9,1,10,0.25,8,0.025,15,0.025,15,0.75,15,0.75,15,0.025,15,0.025,15,0.5,15,0.5,15,1.0776374717408188,0.15203548804805123,0.29461162789272843,0.12692790066396867,0.29128088921693795,0.3066988668552139,0.2260093401568393,0.09715017513060717,0.19684014290679647,0.20399389317134528
2.7090301003344472,87.49157431877653,12.508425681223482,280.0985202440244,10.393089264514293,9.508390491461379,279.92107999048454,10.34949805344142,9.729421956074058,1,2.5,9,1,10,0.25,8,0.025,15,0.025,15,0.75,15,0.75,15,0.025,15,0.025,15,0.5,15,0.5,15,1.0780956453445925,0.15247910633963957,0.29681540939241596,0.12798874460419582,0.2909735288851607,0.3069660751863944,0.22561959079247557,0.09705031306268884,0.19671753697591607,0.20413615353690176
2.8093645484949823,87.39870308070564,12.601296919294363,280.0994414212732,10.408452433135315,9.492106145591595,279.918951385555,10.361625560518887,9.71942305392614,1,2.5,9,1,10,0.25,8,0.025,15,0.025,15,0.75,15,0.75,15,0.025,15,0.025,15,0.5,15,0.5,15,1.078553947971954,0.15291873332853725,0.2990192230861605,0.12905154291219584,0.2906683307215325,0.3072339547398484,0.22523310101228386,0.09695124768976757,0.1965948605014554,0.20427763070221142
2.9096989966555173,87.30582959518073,12.694170404819285,280.10016841735387,10.423872538838967,9.475959043807242,279.9168754616268,10.37369796466874,9.70942657370449,1,2.5,9,1,10,0.25,8,0.025,15,0.025,15,0.75,15,0.75,15,0.025,15,0.025,15,0.5,15,0.5,15,1.0790123734094743,0.15335442489957282,0.30122308023218464,0.13011630514194367,0.2903653037715632,0.3075025015243506,0.22484987027217407,0.09685298648910484,0.19647211449328328,0.2044183307280132
3.0100334448160524,87.21295337812215,12.787046621877849,280.1007013097256,10.43934952572813,9.459949164546352,279.91485178809586,10.385715610144493,9.699432601759634,1,2.5,9,1,10,0.25,8,0.025,15,0.025,15,0.75,15,0.75,15,0.025,15,0.025,15,0.5,15,0.5,15,1.079470915414646,0.15378623590062815,0.3034269920887937,0.13118304081690477,0.29006445703058154,0.30777171155173233,0.22446989802836018,0.09675553687182739,0.1963492999646605,0.2045582596457161
3.1103678929765874,87.12007409093441,12.879925909065587,280.10104014842983,10.454883364192169,9.44407648737807,279.9128799835573,10.397678789745262,9.68944122669749,1,2.5,9,1,10,0.25,8,0.025,15,0.025,15,0.75,15,0.75,15,0.025,15,0.025,15,0.5,15,0.5,15,1.079929567771127,0.15421421949913885,0.30563096646062243,0.1322517581323349,0.2897657994643797,0.30804158129337283,0.2240931837662008,0.09665890591268458,0.1962264179599979,0.20469742285943662
3.2107023411371225,87.02719222156033,12.972807778439671,280.1011848277406,10.470474173961774,9.428340998297696,279.91095994612004,10.409587503942465,9.679452549937531,1,2.5,9,1,10,0.25,8,0.025,15,0.025,15,0.75,15,0.75,15,0.025,15,0.025,15,0.5,15,0.5,15,1.080388324550993,0.15463842413813436,0.3078349915304966,0.13332245787828934,0.28946934010852543,0.30831210981141566,0.22371972713518584,0.09656309908962538,0.19610346968498765,0.2048358223510584
3.3110367892976575,86.93430666483127,13.065693335168733,280.101135542166,10.486121786919675,9.412742670914433,279.9090910351437,10.421442316654588,9.669466648201746,1,2.5,9,1,10,0.25,8,0.025,15,0.025,15,0.75,15,0.75,15,0.025,15,0.025,15,0.5,15,0.5,15,1.0808471791922323,0.15505890462854874,0.3100390933012479,0.1343951550265303,0.28917508771337874,0.3085832911708884,0.22334952746924613,0.0964681247867106,0.19598045604497474,0.20497346662795546
3.4113712374581926,86.84141699866433,13.158583001335677,280.10089235748126,10.501826158370495,9.39728148414833,279.90727284098995,10.433243550208326,9.659483608801775,1,2.5,9,1,10,0.25,8,0.025,15,0.025,15,0.75,15,0.75,15,0.025,15,0.025,15,0.5,15,0.5,15,1.0813061253622676,0.15547571168287846,0.31224328155955405,0.13546985842537237,0.2888830510764294,0.30885512158479683,0.2229825842380419,0.09637399005010079,0.19585737807895517,0.20511036135858626
3.5117056856187276,86.7485228009766,13.2514771990234,280.1004553394618,10.51758724361886,9.38195741691943,279.9055049540204,10.444991526930375,9.64950351904926,1,2.5,9,1,10,0.25,8,0.025,15,0.025,15,0.75,15,0.75,15,0.025,15,0.025,15,0.5,15,0.5,15,1.0817651566994342,0.15588889509798837,0.3144475660921323,0.13654657689316574,0.2885932389417898,0.3091275972686928,0.22261889691151976,0.0962807018642844,0.19573423682939647,0.20524651218444392
3.6120401337792627,86.6556236496852,13.344376350314805,280.0998245538829,10.533404997969393,9.366770448147783,279.90378696459675,10.456686569147427,9.639526466255841,1,2.5,9,1,10,0.25,8,0.025,15,0.025,15,0.75,15,0.75,15,0.025,15,0.025,15,0.5,15,0.5,15,1.082224266812864,0.15629850377565602,0.31665195668573465,0.13762531921846016,0.28830565999955243,0.3094007144407617,0.22225846495991117,0.09618826715270573,0.19561103334224586,0.2053819247203316
3.7123745819397977,86.56271912270721,13.437280877292794,280.0990000665199,10.549279376726721,9.351720556753435,279.9021184630807,10.46832899918618,9.62955253773316,1,2.5,9,1,10,0.25,8,0.025,15,0.025,15,0.75,15,0.75,15,0.025,15,0.025,15,0.5,15,0.5,15,1.082683449282369,0.156704585742566,0.3188564631271429,0.13870609416016938,0.2880203228851503,0.30967446932190895,0.22190128785372937,0.09609669277838737,0.19548776866693815,0.20551660455463505
3.812709030100333,86.46980903065499,13.530190969345012,280.09798189501794,10.565210383355375,9.33680772162677,279.90049908477175,10.479919078076886,9.619581837151406,1,2.5,9,1,10,0.25,8,0.025,15,0.025,15,0.75,15,0.75,15,0.025,15,0.025,15,0.5,15,0.5,15,1.0831426970088565,0.15710718716579763,0.32106108967867836,0.13978890841748598,0.2877372361781554,0.3099488589648186,0.22154736506487271,0.09600598521366771,0.19536444405881984,0.20565055654148226
3.913043478260868,86.37689354325114,13.623106456748866,280.0967699827444,10.581198095643337,9.322031921612387,279.8989285343205,10.491456972253212,9.609614493426335,1,2.5,9,1,10,0.25,8,0.025,15,0.025,15,0.75,15,0.75,15,0.025,15,0.025,15,0.5,15,0.5,15,1.0836020018604502,0.15750635187407255,0.3232658320768433,0.14087376552688433,0.28745640840133396,0.3102238816986466,0.22119669606720668,0.09591615036561259,0.19524106109003117,0.20578378441987233
4.013377926421403,86.28397181599615,13.716028184003848,280.0953644828464,10.597242381469544,9.307393135684187,279.8974063205119,10.502943115314563,9.599650564173567,1,2.5,9,1,10,0.25,8,0.025,15,0.025,15,0.75,15,0.75,15,0.025,15,0.025,15,0.5,15,0.5,15,1.0840613585061372,0.15790212726500275,0.3254707101370676,0.14196067784452066,0.287177848023342,0.31049953224085797,0.2208492803300504,0.09582719552597263,0.19511762045421702,0.20591629499043046
4.113712374581938,86.19104347617366,13.808956523826346,280.0937654508884,10.61334320635579,9.29289134275592,279.89593204324126,10.514377816583536,9.589690140175225,1,2.5,9,1,10,0.25,8,0.025,15,0.025,15,0.75,15,0.75,15,0.025,15,0.025,15,0.5,15,0.5,15,1.0845207602685631,0.1582945578888658,0.3276757324740769,0.1430496535811919,0.2869015634544991,0.3107758069938959,0.22050511732523995,0.09573912725659954,0.1949941232587425,0.20604809359194964
4.214046822742474,86.09810815106727,13.901891848932744,280.0919729424349,10.629500535823867,9.278526521741345,279.8945053024039,10.525761385382733,9.579733312213433,1,2.5,9,1,10,0.25,8,0.025,15,0.025,15,0.75,15,0.75,15,0.025,15,0.025,15,0.5,15,0.5,15,1.0849802004403526,0.1586836875191009,0.32988090770258865,0.14414070091870204,0.2866275630473019,0.3110527023624511,0.22016420652487975,0.09565195206255572,0.1948705706146404,0.2061791855386199
4.314381270903009,86.00516546796058,13.994834532039429,280.0899870130503,10.645714335395569,9.264298651554212,279.89312569789496,10.537094131034745,9.569780171070313,1,2.5,9,1,10,0.25,8,0.025,15,0.025,15,0.75,15,0.75,15,0.025,15,0.025,15,0.5,15,0.5,15,1.0854396722839954,0.15906955916914764,0.3320862444373077,0.14523382801000373,0.28635585509579936,0.3113302147535414,0.21982654740133975,0.09556567639268981,0.19474696363661914,0.20630957612027626
4.414715719063545,85.91221505413722,14.087784945862785,280.08780771829913,10.66198457059269,9.250207711108274,279.89179282960987,10.548376362862177,9.55983080752799,1,2.5,9,1,10,0.25,8,0.025,15,0.025,15,0.75,15,0.75,15,0.025,15,0.025,15,0.5,15,0.5,15,1.0858991690317357,0.15945221510884838,0.33429175129292155,0.14632904297934027,0.28608644783497167,0.3116083405765928,0.2194921394272533,0.09548030664020708,0.19462330344307066,0.20643927060264358
4.51505016722408,85.81925681801143,14.180743181988575,280.0854350520185,10.678311270602627,9.236253677378969,279.8905063292431,10.559608329489055,9.549885341267856,1,2.5,9,1,10,0.25,8,0.025,15,0.025,15,0.75,15,0.75,15,0.025,15,0.025,15,0.5,15,0.5,15,1.0863586825643987,0.1598316957375865,0.33649743020932665,0.1474263515131424,0.28581934940298775,0.31188707732975535,0.21916098203078838,0.09539584880140706,0.1944995915157024,0.20656827353074203
4.615384615384616,85.7262907003021,14.273709299697897,280.08286900095254,10.694694471928583,9.222436527119003,279.8892658321434,10.570790272564553,9.539943895292115,1,2.5,9,1,10,0.25,8,0.025,15,0.025,15,0.75,15,0.75,15,0.025,15,0.025,15,0.5,15,0.5,15,1.0868182045776444,0.1602080406505473,0.3387032823593073,0.14852575899293904,0.2855545678732731,0.3121664226328665,0.21883307463522456,0.09531230878187895,0.19437582938244438,0.20669658934839766
4.715719063545151,85.63331605640607,14.366683943593923,280.08010968036325,10.711134078520129,9.208756241116712,279.8880709074522,10.581922560114007,9.530006532433854,1,2.5,9,1,10,0.25,8,0.025,15,0.025,15,0.75,15,0.75,15,0.025,15,0.025,15,0.5,15,0.5,15,1.087277729486843,0.16058129112729636,0.340909322812675,0.1496272757879978,0.28529211133561916,0.3124463718464058,0.21850841675721908,0.09522969314510867,0.19425201782627272,0.2068242239270317
4.816053511705687,85.54033255256567,14.459667447434331,280.0771571372611,10.727630064721753,9.19521279801724,279.8869211594715,10.59300549304849,9.520073347480016,1,2.5,9,1,10,0.25,8,0.025,15,0.025,15,0.75,15,0.75,15,0.025,15,0.025,15,0.5,15,0.5,15,1.0877372502163765,0.16095148649547486,0.3431155592589422,0.15073090957537894,0.2850319877772714,0.31272692153537196,0.21818700786423065,0.09514800802274209,0.19412815803135466,0.20695118234405366
4.916387959866222,85.4473398550232,14.552660144976798,280.0740114186564,10.744182404877945,9.18180617646573,279.8858161925034,10.604039372279075,9.510144435217551,1,2.5,9,1,10,0.25,8,0.025,15,0.025,15,0.75,15,0.75,15,0.025,15,0.025,15,0.5,15,0.5,15,1.0881967596594468,0.16131866541936676,0.34532199938757124,0.15183666800407128,0.2847742051233233,0.3130080682667794,0.2178688474239687,0.09506725949391788,0.19400425118574255,0.20707746965425763
5.016722408026758,85.35433763002099,14.645662369979004,280.07067257155956,10.760791073333193,9.16853635510733,279.8847556108498,10.61502449871683,9.500219890433401,1,2.5,9,1,10,0.25,8,0.025,15,0.025,15,0.75,15,0.75,15,0.025,15,0.025,15,0.5,15,0.5,15,1.0886562506779651,0.161682865913811,0.34752865088796997,0.15294455869511675,0.28451877123611446,0.31328980860973377,0.21755393490439137,0.09498745358580042,0.19388029848138122,0.20720309089004743
5.117056856187293,85.26132554380138,14.738674456198625,280.0671406429809,10.777456044431984,9.15540331258718,279.8837390188127,10.625961173272827,9.490299807914512,1,2.5,9,1,10,0.25,8,0.025,15,0.025,15,0.75,15,0.75,15,0.025,15,0.025,15,0.5,15,0.5,15,1.089115716102443,0.16204412535776488,0.3497355214494878,0.15405458924173424,0.2842656939146316,0.31357213913550486,0.21724226977370287,0.09490859627410811,0.1937563011141158,0.20732805106165955
5.217391304347829,85.16830358722964,14.83169641277035,280.06341560678874,10.794177369284041,9.142407023927332,279.88276605163713,10.636849629320373,9.480384319042527,1,2.5,9,1,10,0.25,8,0.025,15,0.025,15,0.75,15,0.75,15,0.025,15,0.025,15,0.5,15,0.5,15,1.0895751470106967,0.16240247926206006,0.3519426110537313,0.1551667644550092,0.28401498082398235,0.3138550577155986,0.21693385141560154,0.09483069309375924,0.19363226074167533,0.20745235438669524
5.317725752508364,85.07527155319212,14.924728446807878,280.05949748145866,10.810955052181992,9.129547466359456,279.88183632569684,10.647690141422279,9.470473532880945,1,2.5,9,1,10,0.25,8,0.025,15,0.025,15,0.75,15,0.75,15,0.025,15,0.025,15,0.5,15,0.5,15,1.0900345354953143,0.1627579633215465,0.35414992438286974,0.15628109079871277,0.28376663960713133,0.3141385614264996,0.2166286792657082,0.09475374976965828,0.1935081787476544,0.20757600553325728
5.4180602006689,84.98222893397983,15.01777106602017,280.05538635319476,10.827789026335187,9.116824620470162,279.88094942871265,10.658483046680152,9.460567524607212,1,2.5,9,1,10,0.25,8,0.025,15,0.025,15,0.75,15,0.75,15,0.025,15,0.025,15,0.5,15,0.5,15,1.0904938752112445,0.16311061378343072,0.35635747325618766,0.15739757725957834,0.283520677906697,0.3144226461456306,0.2163267528383608,0.09467777233756816,0.19338405609538548,0.20769900986136453
5.518394648829435,84.88917542876924,15.110824571230763,280.0510822615869,10.84467927387622,9.104238464537017,279.880104968126,10.669228639153124,9.450666392720935,1,2.5,9,1,10,0.25,8,0.025,15,0.025,15,0.75,15,0.75,15,0.025,15,0.025,15,0.5,15,0.5,15,1.0909531586849126,0.16346046551321772,0.35856526458072063,0.15851623104145804,0.28327710325504013,0.3147073085804748,0.2160280715941228,0.09460276653517945,0.19325989404391936,0.20782137221839636
5.618729096989971,84.79611073673681,15.203889263263193,280.0465852462249,10.861625776937679,9.09178897683759,279.879302551378,10.679927212900319,9.440770235721718,1,2.5,9,1,10,0.25,8,0.025,15,0.025,15,0.75,15,0.75,15,0.025,15,0.025,15,0.5,15,0.5,15,1.091412378410419,0.16380755280682902,0.3607733052634166,0.1596370593209472,0.2830359231182037,0.3149925454403458,0.21573263499379164,0.09452873805157914,0.19313569385639576,0.20794309743088477
5.719063545150506,84.703034557059,15.296965442940994,280.04189534669854,10.878628517652155,9.079476135649445,279.87854178591,10.690579061980866,9.430879152109169,1,2.5,9,1,10,0.25,8,0.025,15,0.025,15,0.75,15,0.75,15,0.025,15,0.025,15,0.5,15,0.5,15,1.091871526849433,0.16415190940217486,0.3629816022111316,0.16076006924749411,0.2827971448953378,0.3152783534364572,0.21544044249839667,0.09445569252774634,0.19301145680005094,0.20806419030471965
5.819397993311042,84.6099465889123,15.390053411087703,280.0370126025977,10.89568747815224,9.067299919250157,279.87782227916324,10.701184480453893,9.420993240382892,1,2.5,9,1,10,0.25,8,0.025,15,0.025,15,0.75,15,0.75,15,0.025,15,0.025,15,0.5,15,0.5,15,1.092330596431087,0.16449356849044516,0.36519016233062557,0.1618852679435096,0.2825607759181277,0.3155647292819919,0.2151514935691969,0.09438363555704402,0.1928871841462248,0.20818465562535243
5.919732441471577,84.51684705656086,15.483152943439128,280.0319369358389,10.912802765248484,9.055260298912732,279.87714369707413,10.711743646656583,9.411112656269305,1,2.5,9,1,10,0.25,8,0.025,15,0.025,15,0.75,15,0.75,15,0.025,15,0.025,15,0.5,15,0.5,15,1.092789576873498,0.1648325608227675,0.3673989800609284,0.1630126580542314,0.2823268233140472,0.3158516717810505,0.2148657875037566,0.09431257201834414,0.19276287789062183,0.20830449684515037
6.020066889632113,84.42373562879956,15.57626437120043,280.0266683928205,10.929974353859599,9.043357253320025,279.87650564369943,10.722256861343745,9.401237494956868,1,2.5,9,1,10,0.25,8,0.025,15,0.025,15,0.75,15,0.75,15,0.025,15,0.025,15,0.5,15,0.5,15,1.093248460691127,0.16516891868403466,0.36960806302987015,0.164142246905864,0.28209529428563707,0.31613917752196036,0.21458332377326278,0.09424250745345354,0.19263853927285188,0.20842371878840665
6.120401337792648,84.33061185721967,15.669388142780338,280.02120704620654,10.94720219107523,9.031590762718357,279.87590771003926,10.732724451100207,9.391367838860578,1,2.5,9,1,10,0.25,8,0.025,15,0.025,15,0.75,15,0.75,15,0.025,15,0.025,15,0.5,15,0.5,15,1.0937072409644202,0.16550267425860596,0.37181742164806914,0.16527404279107064,0.2818661959967794,0.3164272426308245,0.21430410188571572,0.094173447506074,0.19251416937549018,0.20854232655184957
6.220735785953184,84.23747547889914,15.762524521100858,280.01555292709304,10.964486268027388,9.0199608048797,279.87534950775716,10.743146701632133,9.381503790610749,1,2.5,9,1,10,0.25,8,0.025,15,0.025,15,0.75,15,0.75,15,0.025,15,0.025,15,0.5,15,0.5,15,1.0941659097948486,0.16583385855219118,0.3740270619218579,0.16640805240375137,0.2816395354935574,0.3167158639740458,0.21402812129143123,0.0941053975383386,0.19238976953963643,0.2086603247487031
6.321070234113719,84.14432623040732,15.855673769592684,280.00970606669006,10.9818265757273,9.00846735758281,279.87483064846,10.753523898757795,9.371645452782252,1,2.5,9,1,10,0.25,8,0.025,15,0.025,15,0.75,15,0.75,15,0.025,15,0.025,15,0.5,15,0.5,15,1.0946244592530279,0.16616250208161074,0.37623698986952353,0.167544282415507,0.28141531975189527,0.3170050384175085,0.21375538144110132,0.09403836286809941,0.19226534110999857,0.20877771797428632
6.421404682274255,84.0511638478048,15.9488361521952,280.0036664963215,10.999223105065411,8.997110398613227,279.87435074369796,10.763856328407572,9.361792927894523,1,2.5,9,1,10,0.25,8,0.025,15,0.025,15,0.75,15,0.75,15,0.025,15,0.025,15,0.5,15,0.5,15,1.0950828813786238,0.1664886348843856,0.3784472115213037,0.1686827394757327,0.2811935556770148,0.31729476282665653,0.21348588178579198,0.09397234876938193,0.19214088543489685,0.2088945108061948
6.52173913043479,83.95798806664351,16.04201193335648,279.9974342474255,11.016675846811378,8.985889905763278,279.87390940496454,10.774144276623952,9.351946318411557,1,2.5,9,1,10,0.25,8,0.025,15,0.025,15,0.75,15,0.75,15,0.025,15,0.025,15,0.5,15,0.5,15,1.095541168180262,0.16681228652810248,0.38065773291938354,0.16982343021171203,0.2809742501028959,0.31758503406657124,0.21321962177694073,0.09390736047283604,0.19201640386626745,0.20901070780448067
6.622073578595326,83.86479862196671,16.135201378033283,279.991009351554,11.034184791614077,8.974805856832079,279.87350624369657,10.78438802956153,9.342105726741906,1,2.5,9,1,10,0.25,8,0.025,15,0.025,15,0.75,15,0.75,15,0.025,15,0.025,15,0.5,15,0.5,15,1.0959993116354334,0.16713348611956041,0.38286856011789205,0.17096636122871206,0.280757409791742,0.317875849002049,0.2129566008663547,0.09384340316618375,0.1918918977596666,0.20912631351183014
6.722408026755861,83.77159524830894,16.228404751691052,279.984391840373,11.0517499300016,8.963858229625526,279.87314087127436,10.794587873487009,9.33227125523869,1,2.5,9,1,10,0.25,8,0.025,15,0.025,15,0.75,15,0.75,15,0.025,15,0.025,15,0.5,15,0.5,15,1.0964573036904035,0.16745226231370403,0.3850796991828981,0.17211153911007948,0.28054304143344955,0.31816720449767855,0.21269681850620792,0.09378048199466338,0.19176736847427406,0.20924133245373994
6.822742474916397,83.67837767969607,16.321622320303927,279.9775817456626,11.069371252381256,8.953047001956305,279.87281289902126,10.804744094779199,9.322443006199583,1,2.5,9,1,10,0.25,8,0.025,15,0.025,15,0.75,15,0.75,15,0.025,15,0.025,15,0.5,15,0.5,15,1.0969151362601188,0.16776864332235022,0.38729115619240767,0.17325897041733757,0.2803311516450836,0.3184590974179175,0.21244027414903952,0.0937186020614708,0.19164281737289654,0.20935576913869122
6.923076923076932,83.58514564964527,16.41485435035473,279.9705790993167,11.087048749039564,8.942372151643887,279.8725219382042,10.814856979929019,9.312621081866821,1,2.5,9,1,10,0.25,8,0.025,15,0.025,15,0.75,15,0.75,15,0.025,15,0.025,15,0.5,15,0.5,15,1.0973728012281176,0.16808265692271307,0.38950293723635965,0.17440866169028357,0.2801217469703572,0.3187515246271701,0.21218696724775113,0.09365776842819709,0.19151824582197124,0.209469628058322
7.023411371237468,83.49189889116502,16.50810110883497,279.9633839333433,11.104782410142267,8.931833656514527,279.87226760003335,10.824926815539492,9.302805584427205,1,2.5,9,1,10,0.25,8,0.025,15,0.025,15,0.75,15,0.75,15,0.025,15,0.025,15,0.5,15,0.5,15,1.0978302904464372,0.16839433046573257,0.3917150484166225,0.17556061944708773,0.27991483387911575,0.3190444829898627,0.21193689725560472,0.0935979861152633,0.19139365519156917,0.2095829136875979
7.123745819398003,83.39863733734036,16.60136266265963,279.9559962347822,11.12257227311451,8.921431492103405,279.8720495216005,10.834953841704442,9.292996636695088,1,2.5,9,1,10,0.25,8,0.025,15,0.025,15,0.75,15,0.75,15,0.025,15,0.025,15,0.5,15,0.5,15,1.0982875947765665,0.16870369022136997,0.39392749108415365,0.17671484848149802,0.2797104187216519,0.3193379701516393,0.21169006357269426,0.09353925984457216,0.19126904711825093,0.20969562996110264
7.224080267558539,83.3053616887647,16.69463831123528,279.9484158181721,11.140418556673813,8.911165625154235,279.8718674392556,10.844938120122308,9.283194440622164,1,2.5,9,1,10,0.25,8,0.025,15,0.025,15,0.75,15,0.75,15,0.025,15,0.025,15,0.5,15,0.5,15,1.0987447013729388,0.16901075955058378,0.3961402483654002,0.17787134704463242,0.2795085076001002,0.3196319867407859,0.21144646539451453,0.09348159331412374,0.19114442425031122,0.20980777879438361
7.324414715719074,83.21207090115969,16.7879290988403,279.9406428902183,11.15832106738127,8.901036042400587,279.8717208637226,10.854880118039771,9.273399018237663,1,2.5,9,1,10,0.25,8,0.025,15,0.025,15,0.75,15,0.75,15,0.025,15,0.025,15,0.5,15,0.5,15,1.0992016056967944,0.16931556718493398,0.398353344818099,0.17903012817485658,0.2793091069340078,0.31992652659086557,0.21120610238239632,0.09342499242453933,0.19101978695423238,0.20991936664339775
7.42474916387961,83.11876475370225,16.881235246297727,279.93267747255095,11.176279806305557,8.89104272114366,279.87160941221845,10.864780111304583,9.263610476477016,1,2.5,9,1,10,0.25,8,0.025,15,0.025,15,0.75,15,0.75,15,0.025,15,0.025,15,0.5,15,0.5,15,1.0996582992398056,0.16961813872172624,0.4005667854471575,0.1801911978944031,0.27911222288160287,0.32022158674778495,0.21096897397815043,0.09336946197661747,0.19089513667922303,0.2100303977947984
7.525083612040145,83.02544302716366,16.97455697283633,279.92451958644153,11.194294774891306,8.881185638667336,279.87153270217516,10.87463837538782,9.25382892243706,1,2.5,9,1,10,0.25,8,0.025,15,0.025,15,0.75,15,0.75,15,0.025,15,0.025,15,0.5,15,0.5,15,1.1001147734512013,0.16991849936816467,0.4027805752194514,0.1813545621862471,0.2789178615242407,0.3205171642649547,0.21073507962337448,0.09331500672977758,0.19077047488111049,0.21014087651427565
7.625418060200681,82.93210550390938,17.0678944960906,279.91616925280283,11.212365974959106,8.871464772238202,279.87149035124014,10.884455185383882,9.244054463376035,1,2.5,9,1,10,0.25,8,0.025,15,0.025,15,0.75,15,0.75,15,0.025,15,0.025,15,0.5,15,0.5,15,1.1005710197376617,0.17021667394874726,0.40499471906382023,0.18252022699417597,0.27872602886591974,0.3208132562033042,0.21050441875945067,0.09326163140248694,0.19064580302235432,0.2102508070467325
7.725752508361216,82.83875196789921,17.161248032100772,279.90762649218914,11.230493408705499,8.861880099105534,279.871481977276,10.894230816010497,9.234287206713581,1,2.5,9,1,10,0.25,8,0.025,15,0.025,15,0.75,15,0.75,15,0.025,15,0.025,15,0.5,15,0.5,15,1.1010270294632087,0.17051268691249352,0.4072092218710649,0.18368819822285926,0.2785367308328019,0.3211098596312985,0.21027699082754372,0.09320934067268427,0.19052112257206028,0.21036019361645902
7.826086956521752,82.74538220468717,17.25461779531281,279.8988913247959,11.248677078702983,8.852431596501301,279.8715071983606,10.903965541608715,9.224527260030746,1,2.5,9,1,10,0.25,8,0.025,15,0.025,15,0.75,15,0.75,15,0.025,15,0.025,15,0.5,15,0.5,15,1.1014827939491039,0.17080656234000918,0.40942408849394246,0.18485848173791697,0.27834997327273914,0.32140697162495274,0.21005279526859819,0.09315813917819918,0.19039643500599396,0.2104690404273049
7.926421404682287,82.65199600142158,17.3480039985784,279.88996377046,11.266916987900009,8.843119241640172,279.87156563278717,10.913659636142908,9.214774731069978,1,2.5,9,1,10,0.25,8,0.025,15,0.025,15,0.75,15,0.75,15,0.025,15,0.025,15,0.5,15,0.5,15,1.101938304473739,0.17109832395039204,0.41163932374716317,0.18603108336598775,0.27816576195480575,0.321704589267847,0.2098318315233367,0.09310803151716869,0.1902717418065942,0.2105773516628495
8.026755852842822,82.55859314684503,17.441406853154962,279.88084384865965,11.285213139620987,8.83394301171951,279.87165689906413,10.92331337320078,9.20502972773513,1,2.5,9,1,10,0.25,8,0.025,15,0.025,15,0.75,15,0.75,15,0.025,15,0.025,15,0.5,15,0.5,15,1.1023935522725357,0.1713879951079835,0.41385493240738663,0.18720600889479613,0.27798410256883616,0.3220027096511413,0.20961409903225722,0.09305902224845,0.19014704446298664,0.21068513148657098
8.127090301003356,82.46517343129433,17.534826568705654,279.8715315785145,11.30356553756628,8.82490288391937,279.8717806159152,10.932927025993356,9.195292358091459,1,2.5,9,1,10,0.25,8,0.025,15,0.025,15,0.75,15,0.75,15,0.025,15,0.025,15,0.5,15,0.5,15,1.1028485285378382,0.1716755988289691,0.4160709192132181,0.18838326407321898,0.27780500072496855,0.3223013298735888,0.20939959723563098,0.0930111158920298,0.19002234447099672,0.21079238404201253
8.227424749163891,82.37173664670063,17.628263353299356,279.8620269787855,11.321974185812207,8.8159988354025,279.87193640227946,10.942500867354985,9.185562730365623,1,2.5,9,1,10,0.25,8,0.025,15,0.025,15,0.75,15,0.75,15,0.025,15,0.025,15,0.5,15,0.5,15,1.1033032244188152,0.17196115778783264,0.41828728886520467,0.1895628546113515,0.2776284619531948,0.3226004470415499,0.20918832557350012,0.09296431692943032,0.189897643333163,0.21089911345294765
8.327759197324426,82.2782825865893,17.721717413410687,279.8523300678748,11.340439088811038,8.807230843314349,279.872123877311,10.95203516974334,9.175840952945686,1,2.5,9,1,10,0.25,8,0.025,15,0.025,15,0.75,15,0.75,15,0.025,15,0.025,15,0.5,15,0.5,15,1.103757631021354,0.1722446943236672,0.4205040460258315,0.1907447861805721,0.27745449170291575,0.32290005826900564,0.20898028348567554,0.092918629804112,0.18977294255875024,0.21100532382354298
8.42809364548496,82.18481159508124,17.815188404918743,279.8424407432909,11.35896037370848,8.798598883000738,279.87234273851453,10.961530075277867,9.16612718620765,1,2.5,9,1,10,0.25,8,0.025,15,0.025,15,0.75,15,0.75,15,0.025,15,0.025,15,0.5,15,0.5,15,1.1042117370578894,0.17252622879874366,0.4227211822834804,0.19192905967515614,0.2772830953071007,0.3232001626581139,0.20877547037240823,0.09287405826685138,0.18964824432934044,0.21111101779236224
8.528428093645495,82.09132341972925,17.90867658027074,279.83235903351243,11.377538034755618,8.7901029317321,279.8725925984781,10.970985867300492,9.156421534221499,1,2.5,9,1,10,0.25,8,0.025,15,0.025,15,0.75,15,0.75,15,0.025,15,0.025,15,0.5,15,0.5,15,1.104665533755198,0.17280578308183503,0.4249387033917594,0.19311568111066066,0.27711427805575645,0.323500757152667,0.20857388567655266,0.09283060674794225,0.18952355010964556,0.21121619955740348
8.62876254180603,81.99781763489426,18.002182365105725,279.822085005034,11.396172027637142,8.781742967329007,279.87287304512904,10.980402870152462,9.146724084718551,1,2.5,9,1,10,0.25,8,0.025,15,0.025,15,0.75,15,0.75,15,0.025,15,0.025,15,0.5,15,0.5,15,1.1051190130456272,0.17308337923650788,0.42715661921652903,0.19430465797354962,0.27694804516830085,0.32380183807632784,0.2083755288532488,0.09278827984821275,0.18939886115870952,0.2113208737568746
8.729096989966564,81.90429407325848,18.09570592674151,279.8116186676264,11.41486236561247,8.773518966761264,279.8731837031481,10.989781347025016,9.13703494982694,1,2.5,9,1,10,0.25,8,0.025,15,0.025,15,0.75,15,0.75,15,0.025,15,0.025,15,0.5,15,0.5,15,1.1055721657191275,0.173359038241211,0.4293749334895971,0.1954959954961351,0.27678440176529656,0.32410340268721094,0.20818039933900698,0.09274708182541135,0.1892741790534726,0.21142504433349124
8.829431438127099,81.81075257066419,18.189247429335797,279.80096003035806,11.433609062665841,8.765430906976288,279.873524197654,10.999121560362045,9.127354241984017,1,2.5,9,1,10,0.25,8,0.025,15,0.025,15,0.75,15,0.75,15,0.025,15,0.025,15,0.5,15,0.5,15,1.1060249825149682,0.17363278076636496,0.4315936498675059,0.1966896988584647,0.2766233528844794,0.32440544825605316,0.20798849656998217,0.09270701689953958,0.1891495053796969,0.21152871520727023
8.929765886287633,81.71719296611379,18.282807033886204,279.79010910159474,11.452412133506318,8.757478764899108,279.8738941542036,11.008423771860103,9.11768207393635,1,2.5,9,1,10,0.25,8,0.025,15,0.025,15,0.75,15,0.75,15,0.025,15,0.025,15,0.5,15,0.5,15,1.1064774541216322,0.17390462717998817,0.43381277193152884,0.1978857731883514,0.27646490348035146,0.32470797206618335,0.20779981998197167,0.09266808925324249,0.18902484173198603,0.21163189027569412
9.030100334448168,81.62361510176974,18.37638489823024,279.77906588900004,11.471271593567781,8.749662517432363,279.8742931987919,11.017688242468394,9.108018558739737,1,2.5,9,1,10,0.25,8,0.025,15,0.025,15,0.75,15,0.75,15,0.025,15,0.025,15,0.5,15,0.5,15,1.1069295711767113,0.17417459755320022,0.43603230318766656,0.19908422356140104,0.2763090584237798,0.32501097141349183,0.20761436901041272,0.09263030303219498,0.188900189713805,0.21173457341387344
9.130434782608702,81.53001882295467,18.469981177045312,279.76783039953494,11.49018745900894,8.741982141456305,279.8747209578521,11.02691523238878,9.098363809759183,1,2.5,9,1,10,0.25,8,0.025,15,0.025,15,0.75,15,0.75,15,0.025,15,0.025,15,0.5,15,0.5,15,1.107381324266807,0.1744427116656058,0.43825224706664334,0.20028505500103871,0.2761558225016027,0.32531444360639916,0.20743214309038063,0.09259366234548551,0.1887755509374996,0.21183676847470786
9.230769230769237,81.43640397815125,18.563596021848742,279.75640263945803,11.509159746713317,8.734437613828794,279.87517705825536,11.036105001075775,9.088717940668923,1,2.5,9,1,10,0.25,8,0.025,15,0.025,15,0.75,15,0.75,15,0.025,15,0.025,15,0.5,15,0.5,15,1.1078327039274294,0.1747089890105622,0.4404726069239039,0.20148827247853277,0.2760052004162414,0.32561838596582426,0.207253141656586,0.09255817126599528,0.18865092702431588,0.21193847928904455
9.331103678929772,81.34277041900225,18.657229580997743,279.7447826143256,11.528188474289266,8.727028911385307,279.8756611273111,11.04525780723656,9.079081065452407,1,2.5,9,1,10,0.25,8,0.025,15,0.025,15,0.75,15,0.75,15,0.025,15,0.025,15,0.5,15,0.5,15,1.1082837006428996,0.1749734488003332,0.44269338603960967,0.20269388091301757,0.27585719678531945,0.3259227958251527,0.2070773641433729,0.09252383383077474,0.18852631960441937,0.21203970966583566
9.431438127090306,81.24911800031055,18.750881999689433,279.73297032899126,11.547273660069953,8.719756010938928,279.8761727927668,11.054373908830959,9.069453298402305,1,2.5,9,1,10,0.25,8,0.025,15,0.025,15,0.75,15,0.75,15,0.025,15,0.025,15,0.5,15,0.5,15,1.108734304846251,0.1752361099711322,0.44491458761863495,0.20390188517151392,0.2757118161412876,0.326227670530204,0.20690480998471622,0.09249065404141601,0.1884017303169142,0.21214046339229342
9.53177257525084,81.15544658003915,18.84455341996083,279.7209657876064,11.566415323113372,8.712618889280355,279.8767116828081,11.06345356307146,9.059834754120512,1,2.5,9,1,10,0.25,8,0.025,15,0.025,15,0.75,15,0.75,15,0.025,15,0.025,15,0.5,15,0.5,15,1.1091845069191366,0.17549699118805762,0.447136214790564,0.20511229006894843,0.2755690629310568,0.32653300743919894,0.20673547861421984,0.09245863586442257,0.18827716080986207,0.2122407442340439
9.632107023411375,81.06175603453867,18.93824396546131,279.7087689917809,11.585613483648846,8.705617524570421,279.8772774295758,11.072497022756599,9.05022554766759,1,2.5,9,1,10,0.25,8,0.025,15,0.025,15,0.75,15,0.75,15,0.025,15,0.025,15,0.5,15,0.5,15,1.1096342972054347,0.17575611080795442,0.4493582702482242,0.20632510020675854,0.2754289415435143,0.3268388039298332,0.20656936949828833,0.09242778322875056,0.18815261274223868,0.21234055589482473
9.73244147157191,80.9680463371559,19.031953662844085,279.6963799310895,11.60486816538201,8.698751903528699,279.8778696873227,11.081504517343008,9.040625795334304,1,2.5,9,1,10,0.25,8,0.025,15,0.025,15,0.75,15,0.75,15,0.025,15,0.025,15,0.5,15,0.5,15,1.1100836660824147,0.1760134866704423,0.45158075438171963,0.20754031913823767,0.2752914564532448,0.3271450574358272,0.20640648230737865,0.09239810001192697,0.18802808779397223,0.21243990180808617
9.832775919732445,80.87431727050021,19.12568272949978,279.68379861782154,11.624179387057794,8.692021995120825,279.87848806595434,11.090476322228094,9.031035611817577,1,2.5,9,1,10,0.25,8,0.025,15,0.025,15,0.75,15,0.75,15,0.025,15,0.025,15,0.5,15,0.5,15,1.1105326037013672,0.1762691368934668,0.45380367210848294,0.2087579524194933,0.27515661169330147,0.3274517653126726,0.20624681628914907,0.09236959009353667,0.1879035876293331,0.21253878590134115
9.93311036789298,80.7805687100369,19.21943128996308,279.6710250527316,11.643547170776042,8.685427776492558,279.8791321965318,11.099412690464272,9.021455113003904,1,2.5,9,1,10,0.25,8,0.025,15,0.025,15,0.75,15,0.75,15,0.025,15,0.025,15,0.5,15,0.5,15,1.110981100242322,0.17652307909396028,0.45602702614149426,0.2099780046044598,0.2750244113739224,0.32775892497003717,0.20609037088628718,0.09234225730272315,0.1877791139330311,0.21263721184269357
10.033444816053514,80.68680053462961,19.313199465370385,279.65805923584276,11.662971539368403,8.678969224789046,279.8798017106094,11.10831387429926,9.011884415091332,1,2.5,9,1,10,0.25,8,0.025,15,0.025,15,0.75,15,0.75,15,0.025,15,0.025,15,0.5,15,0.5,15,1.1114291458337597,0.17677533064056658,0.45825081911277304,0.21120048019232857,0.2748948595185218,0.3280665338299164,0.20593714554161724,0.09231610543533046,0.18765466839885783,0.21273518327880536
10.133779264214049,80.59301262654019,19.406987373459796,279.644901166447,11.682452516398335,8.672646317154832,279.8804962402345,11.117180125176077,9.002323634589466,1,2.5,9,1,10,0.25,8,0.025,15,0.025,15,0.75,15,0.75,15,0.025,15,0.025,15,0.5,15,0.5,15,1.1118767305525312,0.1770259086579962,0.46047505357337426,0.21242538362754437,0.27476796006336335,0.32837458932659785,0.2057871396980974,0.092291138254254,0.18753025272970494,0.21283270383504174
10.234113712374583,80.49920487142886,19.500795128571134,279.63155084310523,11.701990126161096,8.666459030733852,279.8812154179475,11.126011693733048,8.992772888319468,1,2.5,9,1,10,0.25,8,0.025,15,0.025,15,0.75,15,0.75,15,0.025,15,0.025,15,0.5,15,0.5,15,1.1123238444237802,0.17727483003129027,0.46269973199338593,0.21365271929980068,0.2746437168572421,0.32868308890662473,0.2056403527988179,0.09226735948978831,0.18740586863758188,0.2129297771156148
10.334448160535118,80.40537715835407,19.59462284164592,279.61800826364697,11.72158439368376,8.660407342669439,279.88195887678216,11.134808829803797,8.983232293414058,1,2.5,9,1,10,0.25,8,0.025,15,0.025,15,0.75,15,0.75,15,0.025,15,0.025,15,0.5,15,0.5,15,1.1127704774208627,0.17752211140999571,0.4649248567619255,0.21488249154403258,0.27452213366117223,0.3289920300287588,0.20549678428699883,0.0922447728399715,0.18728151784363337,0.21302640670372547
10.434782608695652,80.31152937977261,19.688470620227385,279.6042734251707,11.741235344725196,8.654491230104314,279.88272625026525,11.14357178241725,8.973701967317519,1,2.5,9,1,10,0.25,8,0.025,15,0.025,15,0.75,15,0.75,15,0.025,15,0.025,15,0.5,15,0.5,15,1.1132166194652737,0.1777677692122536,0.46715043018713703,0.21611470464040836,0.2744032141480818,0.32930141016394354,0.20535643360598752,0.09222338197092644,0.1871572020781572,0.21312259616170376
10.535117056856187,80.21766143153951,19.782338568460474,279.5903463240435,11.760943005776086,8.648710670180595,279.8835171724167,11.152300799797635,8.964182027785682,1,2.5,9,1,10,0.25,8,0.025,15,0.025,15,0.75,15,0.75,15,0.025,15,0.025,15,0.5,15,0.5,15,1.1136622604265745,0.17801181962880283,0.46937645449618803,0.21734936281431919,0.2742869619025159,0.3296112267952666,0.2052193001992567,0.0922031905171989,0.18703292308062106,0.21321834903114778
10.635451505016722,80.12377321290815,19.876226787091834,279.57622695590146,11.780707404058921,8.643065640039795,279.8843312777496,11.160996129364484,8.954672592885945,1,2.5,9,1,10,0.25,8,0.025,15,0.025,15,0.75,15,0.75,15,0.025,15,0.025,15,0.5,15,0.5,15,1.1141073901223184,0.17825427862690135,0.4716029318352661,0.21858647023636688,0.2741733804203462,0.32992147741792155,0.2050853835104024,0.0921842020820928,0.18690868259968,0.21331366883306085
10.735785953177256,80.02986462653016,19.970135373469827,279.5619153156494,11.80052856752799,8.637556116822816,279.8851682012701,11.169658017732631,8.945173780997258,1,2.5,9,1,10,0.25,8,0.025,15,0.025,15,0.75,15,0.75,15,0.025,15,0.025,15,0.5,15,0.5,15,1.114551998317983,0.17849516195416645,0.4738298642695766,0.21982603102235052,0.2740624731084873,0.33023215953917023,0.2049546829831412,0.09216642023800176,0.186784482393193,0.21340855906798709
10.83612040133779,79.93593557845547,20.06406442154452,279.54741139746085,11.820406524869396,8.632182077669958,279.8860275784777,11.17828671071221,8.935685710810132,1,2.5,9,1,10,0.25,8,0.025,15,0.025,15,0.75,15,0.75,15,0.025,15,0.025,15,0.5,15,0.5,15,1.1149960747269014,0.17873448514233672,0.47605725378333896,0.2210680492332504,0.2739542432846215,0.33054327067830364,0.20482719806130864,0.09214984852673827,0.1866603242282398,0.21350302321614562
10.936454849498325,79.84198565039988,20.15801434960011,279.53271529466707,11.840341175166154,8.626943530166923,279.8869090126363,11.186882537741784,8.92620844962187,1,2.5,9,1,10,0.25,8,0.025,15,0.025,15,0.75,15,0.75,15,0.025,15,0.025,15,0.5,15,0.5,15,1.1154396117178418,0.17897226433765195,0.47828511006452934,0.222312531121992,0.27384869479050555,0.3308548063312628,0.20470292891007189,0.09213449118333959,0.1865362092037391,0.2135970656609987
11.03678929765886,79.74801476666336,20.25198523333663,279.5178269964885,11.860332553122868,8.621840450388781,279.88781214137555,11.19544574007136,8.916742118553055,1,2.5,9,1,10,0.25,8,0.025,15,0.025,15,0.75,15,0.75,15,0.025,15,0.025,15,0.5,15,0.5,15,1.1158825988098928,0.17920851460590279,0.48051343466338975,0.22355948055860927,0.273745830743902,0.3311667641213907,0.204581874948295,0.09212035166309894,0.1864121391273443,0.2136906898084503
11.137123745819395,79.65402302381398,20.345976976186,279.5027464399447,11.880380761333253,8.616872798722163,279.88873661968177,11.203976514640614,8.9072868656776,1,2.5,9,1,10,0.25,8,0.025,15,0.025,15,0.75,15,0.75,15,0.025,15,0.025,15,0.5,15,0.5,15,1.116325024072699,0.17944325038857406,0.4827422250379182,0.22480890020177344,0.2736456538560557,0.3314791427291521,0.2044640352233344,0.0921074330193628,0.1862881161656472,0.21378389856937854
11.23745819397993,79.56001033194936,20.439989668050625,279.4874736191939,11.900485827614519,8.612040553191706,279.88968208407357,11.212475106500076,8.897842809426301,1,2.5,9,1,10,0.25,8,0.025,15,0.025,15,0.75,15,0.75,15,0.025,15,0.025,15,0.5,15,0.5,15,1.1167668770913814,0.1796764864072088,0.4849714830751255,0.2260607939574099,0.27354816710327456,0.3317919396663318,0.2043494092004854,0.09209573869550951,0.18616414210232862,0.2138766953701302
11.337792642140464,79.46597660457456,20.53402339542542,279.4720085276602,11.920647780519328,8.60734369182059,279.8906481715638,11.22094175989322,8.888410068542958,1,2.5,9,1,10,0.25,8,0.025,15,0.025,15,0.75,15,0.75,15,0.025,15,0.025,15,0.5,15,0.5,15,1.11720814739871,0.17990823718464322,0.48720121058080673,0.22731516567641818,0.27345337337136033,0.3321051524569601,0.20423799634513098,0.09208527210589446,0.18604021873032706,0.21396908361728717
11.438127090300998,79.37192175860211,20.62807824139787,279.4563511580338,11.940866649335792,8.602782192630539,279.89163451965914,11.229376718256457,8.878988762084376,1,2.5,9,1,10,0.25,8,0.025,15,0.025,15,0.75,15,0.75,15,0.025,15,0.025,15,0.5,15,0.5,15,1.1176488244750427,0.18013851704834719,0.48943140927953793,0.22857201915465283,0.2733612754553753,0.332418778637273,0.20412979612273963,0.09207603663616348,0.18591634785185385,0.2140610666977928
11.538461538461533,79.27784571435201,20.722154285647974,279.4405015022708,11.961142464087482,8.598356033641815,279.89264076636044,11.237780224219138,8.86957900942036,1,2.5,9,1,10,0.25,8,0.025,15,0.025,15,0.75,15,0.75,15,0.025,15,0.025,15,0.5,15,0.5,15,1.1180888977482712,0.1803673401336971,0.4916620808146736,0.229831358132903,0.27327187605941705,0.3327328157556708,0.20402480799886316,0.09206803564356311,0.1857925312784087,0.21415264797907627
11.638795986622068,79.18374839555169,20.816251604448293,279.4244595515935,11.981475255533411,8.594065192873227,279.89366655016266,11.246152519603555,8.860180930233724,1,2.5,9,1,10,0.25,8,0.025,15,0.025,15,0.75,15,0.75,15,0.025,15,0.025,15,0.5,15,0.5,15,1.1185283565937687,0.18059472038718372,0.49389322674834424,0.23109318629687003,0.2731851777963998,0.3330472613726772,0.20392303143913448,0.09206127245724811,0.18566877083079467,0.2142438308091762
11.739130434782602,79.08962972933607,20.91037027066392,279.40822529648995,12.001865055168055,8.589909648342118,279.8947115100547,11.254493845424939,8.850794644520285,1,2.5,9,1,10,0.25,8,0.025,15,0.025,15,0.75,15,0.75,15,0.025,15,0.025,15,0.5,15,0.5,15,1.1189671903343381,0.1808206715695561,0.4961248485614531,0.23235750727714347,0.2731011831878448,0.33336211306089797,0.20382446590926548,0.09205575037858624,0.18554506833913295,0.21433461851686253
11.839464882943137,78.9954896462475,21.004510353752476,279.3917987267144,12.022311895221337,8.585889378064381,279.8957752855196,11.262804441891461,8.841420272588861,1,2.5,9,1,10,0.25,8,0.025,15,0.025,15,0.75,15,0.75,15,0.025,15,0.025,15,0.5,15,0.5,15,1.1194053882401624,0.18104520725890313,0.4983569476536736,0.23362432464917504,0.2730198946636775,0.3336773684049785,0.2037291108750449,0.0920514726814603,0.1854214256428776,0.21442501441175693
11.939799331103671,78.90132808023584,21.098671919764143,279.3751798312871,12.042815808658634,8.582004360054444,279.89685751653445,11.271084548404236,8.83205793506128,1,2.5,9,1,10,0.25,8,0.025,15,0.025,15,0.75,15,0.75,15,0.025,15,0.025,15,0.5,15,0.5,15,1.1198429395287586,0.18126834085367388,0.500589525343447,0.23489364193325174,0.27294131456203213,0.33399302500156264,0.20363696580233612,0.09204844261256712,0.18529784459082993,0.21451502178445211
12.040133779264206,78.80714496865835,21.19285503134163,279.3583685984941,12.063376829180772,8.578254572325283,279.8979578435703,11.279334403557312,8.822707752872372,1,2.5,9,1,10,0.25,8,0.025,15,0.025,15,0.75,15,0.75,15,0.025,15,0.025,15,0.5,15,0.5,15,1.1202798333649355,0.1814900855756387,0.5028225828679798,0.23616546259446652,0.27286544512906546,0.3343090804592494,0.2035480301570751,0.0920466633917142,0.18517432704115241,0.21460464390662953
12.14046822742474,78.7129402522798,21.287059747720193,279.3413650158877,12.083994991224035,8.574639992888411,279.8990759075923,11.287554245137684,8.813369847269966,1,2.5,9,1,10,0.25,8,0.025,15,0.025,15,0.75,15,0.75,15,0.025,15,0.025,15,0.5,15,0.5,15,1.1207160588607479,0.18171045447279197,0.5050561213832406,0.23743979004268767,0.27279228851877674,0.33462553239855086,0.20346230340526816,0.09204613821211348,0.18505087486138289,0.21469388403117615
12.240802675585275,78.61871387527236,21.38128612472762,279.3241690702861,12.104670329960156,8.571160599753885,279.9002113500598,11.295744310125285,8.804044339814903,1,2.5,9,1,10,0.25,8,0.025,15,0.025,15,0.75,15,0.75,15,0.025,15,0.025,15,0.5,15,0.5,15,1.12115160507546,0.18192946042219788,0.5072901419639583,0.23871662763252616,0.2727218467928361,0.33494237845184893,0.2033797850129899,0.0920468702406723,0.18492748992844807,0.2147827453922993
12.34113712374581,78.52446578521574,21.475534214784247,279.30678074777353,12.12540288129632,8.567816370930302,279.901363812926,11.303904834692982,8.794731352381024,1,2.5,9,1,10,0.25,8,0.025,15,0.025,15,0.75,15,0.75,15,0.025,15,0.025,15,0.5,15,0.5,15,1.1215864610155066,0.18214711613278087,0.5095246456036191,0.23999597866330216,0.2726541219204211,0.33525961626335243,0.20330047444638094,0.09204886261828202,0.18480417412867697,0.2148712312056409
12.441471571906344,78.43019593309704,21.569804066902947,279.2892000337002,12.146192681875167,8.564607284424804,279.9025329386382,11.312036054206594,8.785431007155177,1,2.5,9,1,10,0.25,8,0.025,15,0.025,15,0.75,15,0.75,15,0.025,15,0.025,15,0.5,15,0.5,15,1.1220206156344599,0.1823634341480615,0.5117596332144639,0.24127784637900862,0.27258911577806066,0.33557724348905316,0.203224371171646,0.09205211846010371,0.18468092935781422,0.2149593446683899
12.541806020066879,78.33590427331086,21.66409572668913,279.2714269126823,12.167039769074789,8.561533318243072,279.9037183701379,11.320138203224866,8.77614342663721,1,2.5,9,1,10,0.25,8,0.025,15,0.025,15,0.75,15,0.75,15,0.025,15,0.025,15,0.5,15,0.5,15,1.1224540578329947,0.18257842684883946,0.5139951056274868,0.24256223396827478,0.2725268301494868,0.33589525779668206,0.20315147465505154,0.09205664085585154,0.18455775752103265,0.21504708895939367
12.642140468227414,78.24159076365923,21.758409236340757,279.2534613686021,12.18794418100873,8.55859445038933,279.9049197508605,11.328211515499497,8.76686873363998,1,2.5,9,1,10,0.25,8,0.025,15,0.025,15,0.75,15,0.75,15,0.025,15,0.025,15,0.5,15,0.5,15,1.1228867764588608,0.18279210645582444,0.5162310635924318,0.2438491445643269,0.2724672667254951,0.3362136568656659,0.20308178436292393,0.09206243287007328,0.1844346605329465,0.21513446723926813
12.742474916387948,78.14725536535167,21.852744634648317,279.2353033846078,12.208905956525983,8.555790658866345,279.9061367247355,11.336256223975116,8.757607051289343,1,2.5,9,1,10,0.25,8,0.025,15,0.025,15,0.75,15,0.75,15,0.025,15,0.025,15,0.5,15,0.5,15,1.1233187603068544,0.1830044850322165,0.5184675077777903,0.2451385812449474,0.2724104271038117,0.33653243838708197,0.20301529976164703,0.09206949754242849,0.18431164031762326,0.21522148265050664
12.842809364548483,78.05289804300514,21.947101956994842,279.2169529431137,12.229925135211,8.553121921675421,279.9073689361865,11.344272560789298,8.748358503024166,1,2.5,9,1,10,0.25,8,0.025,15,0.025,15,0.75,15,0.75,15,0.025,15,0.025,15,0.5,15,0.5,15,1.1237499981187935,0.1832155744862366,0.5207044387707993,0.246430547032433,0.27235631278896955,0.3368516000636142,0.2029520203176603,0.0920778378879641,0.18418869880859623,0.21530813831758755
12.943143812709017,77.95851876464407,22.041481235355914,279.19841002580006,12.25100175738368,8.55058821681641,279.9086160301311,11.352260757272553,8.739123212596315,1,2.5,9,1,10,0.25,8,0.025,15,0.025,15,0.75,15,0.75,15,0.025,15,0.025,15,0.5,15,0.5,15,1.124180478583496,0.18342538657360896,0.5229418570774398,0.24772504489355132,0.2723049251921919,0.337171139609508,0.20289194549745654,0.09208745689738744,0.18406583794887615,0.21539443734708072
13.043478260869552,77.86411701908759,22.135882980912392,279.1796747729784,12.272135645149989,8.54818958187175,279.9098775972282,11.360221179546782,8.729901223224973,1,2.5,9,1,10,0.25,8,0.025,15,0.025,15,0.75,15,0.75,15,0.025,15,0.025,15,0.5,15,0.5,15,1.1246101946714866,0.18363393396281869,0.5251797745878362,0.249022080725125,0.27225626684012016,0.3374910514387724,0.2028350761793975,0.09209835880484656,0.1839430586141848,0.21548038429133734
13.143812709030087,77.76969218720726,22.230307812792734,279.1607473609973,12.29332657083234,8.545926068170477,279.9111532159975,11.368154224213963,8.720692559788503,1,2.5,9,1,10,0.25,8,0.025,15,0.025,15,0.75,15,0.75,15,0.025,15,0.025,15,0.5,15,0.5,15,1.1250391403110012,0.18384122939186057,0.527418205756424,0.25032166105105574,0.27221034044578024,0.3378113292345031,0.2027814135676519,0.09211054811193228,0.18382036143775765,0.21556598401898283
13.244147157190621,77.67524506033766,22.324754939662323,279.14162750084233,12.31457494583468,8.543797553323097,279.91244262508417,11.376059891732265,8.711497483183557,1,2.5,9,1,10,0.25,8,0.025,15,0.025,15,0.75,15,0.75,15,0.025,15,0.025,15,0.5,15,0.5,15,1.1254672967369903,0.18404728236124468,0.5296571315290084,0.2516237836366079,0.2721671451039081,0.3381319763419727,0.20273095475028566,0.09212402560162657,0.18369775020244594,0.21565123711480044
13.344481605351156,77.5807756007217,22.419224399278292,279.12231517766764,12.33588080461225,8.541804017720187,279.91374546917973,11.383938415657932,8.702316115162287,1,2.5,9,1,10,0.25,8,0.025,15,0.025,15,0.75,15,0.75,15,0.025,15,0.025,15,0.5,15,0.5,15,1.1258946526047116,0.18425210407246773,0.53189655254772,0.25292845134396486,0.27212668190033373,0.3384529903970812,0.20268369925077093,0.09213879422057587,0.18357522684450753,0.21573614667213536
13.44481605351169,77.48628377348865,22.513716226511338,279.1028103760655,12.357244182119372,8.539945441815192,279.91506139341084,11.391790028886536,8.693148577702567,1,2.5,9,1,10,0.25,8,0.025,15,0.025,15,0.75,15,0.75,15,0.025,15,0.025,15,0.5,15,0.5,15,1.1263211965214017,0.1844557055865148,0.5341364693858018,0.25423566698265926,0.2720889518284075,0.3387743690443435,0.2026396465941471,0.09215485689377638,0.18345279330843392,0.21582071576838688
13.545150501672225,77.39176954665427,22.608230453345715,279.08311308006625,12.378665113809445,8.538221806124417,279.916390043339,11.399614963652983,8.683994993008001,1,2.5,9,1,10,0.25,8,0.025,15,0.025,15,0.75,15,0.75,15,0.025,15,0.025,15,0.5,15,0.5,15,1.1267469170462803,0.1846580978260576,0.5363768825476093,0.2555454333095273,0.27205395578892627,0.3390961099368703,0.20259879630701838,0.09217221652483522,0.18333045154695596,0.21590494746510477
13.64548494983276,77.29723289112076,22.702767108879232,279.06322327313814,12.40014363563495,8.536633091227044,279.91773106496055,11.407413451531498,8.674855483507915,1,2.5,9,1,10,0.25,8,0.025,15,0.025,15,0.75,15,0.75,15,0.025,15,0.025,15,0.5,15,0.5,15,1.1271718026905528,0.18485929157761158,0.5386177924686062,0.2568577530286618,0.2720216945900693,0.3394182107363504,0.20256114791755223,0.09219087599622967,0.1832082035210497,0.2159888448080841
13.745819397993294,77.20267378067673,22.79732621932325,279.04314093818755,12.421679784047454,8.535179277765113,279.91908410470694,11.415185723435645,8.665730171857358,1,2.5,9,1,10,0.25,8,0.025,15,0.025,15,0.75,15,0.75,15,0.025,15,0.025,15,0.5,15,0.5,15,1.1275958419174195,0.1850592974936527,0.5408591995153637,0.2581726287913651,0.27199216894734046,0.3397406691130322,0.20252670095547687,0.09221083816956402,0.18308605119994162,0.21607241082745923
13.846153846153829,77.1080921919973,22.89190780800269,279.022866057559,12.443273595997596,8.53386034644354,279.92044880944457,11.422932009618307,8.656619180937112,1,2.5,9,1,10,0.25,8,0.025,15,0.025,15,0.75,15,0.75,15,0.025,15,0.025,15,0.5,15,0.5,15,1.1280190231420837,0.18525812609469555,0.5431011039855578,0.2594900631960999,0.2719653794835189,0.34006348274570525,0.2024954549520795,0.0922321058858245,0.18296399656111376,0.21615564853779673
13.946488294314364,77.01348810464397,22.986511895356024,279.0023986130349,12.464925108935102,8.532676278030099,279.92182482647456,11.430652539671703,8.647522633853676,1,2.5,9,1,10,0.25,8,0.025,15,0.025,15,0.75,15,0.75,15,0.025,15,0.025,15,0.5,15,0.5,15,1.1284413347317659,0.18545578777133215,0.5453435061079677,0.26081005878844005,0.2719413267286177,0.34038664932168106,0.2024674094402039,0.09225468196563177,0.18284204159030862,0.21623856093818716
14.046822742474898,76.9188615010647,23.08113849893529,278.9817385858359,12.486634360808774,8.531627053355438,279.9232118035333,11.438347542527376,8.63844065393928,1,2.5,9,1,10,0.25,8,0.025,15,0.025,15,0.75,15,0.75,15,0.025,15,0.025,15,0.5,15,0.5,15,1.128862765005718,0.18565229278623394,0.5475864060424739,0.26213261806101984,0.27192001111985026,0.34071016653677433,0.2024425639542487,0.09227856920949168,0.18272018828153347,0.21632115101233607
14.147157190635433,76.82421236659391,23.17578763340607,278.96088595662053,12.508401390066497,8.53071265331307,279.9246093887919,11.4460172464562,8.62937336475188,1,2.5,9,1,10,0.25,8,0.025,15,0.025,15,0.75,15,0.75,15,0.025,15,0.025,15,0.5,15,0.5,15,1.1292833022352402,0.18584765127611652,0.5498298038800561,0.26345774345348255,0.27190143300160413,0.3410340320952833,0.20242091803016524,0.09230377039804337,0.18259843863706482,0.21640342172865332
14.247491638795967,76.72954068945248,23.270459310547512,278.9398407054855,12.530226235655237,8.529933058859376,279.9260172308564,11.45366187906838,8.620320890075153,1,2.5,9,1,10,0.25,8,0.025,15,0.025,15,0.75,15,0.75,15,0.025,15,0.025,15,0.5,15,0.5,15,1.1297029346437049,0.1860418732536685,0.5520736996427913,0.26478543735242777,0.2718855926254237,0.34135824370997064,0.20240247120545532,0.09233028829230601,0.18247679466745223,0.21648537604034246
14.347826086956502,76.63484646074767,23.365153539252315,278.91860281196546,12.552108937021039,8.529288251013602,279.927434978768,11.46128166731344,8.611283353918502,1,2.5,9,1,10,0.25,8,0.025,15,0.025,15,0.75,15,0.75,15,0.025,15,0.025,15,0.5,15,0.5,15,1.130121650406576,0.18623496860944502,0.5543180932838524,0.26611570209135843,0.27187249014999976,0.3416827991020436,0.2023872230191694,0.0923581256339228,0.182355258391522,0.21656701688548785
14.448160535117037,76.54012967447325,23.459870325526737,278.8971722550332,12.574049534109031,8.528778210857862,279.9288622820027,11.46887683748024,8.60226088051706,1,2.5,9,1,10,0.25,8,0.025,15,0.025,15,0.75,15,0.75,15,0.025,15,0.025,15,0.5,15,0.5,15,1.1305394376514377,0.18642694711372707,0.5565629846875059,0.26744853995062584,0.2718621256411672,0.34200769600113406,0.20237517301190433,0.0923872851454033,0.1822338318363806,0.21664834718714202
14.548494983277571,76.4453903275094,23.554609672490585,278.87554901309954,12.59604806736342,8.528402919537136,279.93029879047134,11.476447615196971,8.59325359433168,1,2.5,9,1,10,0.25,8,0.025,15,0.025,15,0.75,15,0.75,15,0.025,15,0.025,15,0.5,15,0.5,15,1.1309562844580223,0.18661781841834643,0.5588083736691097,0.2687839531573747,0.27185449907191084,0.3423329321452785,0.20236632072580146,0.09241776953036371,0.18211251703741752,0.21672936985341099
14.648829431438106,76.35062841962275,23.64937158037723,278.85373306401334,12.618104577727491,8.528162358259276,279.9317441545199,11.483994225431147,8.584261620048943,1,2.5,9,1,10,0.25,8,0.025,15,0.025,15,0.75,15,0.75,15,0.025,15,0.025,15,0.5,15,0.5,15,1.1313721788582418,0.18680759205847836,0.561054259975113,0.2701219438854867,0.2718496103223793,0.3426585052808976,0.20236066570454458,0.09244958147376506,0.1819913160383083,0.2168100877775394
14.74916387959864,76.25584395346638,23.7441560465336,278.8317243850615,12.640219106643613,8.528056508294997,279.9331980249292,11.49151689248961,8.575285082581157,1,2.5,9,1,10,0.25,8,0.025,15,0.025,15,0.75,15,0.75,15,0.025,15,0.025,15,0.5,15,0.5,15,1.1317871088362232,0.18699627745440106,0.5633006432830525,0.2714625142555236,0.2718474591799061,0.34298441316277606,0.20235820749335792,0.09248272364214936,0.18187023089101678,0.21689050383799416
14.849498327759175,76.16103693457981,23.83896306542017,278.80952295296896,12.662391696053236,8.52808535097788,279.9346600529151,11.499015840018538,8.566324107066352,1,2.5,9,1,10,0.25,8,0.025,15,0.025,15,0.75,15,0.75,15,0.025,15,0.025,15,0.5,15,0.5,15,1.1322010623283454,0.1871838839132242,0.5655475232015519,0.2728056663346685,0.2718480453390388,0.34331065355404156,0.20235894563900395,0.09251719868387394,0.18174926365579738,0.21697062089854757
14.94983277591971,76.06620737138901,23.933792628610977,278.78712874389885,12.684622388396887,8.528248867704377,279.93612989012826,11.506491291003428,8.557378818868287,1,2.5,9,1,10,0.25,8,0.025,15,0.025,15,0.75,15,0.75,15,0.025,15,0.025,15,0.5,15,0.5,15,1.1326140272232796,0.18737042063058595,0.5677948992703202,0.27415140213666733,0.2718513684015767,0.3436372242261439,0.20236287968978153,0.09255300922934362,0.1816284164011968,0.217050441808359
15.050167224080244,75.97135527520636,24.028644724793615,278.7645417334521,12.706911226614178,8.528547039933803,279.9376071886544,11.513943467769112,8.548449343576443,1,2.5,9,1,10,0.25,8,0.025,15,0.025,15,0.75,15,0.75,15,0.025,15,0.025,15,0.5,15,0.5,15,1.133025991362033,0.18755589669231976,0.5700427709601497,0.2754997236217688,0.2718574278766152,0.34396412295883455,0.20237000919552373,0.09259015789124121,0.18150769120405572,0.21712996940205626
15.150501672240779,75.87648054544162,24.123519454558366,278.74176194094053,12.729258189254445,8.528979869805102,279.93909158661114,11.521372628011537,8.539535785377263,1,2.5,9,1,10,0.25,8,0.025,15,0.025,15,0.75,15,0.75,15,0.025,15,0.025,15,0.5,15,0.5,15,1.133436943736014,0.18774032129856816,0.5722911404007412,0.27685063325059717,0.2718662235995535,0.3442913465907442,0.20238033419627233,0.09262864765250411,0.18138708985675953,0.2172092068840134
15.250836120401313,75.78158200494809,24.21841799505189,278.71878980144027,12.751662645165922,8.52954755339392,279.9405825871093,11.52877936759819,8.530638045292461,1,2.5,9,1,10,0.25,8,0.025,15,0.025,15,0.75,15,0.75,15,0.025,15,0.025,15,0.5,15,0.5,15,1.1338468845638725,0.18792370561747754,0.5745400353046453,0.2782041386323134,0.27187775925265123,0.344618883061421,0.20239385932896597,0.09266848512508317,0.181266611404086,0.21728816105424076
15.351170568561848,75.68666074135248,24.31333925864751,278.6956248770866,12.774125242322043,8.530249880591505,279.94207997750203,11.536163571739838,8.521756450758057,1,2.5,9,1,10,0.25,8,0.025,15,0.025,15,0.75,15,0.75,15,0.025,15,0.025,15,0.5,15,0.5,15,1.134255790411522,0.18810605632580138,0.5767894295644662,0.27956023640644334,0.27189203017009367,0.3449467390297024,0.20241057960284756,0.09270966926349276,0.1811462606671837,0.21736683112749353
15.451505016722383,75.59171675954312,24.408283240456875,278.6722671481634,12.796646015500544,8.531086836336124,279.94358340936014,11.543525465759277,8.512891124880529,1,2.5,9,1,10,0.25,8,0.025,15,0.025,15,0.75,15,0.75,15,0.025,15,0.025,15,0.5,15,0.5,15,1.1346636491217363,0.18828738211275256,0.579039322802393,0.28091892840239197,0.2719090355559767,0.34527491217010353,0.20243049465036822,0.09275220267263094,0.18102603970875536,0.21744521993979737
15.551839464882917,75.496750066758,24.503249933241985,278.6487165946,12.819224999674788,8.53205840572532,279.9450925346219,11.550865274487126,8.504042190890935,1,2.5,9,1,10,0.25,8,0.025,15,0.025,15,0.75,15,0.75,15,0.025,15,0.025,15,0.5,15,0.5,15,1.135070448495874,0.18846769156598878,0.5812897145844496,0.28228021639816286,0.2719287745239112,0.3456034001618839,0.20245360410778832,0.09279608794264832,0.1809059505982912,0.2175233303147076
15.652173913043452,75.40176067258479,24.5982393274152,278.6249731959704,12.841862230013778,8.533164574015919,279.9466070055932,11.55818322226183,8.49520977214492,1,2.5,9,1,10,0.25,8,0.025,15,0.025,15,0.75,15,0.75,15,0.025,15,0.025,15,0.5,15,0.5,15,1.135476176293946,0.18864699317309463,0.5835406044204948,0.28364410212029884,0.27195124609710764,0.3459322006890617,0.20247990761517595,0.09284132764917169,0.18078599541206347,0.2176011650633811
15.752508361203986,75.30674858896076,24.693251411039224,278.6010369314939,12.864557741882145,8.534405326624022,279.94812647494757,11.565479532929665,8.486393992122698,1,2.5,9,1,10,0.25,8,0.025,15,0.025,15,0.75,15,0.75,15,0.025,15,0.025,15,0.5,15,0.5,15,1.135880820234693,0.18882529532303785,0.5857919917642199,0.2850105872438204,0.27197644920846625,0.34626131144042677,0.2025094048164044,0.09288792435352551,0.18066617623312078,0.2176787269846473
15.852842809364521,75.21171383017287,24.78828616982712,278.57690778003496,12.887311570840158,8.53578064912501,279.94965059572615,11.572754429844728,8.477594974429076,1,2.5,9,1,10,0.25,8,0.025,15,0.025,15,0.75,15,0.75,15,0.025,15,0.025,15,0.5,15,0.5,15,1.1362843679956582,0.1890026063076006,0.5880438760131476,0.28637967339216513,0.2720043827006758,0.34659073010955455,0.2025420953591505,0.09293588060295184,0.1805464951512827,0.2177560188650784
15.953177257525056,75.11665641285768,24.883343587142313,278.55258572010285,12.910123752643713,8.537290527253548,279.95117902133757,11.580008135868953,8.468812842793437,1,2.5,9,1,10,0.25,8,0.025,15,0.025,15,0.75,15,0.75,15,0.025,15,0.025,15,0.5,15,0.5,15,1.1366868072132699,0.1891789343227853,0.5902962565086313,0.28775136213712715,0.27203504532631917,0.3469204543948189,0.20257797889489254,0.09298519893082893,0.18042695426313293,0.21783304347905874
16.05351170568559,75.02157635600142,24.978423643998568,278.5280707298522,12.932994323244342,8.538934946903574,279.9527114055581,11.587240873372089,8.46004772106974,1,2.5,9,1,10,0.25,8,0.025,15,0.025,15,0.75,15,0.75,15,0.025,15,0.025,15,0.5,15,0.5,15,1.1370881254829233,0.18935428747019686,0.5925491325358521,0.289125654998795,0.272068435747987,0.3472504819994055,0.20261705507890815,0.09303588185688766,0.18030755567201326,0.2179098035888533
16.153846153846125,74.92647368093998,25.07352631906001,278.50336278708255,12.955923318789216,8.540713894128304,279.9542474025317,11.594452864231721,8.451299733236537,1,2.5,9,1,10,0.25,8,0.025,15,0.025,15,0.75,15,0.75,15,0.025,15,0.025,15,0.5,15,0.5,15,1.1374883103590632,0.18952867375840068,0.5948025033238195,0.2905025534454912,0.27210455253839794,0.3475808106313248,0.2026593235702725,0.09308793188742698,0.1801883014880166,0.2179863019446757
16.25418060200666,74.83134841135886,25.168651588641122,278.47846186923874,12.978910775621127,8.542627355140239,279.95578666676977,11.601644329833256,8.44256900339695,1,2.5,9,1,10,0.25,8,0.025,15,0.025,15,0.75,15,0.75,15,0.025,15,0.025,15,0.5,15,0.5,15,1.1378873493552768,0.18970210110425723,0.5970563680453683,0.29188205889370994,0.2721433941805266,0.3479114380034241,0.20270478403185616,0.09314135151552722,0.18006919382797973,0.2180625412847548
16.354515050167194,74.73620057329325,25.263799426706736,278.4533679534104,13.00195673027851,8.544675316311155,279.95732885315135,11.60881549106993,8.433855655778684,1,2.5,9,1,10,0.25,8,0.025,15,0.025,15,0.75,15,0.75,15,0.025,15,0.025,15,0.5,15,0.5,15,1.1382852299443806,0.18987457733423418,0.599310725817159,0.29326417270805577,0.2721849590677394,0.34824236183340085,0.20275343613032326,0.09319614322126225,0.17995023481547587,0.21813852433540146
16.45484949832773,74.64103019512795,25.35896980487204,278.42808101633256,13.025061219495427,8.54685776417211,279.9588736169231,11.615966568342806,8.425159814734032,1,2.5,9,1,10,0.25,8,0.025,15,0.025,15,0.75,15,0.75,15,0.025,15,0.025,15,0.5,15,0.5,15,1.1386819395585184,0.19004611018569578,0.6015655756996754,0.29464889620118123,0.2722292455039365,0.3485735798438142,0.20280527953612934,0.09325230947190984,0.1798314265808071,0.21821425381107346
16.555183946488263,74.54583730759741,25.45416269240257,278.4026010343851,13.048224280201579,8.549174685413433,279.96042061369934,11.623097781560773,8.41648160473986,1,2.5,9,1,10,0.25,8,0.025,15,0.025,15,0.75,15,0.75,15,0.025,15,0.025,15,0.5,15,0.5,15,1.1390774655892546,0.19021670730817006,0.6038209166972233,0.29603623063372536,0.272276251703702,0.34890508976209783,0.2028603139235195,0.09330985272216037,0.1797127712609958,0.21828973241444052
16.655518394648798,74.45062194378576,25.54937805621423,278.3769279835931,13.071445949522296,8.551626066884745,279.96196949946176,11.630209350140548,8.40782115039762,1,2.5,9,1,10,0.25,8,0.025,15,0.025,15,0.75,15,0.75,15,0.025,15,0.025,15,0.5,15,0.5,15,1.1394717953876772,0.19038637626459526,0.6060767477579301,0.2974261772142509,0.2723259757924615,0.34923688932057145,0.20291853897052634,0.09336877541432442,0.17959427099977648,0.21836496283644813
16.755852842809333,74.35538413912673,25.644615860873266,278.35106183962665,13.09472626477854,8.554211895594934,279.9635199305599,11.637301493006676,8.399178576433341,1,2.5,9,1,10,0.25,8,0.025,15,0.025,15,0.75,15,0.75,15,0.025,15,0.025,15,0.5,15,0.5,15,1.1398649162645,0.1905551245325442,0.6083330677737432,0.29881873709918183,0.27237841580664585,0.34956897625645256,0.2029799543589681,0.09342907997853836,0.17947592794758693,0.21843994775638065
16.856187290969867,74.26012393140371,25.73987606859628,278.325002577801,13.118065263486908,8.556932158712174,279.9650715637108,11.644374428591526,8.390554007697638,1,2.5,9,1,10,0.25,8,0.025,15,0.025,15,0.75,15,0.75,15,0.025,15,0.025,15,0.5,15,0.5,15,1.1402568154901693,0.19072295950542867,0.6105898755804288,0.3002139113927412,0.2724335696938637,0.3499013483118684,0.2030445597744466,0.0934907688329687,0.1793577442615591,0.2185146898419238
16.9565217391304,74.16484136074976,25.83515863925023,278.29875017307654,13.141462983359633,8.559786843563915,279.966624055999,11.651428374835294,8.381947569165701,1,2.5,9,1,10,0.25,8,0.025,15,0.025,15,0.75,15,0.75,15,0.025,15,0.025,15,0.5,15,0.5,15,1.140647480294974,0.19088988849368319,0.6128471699575707,0.30161170114688773,0.27249143531307946,0.350234003233867,0.20311235490634538,0.09355384438401493,0.17923972210550937,0.21858919174922647
17.056856187290936,74.06953646964756,25.93046353035243,278.27230460005865,13.164919462304574,8.562775937636887,279.9681770648766,11.65846354918601,8.373359385937308,1,2.5,9,1,10,0.25,8,0.025,15,0.025,15,0.75,15,0.75,15,0.025,15,0.025,15,0.5,15,0.5,15,1.1410368978691565,0.1910559187259289,0.6151049496285697,0.3030121073612535,0.27255201043480015,0.35056693877442824,0.20318333944782757,0.09361830902651073,0.17912186364992916,0.21866345612296156
17.15719063545147,73.97420930292944,26.02579069707054,278.24566583299776,13.188434738425231,8.5658994285771,279.9697302481636,11.66548016859952,8.364789583236812,1,2.5,9,1,10,0.25,8,0.025,15,0.025,15,0.75,15,0.75,15,0.025,15,0.025,15,0.5,15,0.5,15,1.1414250553630296,0.19122105735011793,0.6173632132606415,0.30441513098308054,0.27261529274126794,0.35090015269047575,0.20325751309583406,0.09368416514392383,0.1790041710719743,0.21873748559638623
17.257525083612006,73.8788599077774,26.121140092222586,278.2188338457895,13.21200885002073,8.56915730418984,279.9712832640473,11.672478449539508,8.356238286413149,1,2.5,9,1,10,0.25,8,0.025,15,0.025,15,0.75,15,0.75,15,0.025,15,0.025,15,0.5,15,0.5,15,1.1418119398870956,0.1913853114346589,0.6196219594648169,0.3058207729071573,0.27268127982666096,0.3512336427438866,0.20333487555108143,0.09375141510855439,0.17888664655545497,0.21881128279140158
17.35785953177254,73.78348770539132,26.216512294608663,278.19180893903086,13.23564130552023,8.572549755448993,279.9728356658817,11.679458859839935,8.347705474278346,1,2.5,9,1,10,0.25,8,0.025,15,0.025,15,0.75,15,0.75,15,0.025,15,0.025,15,0.5,15,0.5,15,1.1421975470076215,0.1915486890428885,0.6218812017379849,0.3072290348026931,0.27274997330742856,0.35156739922175734,0.20341543133131992,0.09382006464101321,0.17876929027297414,0.21888485297242657
17.458193979933075,73.68809312818725,26.311906871812738,278.16459088783336,13.259332464636255,8.576076647530448,279.9743871763019,11.68642146244539,8.339191361252684,1,2.5,9,1,10,0.25,8,0.025,15,0.025,15,0.75,15,0.75,15,0.025,15,0.025,15,0.5,15,0.5,15,1.1425818586222074,0.19171119642309936,0.6241409295296574,0.3086399169446934,0.27282136811009994,0.3519014244558587,0.20349917722977073,0.093890114058864,0.1786521056401565,0.21895819712828807
17.55852842809361,73.5926763388529,26.40732366114708,278.1371796085745,13.283082457749856,8.579737933675736,279.97593747275687,11.693366428868861,8.330696098374194,1,2.5,9,1,10,0.25,8,0.025,15,0.025,15,0.75,15,0.75,15,0.025,15,0.025,15,0.5,15,0.5,15,1.14296486026016,0.1918728402215599,0.6264011387032004,0.31005341992293234,0.27289546085526445,0.3522357175245803,0.20358611212764524,0.09396156512281831,0.17853509520778338,0.2190313173879502
17.658862876254144,73.49723738391789,26.502762616082087,278.1095750789618,13.306891315463623,8.583533605574656,279.97748621322165,11.700293977634198,8.322219809144098,1,2.5,9,1,10,0.25,8,0.025,15,0.025,15,0.75,15,0.75,15,0.025,15,0.025,15,0.5,15,0.5,15,1.1433465390131492,0.19203362721257053,0.6286618278839554,0.31146954443128727,0.27297224885159976,0.35257027609901137,0.20367623581773764,0.09403442021673256,0.17841826115285025,0.21910421636995986
17.75919732441468,73.40177631196772,26.59822368803226,278.08177727650093,13.330759068327977,8.587463655171186,279.9790330559895,11.707204326890814,8.313762617119638,1,2.5,9,1,10,0.25,8,0.025,15,0.025,15,0.75,15,0.75,15,0.025,15,0.025,15,0.5,15,0.5,15,1.1437268819379227,0.19219356409641883,0.6309229956480633,0.3128882911109892,0.27305172932259675,0.35290509785257396,0.20376954809885792,0.09410868171590255,0.17830160565791128,0.2191768966829509
17.859531772575213,73.30629317364381,26.69370682635617,278.05378617849544,13.354685746841172,8.59152807466349,279.9805776596722,11.714097694413697,8.305324645914075,1,2.5,9,1,10,0.25,8,0.025,15,0.025,15,0.75,15,0.75,15,0.025,15,0.025,15,0.5,15,0.5,15,1.14410587605645,0.19235265750039032,0.633184640522462,0.3143096605505579,0.2731338994067907,0.3532401804610621,0.20386604877583048,0.09418435198725787,0.17818513091106364,0.21924936092569738
17.959866220735748,73.21078802164348,26.789211978356498,278.02560176204685,13.378671381449301,8.595726856503912,279.98211968319987,11.720974297603401,8.296906019196687,1,2.5,9,1,10,0.25,8,0.025,15,0.025,15,0.75,15,0.75,15,0.025,15,0.025,15,0.5,15,0.5,15,1.1444835083560707,0.1925109139797629,0.6354467609848867,0.3157336532857385,0.27321875615800084,0.3535755216026797,0.20396573765949175,0.0942614333895545,0.17806883910593158,0.2193216116871654
18.060200668896282,73.11526091071997,26.88473908928001,277.99722400405483,13.402716002546288,8.600059993398983,279.98365878582115,11.727834353486054,8.288506860692774,1,2.5,9,1,10,0.25,8,0.025,15,0.025,15,0.75,15,0.75,15,0.025,15,0.025,15,0.5,15,0.5,15,1.144859765789645,0.19266834001878505,0.637709355463869,0.31716026979943723,0.27330629654557387,0.3539111189580798,0.20406861456668854,0.0943399282735665,0.1779527324416498,0.21939365154656496
18.160535117056817,73.01971189768243,26.98028810231756,277.96865288121677,13.42681964047389,8.604527478309414,279.98519462710294,11.73467807871335,8.280127294183652,1,2.5,9,1,10,0.25,8,0.025,15,0.025,15,0.75,15,0.75,15,0.025,15,0.025,15,0.5,15,0.5,15,1.1452346352757077,0.19282494203163827,0.639972422338735,0.31858951052165824,0.2733965174546362,0.35424697021040175,0.20417467932027591,0.0944198389822762,0.17783681312284694,0.21946548307340044
18.26086956521735,72.92414104139588,27.07585895860409,277.93988837002826,13.450982325521702,8.609129304450104,279.9867268669307,11.74150568956255,8.271767443506654,1,2.5,9,1,10,0.25,8,0.025,15,0.025,15,0.75,15,0.75,15,0.025,15,0.025,15,0.5,15,0.5,15,1.1456081036986256,0.1929807263633839,0.6422359599396066,0.3200213758294406,0.27348941568635154,0.3545830730453097,0.20428393174911536,0.09450116785106327,0.17772108335962816,0.21953710882752134
18.361204013377886,72.82854840278134,27.17145159721865,277.9109304467828,13.475204087927148,8.613865465290129,279.98825516550835,11.748317401936488,8.263427432555135,1,2.5,9,1,10,0.25,8,0.025,15,0.025,15,0.75,15,0.75,15,0.025,15,0.025,15,0.5,15,0.5,15,1.1459801579087578,0.19313569929089422,0.6444999665473987,0.32145586604679594,0.2735849879581848,0.35491942515103,0.20439637168807287,0.09458391720789261,0.17760554536755815,0.21960853135917155
18.46153846153842,72.73293404481562,27.267065955184357,277.88177908757183,13.499484957875492,8.618735954552754,279.98977918335794,11.755113431363569,8.25510738527847,1,2.5,9,1,10,0.25,8,0.025,15,0.025,15,0.75,15,0.75,15,0.025,15,0.025,15,0.5,15,0.5,15,1.1463507847226186,0.1932898670237694,0.6467644403938199,0.32289298144464584,0.27368323090417346,0.35525602421838864,0.20451199897801692,0.09466808937350087,0.17749020136764287,0.21967975320903865
18.561872909698955,72.63729803253155,27.36270196746844,277.8524342682848,13.523824965499829,8.623740766215422,279.99129858132017,11.761893992997765,8.246807425682045,1,2.5,9,1,10,0.25,8,0.025,15,0.025,15,0.75,15,0.75,15,0.025,15,0.025,15,0.5,15,0.5,15,1.1467199709230447,0.19344323570523883,0.6490293796613709,0.32433272224076043,0.2737841410752038,0.355592867940849,0.20463081346581655,0.09475368666158178,0.17737505358631175,0.21975077690830214
18.66220735785949,72.54164043301778,27.458359566982207,277.82289596460924,13.548224140881086,8.628879894509762,279.9928130205541,11.768659301618618,8.238527677827273,1,2.5,9,1,10,0.25,8,0.025,15,0.025,15,0.75,15,0.75,15,0.025,15,0.025,15,0.5,15,0.5,15,1.1470877032593658,0.1935958114130485,0.6512947824833448,0.32577508859969667,0.2738877149392947,0.35592995401454797,0.20475281500433962,0.09484071137897047,0.17726010425539895,0.21982160497868122
18.762541806020025,72.44596131541893,27.55403868458106,277.79316415203044,13.57268251404803,8.634153333921589,279.9943221625371,11.775409571631236,8.230268265831583,1,2.5,9,1,10,0.25,8,0.025,15,0.025,15,0.75,15,0.75,15,0.025,15,0.025,15,0.5,15,0.5,15,1.1474539684475755,0.19374760016033418,0.6535606469438251,0.3272200806327376,0.273993948881887,0.35626728013833386,0.20487800345245072,0.09492916582582639,0.17714535561212472,0.21989223993248228
18.86287625418056,72.35026075093549,27.649739249064492,277.7632388058319,13.597200114977257,8.639561079190894,279.99582566906525,11.782145017066306,8.222029313868422,1,2.5,9,1,10,0.25,8,0.025,15,0.025,15,0.75,15,0.75,15,0.025,15,0.025,15,0.5,15,0.5,15,1.1478187531705104,0.19389860789648036,0.6558269710776864,0.3286676983978314,0.2741028392061393,0.35660484401380194,0.20500637867500915,0.09501905229581502,0.177030809899076,0.21996268427264518
18.963210702341094,72.2545388128239,27.74546118717609,277.73311990109505,13.6217769735932,8.645103125311861,279.99732320225263,11.788865851580072,8.213810946167253,1,2.5,9,1,10,0.25,8,0.025,15,0.025,15,0.75,15,0.75,15,0.025,15,0.025,15,0.5,15,0.5,15,1.1481820440780282,0.194048840507966,0.658093752870593,0.3301179418995311,0.2742143821332299,0.35694264334533155,0.2051379405428674,0.09511037307628863,0.17691646936418695,0.2200329404927894
19.06354515050163,72.15879557639646,27.841204423603525,277.7028074126991,13.646413119768123,8.650779467532846,279.99881442453204,11.795572288454359,8.205613287013563,1,2.5,9,1,10,0.25,8,0.025,15,0.025,15,0.75,15,0.75,15,0.025,15,0.025,15,0.5,15,0.5,15,1.1485438277871904,0.1941983038191963,0.6603609902589985,0.3315708110889354,0.27432857380266484,0.35728067584012196,0.20527268893286876,0.0952031304484656,0.17680233626071903,0.22010301107725957
19.163879598662163,72.06303111902142,27.93696888097857,277.67230131532153,13.671108583322129,8.6565901013564,280.00029899865456,11.802264540596552,8.197436460748854,1,2.5,9,1,10,0.25,8,0.025,15,0.025,15,0.75,15,0.75,15,0.025,15,0.025,15,0.5,15,0.5,15,1.1489040908824502,0.194347003593322,0.6626286811301456,0.3330263058636283,0.27444541027259217,0.3576189392082285,0.2054106237278458,0.09529732668760885,0.17668841284724068,0.2201728985011701
19.264214046822698,71.9672455201229,28.032754479877077,277.6416015834377,13.695863394023153,8.662535022539247,280.0017765876897,11.808942820539611,8.189280591770649,1,2.5,9,1,10,0.25,8,0.025,15,0.025,15,0.75,15,0.75,15,0.025,15,0.025,15,0.5,15,0.5,15,1.1492628199158406,0.19449494553304483,0.6648968233220647,0.3344844260676206,0.27456488752012204,0.35795743116259826,0.20555174481661817,0.09539296406320281,0.17657470138760664,0.22024260523044972
19.364548494983232,71.87143886118099,28.128561138818995,277.61070819132084,13.720677581586962,8.668614227092302,280.0032468550254,11.815607340442067,8.181145804532486,1,2.5,9,1,10,0.25,8,0.025,15,0.025,15,0.75,15,0.75,15,0.025,15,0.025,15,0.5,15,0.5,15,1.149620001407168,0.1946421352814114,0.6671654146235739,0.3359451714912907,0.27468700144165276,0.358296149419105,0.20569605209399097,0.09549004483912972,0.17646120415093697,0.220312133721885
19.464882943143767,71.77561107420235,28.224388925797648,277.57962126125693,13.74555091720702,8.674827821536129,280.0047094131842,11.822258414091046,8.173032172724753,1,2.5,9,1,10,0.25,8,0.025,15,0.025,15,0.75,15,0.75,15,0.025,15,0.025,15,0.5,15,0.5,15,1.1499756249503834,0.19478857865354698,0.6694344563866215,0.3374085403720456,0.27481175006619124,0.3586350881775664,0.20584354807507305,0.09558857294998403,0.1763479227018167,0.2203814874865316
19.5652173913043,71.67976224658926,28.320237753410733,277.5483407653445,13.770483433582895,8.681175801072701,280.0061639268023,11.828896251677513,8.164939821520196,1,2.5,9,1,10,0.25,8,0.025,15,0.025,15,0.75,15,0.75,15,0.025,15,0.025,15,0.5,15,0.5,15,1.1503296769697446,0.19493428116912076,0.6717039462585757,0.33887453239945897,0.27493912909972984,0.3589742452200777,0.2059942326353971,0.09568855063040624,0.17623485932683017,0.22045066894874393
19.665551839464836,71.58389256675159,28.416107433248406,277.5168665786928,13.795475332148131,8.687658089159164,280.00761009425844,11.835520996407991,8.156868909333522,1,2.5,9,1,10,0.25,8,0.025,15,0.025,15,0.75,15,0.75,15,0.025,15,0.025,15,0.5,15,0.5,15,1.1506821418269804,0.19507924814133284,0.6739738794785978,0.34034314819366235,0.2750691327249169,0.3593136206214953,0.20614810394927285,0.09578997901477314,0.1761220167819373,0.2205196798301812
19.76588628762537,71.48800212082297,28.511997879177017,277.48519867825905,13.820526636320274,8.694274685420785,280.00904757900844,11.84213286134648,8.148819559645041,1,2.5,9,1,10,0.25,8,0.025,15,0.025,15,0.75,15,0.75,15,0.025,15,0.025,15,0.5,15,0.5,15,1.1510330059899807,0.19522348498654438,0.6762442537238059,0.34181438729096775,0.27520175656939666,0.35965321203317296,0.20630516199702006,0.09589286038634637,0.1760093973398701,0.2205885225760045
19.866220735785905,71.39209099688787,28.607909003112123,277.4533370409012,13.845637369285386,8.701025589813502,280.01047604479083,11.848732059253312,8.140791895955834,1,2.5,9,1,10,0.25,8,0.025,15,0.025,15,0.75,15,0.75,15,0.025,15,0.025,15,0.5,15,0.5,15,1.1513822558977347,0.19536699706530694,0.678515066624613,0.34328824917244133,0.2753369961831882,0.35999301710771303,0.2064654067667478,0.09599719702487312,0.17589700327797655,0.22065719962313252
19.96655518394644,71.29615928498148,28.703840715018504,277.4212816433781,13.870807553998043,8.707910802623934,280.0118951556271,11.85531880258516,8.132786041787735,1,2.5,9,1,10,0.25,8,0.025,15,0.025,15,0.75,15,0.75,15,0.025,15,0.025,15,0.5,15,0.5,15,1.151729877960546,0.19550978968308247,0.6807863157647283,0.3447647332638431,0.2754748470390365,0.3603330334990199,0.20662883825435271,0.0961029912067589,0.17578483687819604,0.22072571340028063
20.066889632106975,71.20020707708983,28.79979292291016,277.3890324623494,13.896037213181332,8.714930324469368,280.0133045758216,11.86189330349503,8.124802120683347,1,2.5,9,1,10,0.25,8,0.025,15,0.025,15,0.75,15,0.75,15,0.025,15,0.025,15,0.5,15,0.5,15,1.1520758585602544,0.19565186809095128,0.6830579986811552,0.34624383893556676,0.2756153045327691,0.36067325886235524,0.2067954564635171,0.09621024520523899,0.17567290042703412,0.22079406632799906
20.16722408026751,71.10423446714968,28.89576553285031,277.3565894743755,13.92132636932686,8.722084156297774,280.01470396996166,11.86845577383227,8.116840256206029,1,2.5,9,1,10,0.25,8,0.025,15,0.025,15,0.75,15,0.75,15,0.025,15,0.025,15,0.5,15,0.5,15,1.1524201840504593,0.19579323748631017,0.685330112864193,0.34772556550258066,0.27575836398365805,0.36101369085439206,0.2069652614057069,0.09631896129054913,0.17556119621553715,0.22086226081871066
20.267558528428044,71.00824155104861,28.991758448951384,277.3239526559176,13.946675044694743,8.729372299387794,280.0160930029175,11.87500642514256,8.108900571939904,1,2.5,9,1,10,0.25,8,0.025,15,0.025,15,0.75,15,0.75,15,0.025,15,0.025,15,0.5,15,0.5,15,1.1527628407567465,0.1959339030135591,0.6876026557574356,0.3492099122243697,0.27590402063478753,0.361354327133269,0.20713825310016998,0.0964291417300951,0.17544972653926633,0.22093029927674834
20.36789297658858,70.91222842662495,29.08777157337504,277.29112198333775,13.972083261313612,8.736794755348747,280.0174713398422,11.881545468667918,8.100983191489856,1,2.5,9,1,10,0.25,8,0.025,15,0.025,15,0.75,15,0.75,15,0.025,15,0.025,15,0.5,15,0.5,15,1.1531038149769193,0.19607386976477767,0.6898756247577713,0.3506968783048776,0.276052269653426,0.36169516535864327,0.20731443157393412,0.09654078878862127,0.17533849369827184,0.2209981840983917
20.468227424749113,70.81619519366785,29.183804806332144,277.25809743289886,13.997551040980614,8.74435152612063,280.01883864617173,11.888073115346698,8.093088238481533,1,2.5,9,1,10,0.25,8,0.025,15,0.025,15,0.75,15,0.75,15,0.025,15,0.025,15,0.5,15,0.5,15,1.1534430929812323,0.19621314278039093,0.6921490172153827,0.3521864628924498,0.2762031061314044,0.36203620319174523,0.20749379686180527,0.09665390472837826,0.17522749999706594,0.22106591767190326
20.568561872909648,70.7201419539172,29.27985804608279,277.2248789807646,14.02307840526141,8.75204261397411,280.02019458762504,11.89458957581359,8.08521583656134,1,2.5,9,1,10,0.25,8,0.025,15,0.025,15,0.75,15,0.75,15,0.025,15,0.025,15,0.5,15,0.5,15,1.1537806610126282,0.1963517270498257,0.694422830433747,0.3536786650797777,0.2763565250854992,0.3623774382954305,0.2076763490063653,0.09676849180928948,0.1751167477445962,0.22113350237756446
20.668896321070182,70.62406881106371,29.375931188936285,277.1914666029994,14.048665375490172,8.759868021510535,280.0215388302039,11.901095060399625,8.077366109396447,1,2.5,9,1,10,0.25,8,0.025,15,0.025,15,0.75,15,0.75,15,0.025,15,0.025,15,0.5,15,0.5,15,1.1541165052869802,0.19648962751215618,0.6966970616696352,0.3551734839038429,0.2765125214578199,0.3627188683342335,0.2078620880579706,0.09688455228911688,0.1750062392542183,0.2212009405877106
20.769230769230717,70.52797587074883,29.472024129251153,277.15786027556857,14.074311972769591,8.767827751661924,280.022871040193,11.907589779132163,8.069539180674786,1,2.5,9,1,10,0.25,8,0.025,15,0.025,15,0.75,15,0.75,15,0.025,15,0.025,15,0.5,15,0.5,15,1.1544506119933342,0.19662684905674008,0.6989717081331126,0.35667091834586284,0.27667109011620283,0.3630604909744202,0.20805101407474988,0.09700208842362558,0.17489597684366817,0.2212682346667657
20.86956521739125,70.43186324056485,29.56813675943514,277.12405997433825,14.100018217970867,8.77592180769098,280.02419088416,11.914073941734909,8.061735174105047,1,2.5,9,1,10,0.25,8,0.025,15,0.025,15,0.75,15,0.75,15,0.025,15,0.025,15,0.5,15,0.5,15,1.154782967294158,0.1967633965238453,0.7012467669875385,0.3581709673312368,0.2768322258546091,0.36340230388404,0.20824312712260235,0.09712110246674753,0.17478596283503411,0.22133538697127686
20.969899665551786,70.33573103005479,29.664268969945212,277.0900656750753,14.125784131733717,8.78415019319107,280.0254980289554,11.920547757627897,8.053954213416688,1,2.5,9,1,10,0.25,8,0.025,15,0.025,15,0.75,15,0.75,15,0.025,15,0.025,15,0.5,15,0.5,15,1.1551135573255926,0.1968992747052669,0.7035222353495658,0.3596736297294926,0.27699592339352735,0.36374430473297814,0.20843842727519588,0.0972415966707443,0.17467619955472835,0.22140239984994786
21.07023411371232,70.23957935071245,29.760420649287543,277.0558773534475,14.151609734466373,8.792512912086247,280.0267921417126,11.927011435927504,8.04619642235992,1,2.5,9,1,10,0.25,8,0.025,15,0.025,15,0.75,15,0.75,15,0.025,15,0.025,15,0.5,15,0.5,15,1.1554423681977057,0.19703448834493492,0.7057981102891412,0.3611789043542341,0.27716217738038235,0.36408649119300734,0.208636914613965,0.09736357328636897,0.1745666893334582,0.22146927564367258
21.170568561872855,70.14340831598246,29.856591684017534,277.0214949850233,14.177495046345578,8.801009968631233,280.0280728898478,11.93346518544644,8.03846192470572,1,2.5,9,1,10,0.25,8,0.025,15,0.025,15,0.75,15,0.75,15,0.025,15,0.025,15,0.5,15,0.5,15,1.1557693859947509,0.19716904213951283,0.7080743888295052,0.36268678996308973,0.2773309823899471,0.3644288609378399,0.20883858922810924,0.09748703456302683,0.1744574345061969,0.22153601668556774
21.27090301003339,70.04721804126018,29.952781958739806,276.9869185452721,14.203440087316594,8.80964136741143,280.0293399410604,11.93990921469375,8.03075084424583,1,2.5,9,1,10,0.25,8,0.025,15,0.025,15,0.75,15,0.75,15,0.025,15,0.025,15,0.5,15,0.5,15,1.156094596775429,0.19730294073898744,0.7103510679471927,0.36419728525766104,0.2775023329247612,0.36477141164317795,0.20904345121459117,0.09761198274893551,0.17434843741215436,0.22160262530100516
21.371237458193924,69.9510086438918,30.048991356108193,276.952148009564,14.22944487709319,8.818407113342914,280.0305929633324,11.946343731874823,8.02306330479275,1,2.5,9,1,10,0.25,8,0.025,15,0.025,15,0.75,15,0.75,15,0.025,15,0.025,15,0.5,15,0.5,15,1.156417986573154,0.1974361887472497,0.7126281445720313,0.3657103888834728,0.27767622341555226,0.3651141409867655,0.2092515006781343,0.09773842009128374,0.17423970039474668,0.2216691038076438
21.47157190635446,69.85478024317425,30.145219756825746,276.91718335317,14.255509435157656,8.827307211672437,280.0318316249289,11.952768944891375,8.01539943017974,1,2.5,9,1,10,0.25,8,0.025,15,0.025,15,0.75,15,0.75,15,0.025,15,0.025,15,0.5,15,0.5,15,1.156739541396322,0.1975687907226667,0.7149056155871433,0.3672260994299232,0.2778526482216635,0.3654570466484384,0.2094627377312216,0.09786634883638966,0.17413122580156634,0.22173545451546087
21.571906354514994,69.75853292914138,30.24146707085861,276.88202461780674,14.281633672701583,8.83634170949184,280.0330555692285,11.959185099471409,8.007759331300054,1,2.5,9,1,10,0.25,8,0.025,15,0.025,15,0.75,15,0.75,15,0.025,15,0.025,15,0.5,15,0.5,15,1.1570592480454067,0.19770075122133396,0.7171834785780467,0.36874441438159583,0.2780316024534859,0.36580012489234687,0.20967716347822885,0.09799577186409884,0.17402301580072152,0.22180168012025508
21.672240802675528,69.66226677628765,30.337733223712345,276.84667188237876,14.307817440135777,8.845510677485597,280.03426442578984,11.965592462404791,8.000143111805345,1,2.5,9,1,10,0.25,8,0.025,15,0.025,15,0.75,15,0.75,15,0.025,15,0.025,15,0.5,15,0.5,15,1.1573770937561656,0.19783207477788547,0.719461731503417,0.3702653305718209,0.27821308160860647,0.3661433712019232,0.20989477958272895,0.09812669241015795,0.17391507246098592,0.22186778352982828
21.772575250836063,69.56598197121319,30.434018028786802,276.8111249908526,14.33406096898463,8.854814040162909,280.03545791327724,11.971991165615684,7.992550921107073,1,2.5,9,1,10,0.25,8,0.025,15,0.025,15,0.75,15,0.75,15,0.025,15,0.025,15,0.5,15,0.5,15,1.1576930628571667,0.19796276573263782,0.7217403696315936,0.3717888484798049,0.2783970782141058,0.3664867860643365,0.21011558424299706,0.09825911147147988,0.17380739850335486,0.2219337662559701
21.872909698996597,69.4696786396565,30.530321360343503,276.7753839210052,14.360364273090793,8.864251805904146,280.03663569998935,11.978381417454438,7.984982882556178,1,2.5,9,1,10,0.25,8,0.025,15,0.025,15,0.75,15,0.75,15,0.025,15,0.025,15,0.5,15,0.5,15,1.1580071412959425,0.19809282846889367,0.7240193896916001,0.37331496642131407,0.2785835863826794,0.3668303671112558,0.21033957764546202,0.09839303132061082,0.173699996283577,0.22199963059504899
21.973244147157132,69.3733569092664,30.626643090733587,276.7394486506005,14.386727365925555,8.873823983474095,280.0377974544753,11.984763426017093,7.9774391195075856,1,2.5,9,1,10,0.25,8,0.025,15,0.025,15,0.75,15,0.75,15,0.025,15,0.025,15,0.5,15,0.5,15,1.1583193149975328,0.19822226732719123,0.726298788366728,0.3748436826541592,0.27877260015875716,0.36717411197530697,0.21056675998557636,0.09852845423087597,0.1735928681611614,0.22206537883637886
22.073578595317667,69.27701690960217,30.72298309039782,276.70331915738933,14.413150260588859,8.883530582021944,280.0389428455344,11.99113739914538,7.96991975532021,1,2.5,9,1,10,0.25,8,0.025,15,0.025,15,0.75,15,0.75,15,0.025,15,0.025,15,0.5,15,0.5,15,1.158629569864774,0.19835108660582654,0.7285785622945384,0.3763749953781466,0.27896411351894895,0.367518018290137,0.2107971314678141,0.09866538247653461,0.17348601649934467,0.22213101326224688
22.1739130434782,69.18065877213341,30.819341227866577,276.6669954191096,14.439632969809283,8.893371611081303,280.0400715422163,11.997503544426722,7.962424913356949,1,2.5,9,1,10,0.25,8,0.025,15,0.025,15,0.75,15,0.75,15,0.025,15,0.025,15,0.5,15,0.5,15,1.1589378917785975,0.1984792905613686,0.7308587080668607,0.3779089027350293,0.2791581203724945,0.36786208369047885,0.21103069230566923,0.0988038183329347,0.1733794436650571,0.2221965361479404
22.274247491638736,69.08428263024012,30.915717369759864,276.6304774134859,14.46617550594406,8.903347080570185,280.04118321382106,12.00386206919423,7.954954716984683,1,2.5,9,1,10,0.25,8,0.025,15,0.025,15,0.75,15,0.75,15,0.025,15,0.025,15,0.5,15,0.5,15,1.159244266598327,0.19860688340916635,0.7331392222297947,0.37944540280846056,0.2793546145617175,0.3682063058122153,0.2112674427216536,0.09894376407666627,0.17327315202888863,0.22226194976177374
22.37458193979927,68.98788861921268,31.012111380787303,276.59376511823007,14.492777880979059,8.91345700079102,280.04227752989897,12.010213180526712,7.947509289574283,1,2.5,9,1,10,0.25,8,0.025,15,0.025,15,0.75,15,0.75,15,0.025,15,0.025,15,0.5,15,0.5,15,1.1595486801619812,0.19873386932384898,0.735420101283709,0.38098449362394626,0.2795535898624834,0.36855068229244264,0.21150738294729524,0.09908522198571448,0.17316714396505475,0.22232725636511447
22.474916387959805,68.89147687625186,31.10852312374814,276.55685851104073,14.5194401065288,8.923701382430643,280.0433541602507,12.01655708524866,7.940088754500604,1,2.5,9,1,10,0.25,8,0.025,15,0.025,15,0.75,15,0.75,15,0.025,15,0.025,15,0.5,15,0.5,15,1.1598511182865814,0.1988602524398185,0.7377013416832435,0.38252617314880055,0.27975503998466134,0.3688952107695348,0.21175051322313607,0.09922819433961125,0.17306142185136145,0.2223924582124092
22.57525083612034,68.79504754046876,31.204952459531235,276.5197575696034,14.546162193836446,8.934080236560304,280.04441277492725,12.022893989930264,7.932693235142482,1,2.5,9,1,10,0.25,8,0.025,15,0.025,15,0.75,15,0.75,15,0.025,15,0.025,15,0.5,15,0.5,15,1.1601515667684599,0.1989860368517352,0.7399829398373079,0.3840704392921008,0.27995895857258984,0.36923988888320547,0.2119968337987307,0.09937268341958665,0.17295598806917012,0.22245755755120902
22.675585284280874,68.69860075288491,31.30139924711508,276.4824622715907,14.572944153773804,8.944593574635663,280.0454530442298,12.029224100887399,7.9253228548827455,1,2.5,9,1,10,0.25,8,0.025,15,0.025,15,0.75,15,0.75,15,0.025,15,0.025,15,0.5,15,0.5,15,1.1604500113835752,0.19911122661499617,0.7422648921090836,0.3856172899046439,0.2801653392055464,0.36958471427457157,0.21224634493264388,0.09951869150871906,0.17285084500336215,0.22252255662219447
22.77591973244141,68.60213665643222,31.397863343567774,276.44497259466203,14.599785996841328,8.95524140849679,280.04647463871015,12.035547624181632,7.917977737108204,1,2.5,9,1,10,0.25,8,0.025,15,0.025,15,0.75,15,0.75,15,0.025,15,0.025,15,0.5,15,0.5,15,1.1607464378878276,0.19923582574620693,0.7445471948160235,0.3871667227789044,0.28037417539822046,0.3699296845862157,0.21249904689244917,0.09966622089208473,0.17274599504230292,0.22258745765920007
22.876254180601943,68.50565539595294,31.494344604047047,276.4072885164639,14.626687733168117,8.966023750368166,280.0474772291701,12.041864765620227,7.910658005209654,1,2.5,9,1,10,0.25,8,0.025,15,0.025,15,0.75,15,0.75,15,0.025,15,0.025,15,0.5,15,0.5,15,1.161040832017381,0.19935983822364642,0.746829844229852,0.388718735648992,0.28058546060119055,0.37027479746224784,0.21275493995472672,0.09981527385690651,0.1726414405778055,0.22265226288923862
22.976588628762478,68.40915711819974,31.59084288180025,276.3694100146296,14.65364937251191,8.976940612858684,280.04846048666195,12.048175730756132,7.903363782581876,1,2.5,9,1,10,0.25,8,0.025,15,0.025,15,0.75,15,0.75,15,0.025,15,0.025,15,0.5,15,0.5,15,1.1613331794889874,0.1994832679877247,0.7491128365765668,0.3902733261906116,0.28079918820140487,0.3706200505483676,0.21301402440506156,0.0999658526927017,0.17253718400509413,0.2227169745325247
23.076923076923013,68.31264197183565,31.68735802816434,276.3313370667794,14.6806709242591,8.98799200896165,280.0494240824884,12.05448072488799,7.896095192623639,1,2.5,9,1,10,0.25,8,0.025,15,0.025,15,0.75,15,0.75,15,0.025,15,0.025,15,0.5,15,0.5,15,1.1616234660003153,0.19960611894143496,0.7513961680364382,0.3918304920210228,0.28101535152266505,0.3709654414919252,0.2132763005380418,0.10011795969142932,0.17243322772276684,0.22278159480249823
23.177257525083547,68.21611010743408,31.783889892565917,276.2930696505207,14.707752397424716,8.999177952054774,280.0503676882022,12.06077995306013,7.888852358737693,1,2.5,9,1,10,0.25,8,0.025,15,0.025,15,0.75,15,0.75,15,0.025,15,0.025,15,0.5,15,0.5,15,1.1619116772302802,0.19972839495079833,0.7536798347440102,0.39339023069900203,0.28123394382611383,0.37131096794198304,0.21354176865725655,0.10027159714763616,0.17232957413275826,0.22284612590584726
23.277591973244082,68.1195616774788,31.880438322521186,276.25460774344754,14.734893800652436,9.010498455900187,280.0512909756066,12.067073620062581,7.881635404330779,1,2.5,9,1,10,0.25,8,0.025,15,0.025,15,0.75,15,0.75,15,0.025,15,0.025,15,0.5,15,0.5,15,1.1621977988393817,0.19985009984530275,0.7559638327881012,0.39495253972480354,0.2814549583107261,0.37165662754937584,0.2138104290752942,0.1004267673586026,0.1722262256403017,0.22291057004253056
23.377926421404617,68.02299683636402,31.977003163635978,276.21595132314116,14.762095142214585,9.021953534644421,280.0521936167553,12.073361930431057,7.874444452813618,1,2.5,9,1,10,0.25,8,0.025,15,0.025,15,0.75,15,0.75,15,0.025,15,0.025,15,0.5,15,0.5,15,1.1624818164700428,0.19997123741833536,0.758248158211804,0.3965174165401232,0.28167838811380314,0.37200241796677186,0.21408228211374064,0.10058347262448723,0.1721231846538909,0.22297492940579966
23.47826086956515,67.92641574039425,32.07358425960574,276.1771003671696,14.789356430012129,9.033543202818425,280.0530752839521,12.079645088446961,7.8672796276009205,1,2.5,9,1,10,0.25,8,0.025,15,0.025,15,0.75,15,0.75,15,0.025,15,0.025,15,0.5,15,0.5,15,1.1627637157469524,0.20009181142760907,0.760532807012487,0.39808485852806225,0.2819042263114701,0.37234833684873203,0.2143573281031772,0.10074171524847085,0.17202045358524137,0.22303920618222067
23.578595317725686,67.82981854778444,32.17018145221555,276.1380548530879,14.81667767157468,9.045267475337557,280.0539356497512,12.085923298137393,7.8601410521113815,1,2.5,9,1,10,0.25,8,0.025,15,0.025,15,0.75,15,0.75,15,0.025,15,0.025,15,0.5,15,0.5,15,1.1630434822774116,0.20021182559558262,0.7628177751417945,0.39965486301309217,0.28213246591917696,0.3726943818517704,0.21463556738317888,0.1009014975368997,0.17191803484925156,0.22310340255169556
23.67892976588622,67.73320541321804,32.266794586781955,276.0988147702539,14.8440588581973,9.057126371548966,280.0547743824222,12.09219676889202,7.853028848685818,1,2.5,9,1,10,0.25,8,0.025,15,0.025,15,0.75,15,0.75,15,0.025,15,0.025,15,0.5,15,0.5,15,1.1633211017143392,0.20033128361658756,0.7651030586363707,0.40122742711318077,0.2823630999708779,0.3730405504340456,0.21491700039817616,0.1010628218705815,0.17181593084842697,0.2231675207448774
23.779264214046755,67.63657640093871,32.36342359906129,276.05938030853065,14.871499711599892,9.069119979869626,280.055591073524,12.098465805166526,7.845943121309474,1,2.5,9,1,10,0.25,8,0.025,15,0.025,15,0.75,15,0.75,15,0.025,15,0.025,15,0.5,15,0.5,15,1.1635965607575334,0.2004501892637642,0.767388655705652,0.4028025453748197,0.2825961227743675,0.3733868366631981,0.21520162922842181,0.10122569184201362,0.17171414372451968,0.2232315639592383
23.87959866220729,67.53993175964759,32.46006824035241,276.0197512614067,14.899000485261881,9.081248253331557,280.0563854669933,12.104730522744111,7.838884010262629,1,2.5,9,1,10,0.25,8,0.025,15,0.025,15,0.75,15,0.75,15,0.025,15,0.025,15,0.5,15,0.5,15,1.163869843988778,0.20056854605091048,0.7696745601282606,0.40438021724424916,0.2828315259387103,0.3737332413320819,0.21548945274741277,0.10139010866062478,0.17161267614346293,0.2232955334602348
23.979933110367824,67.44327165382336,32.556728346176634,275.9799276093765,14.926561181211218,9.093511209412478,280.05715723523724,12.11099112605672,7.8318516387060155,1,2.5,9,1,10,0.25,8,0.025,15,0.025,15,0.75,15,0.75,15,0.025,15,0.025,15,0.5,15,0.5,15,1.1641409369653564,0.20068635756492068,0.7719607677060979,0.405960439771793,0.2830693022607255,0.37407976205889354,0.21578047135494824,0.10155607466527027,0.17151153052845175,0.22335943141556142
24.08026755852836,67.34659624981389,32.653403750186115,275.93990933301063,14.9541818009844,9.105908866005159,280.05790605087935,12.117247819324506,7.824846129796158,1,2.5,9,1,10,0.25,8,0.025,15,0.025,15,0.75,15,0.75,15,0.025,15,0.025,15,0.5,15,0.5,15,1.1644098252294353,0.20080362735947185,0.7742472741963397,0.40754320994771887,0.28330944447960343,0.3744263964629378,0.2160746854605374,0.10172359219925922,0.17141070930553606,0.2234232599867568
24.180602006688893,67.2499057158362,32.7500942841638,275.89969641295625,14.981862345626476,9.11844124141742,280.0586315867588,12.123500806555843,7.817867606685377,1,2.5,9,1,10,0.25,8,0.025,15,0.025,15,0.75,15,0.75,15,0.025,15,0.025,15,0.5,15,0.5,15,1.164676494308433,0.20092035895540897,0.7765340753114351,0.40912852470220545,0.2835519452774201,0.37477314216469737,0.2163720954833973,0.10189266361049573,0.17131021490357914,0.2234870213292222
24.280936454849428,67.15320022197652,32.84679977802348,275.859288829937,15.009602815691045,9.13110835437214,280.05933351593086,12.129750291547317,7.81091619252179,1,2.5,9,1,10,0.25,8,0.025,15,0.025,15,0.75,15,0.75,15,0.025,15,0.025,15,0.5,15,0.5,15,1.164940929715392,0.201036555841125,0.7788211667191104,0.4107163809053135,0.2837967972796536,0.3751199967859041,0.2166727018524512,0.10206329125161905,0.17121004975421547,0.22355071759223902
24.381270903009963,67.05647994019024,32.94352005980976,275.8186865647527,15.037403211240255,9.143910224007243,280.06001151166697,12.13599647788373,7.803992010449307,1,2.5,9,1,10,0.25,8,0.025,15,0.025,15,0.75,15,0.75,15,0.025,15,0.025,15,0.5,15,0.5,15,1.1652031169493575,0.20115222147293574,0.7811085440423681,0.41230677536695626,0.2840439930557031,0.3754669579496089,0.21697650500632645,0.10223547748014306,0.1711102162918085,0.22361435091898615
24.481605351170497,66.95974504430195,33.040254955698046,275.77788959827967,15.065263531844808,9.156846869875709,280.06066524745427,12.142239568938093,7.797095183607635,1,2.5,9,1,10,0.25,8,0.025,15,0.025,15,0.75,15,0.75,15,0.025,15,0.025,15,0.5,15,0.5,15,1.1654630414957534,0.20126735927544917,0.7833962028594881,0.4138997048368712,0.2842935251194113,0.37581402328025104,0.2172835053933529,0.10240922465859521,0.17101071695340764,0.22367792344655704
24.581939799331032,66.8629957100054,33.137004289994586,275.73689791147063,15.093183776583954,9.169918311945569,280.06129439699606,12.14847976787164,7.790225835132275,1,2.5,9,1,10,0.25,8,0.025,15,0.025,15,0.75,15,0.75,15,0.025,15,0.025,15,0.5,15,0.5,15,1.1657206888267697,0.20138197264193,0.7856841387040292,0.4154951660045932,0.28454538592958833,0.37616119040372764,0.21759370347156068,0.10258453515465471,0.1709115541787052,0.22374143730597634
24.682274247491566,66.76623211486357,33.23376788513643,275.69571148535476,15.121163944045495,9.183124570599906,280.0618986342117,12.15471727763381,7.7833840881545235,1,2.5,9,1,10,0.25,8,0.025,15,0.025,15,0.75,15,0.75,15,0.025,15,0.025,15,0.5,15,0.5,15,1.1659760444017473,0.20149606493465902,0.7879723470648297,0.4170931554994287,0.28479956789053895,0.3765084569474628,0.21790709970867883,0.10276141134128976,0.17081273040999295,0.2238048946222161
24.7826086956521,66.66945443830853,33.330545561691466,275.65433030103753,15.149204032325779,9.196465666636858,280.06247763323626,12.160952300962267,7.776570065801472,1,2.5,9,1,10,0.25,8,0.025,15,0.025,15,0.75,15,0.75,15,0.025,15,0.025,15,0.5,15,0.5,15,1.1662290936675708,0.2016096394852875,0.7902608233860092,0.41869366989043105,0.2850560633525916,0.37685582054047523,0.21822369458213287,0.10293985559689467,0.1707142480921178,0.2238682975142117
24.882943143812636,66.57266286164162,33.427337138358375,275.61275433970087,15.177304039029709,9.20994162126961,280.0630310684211,12.16718504038288,7.769783891196008,1,2.5,9,1,10,0.25,8,0.025,15,0.025,15,0.75,15,0.75,15,0.025,15,0.025,15,0.5,15,0.5,15,1.1664798220590635,0.20172269959518685,0.7925495630669684,0.4202967056863761,0.2853148646126297,0.37720327881344695,0.2185434885790433,0.1031198703054256,0.17061610967243773,0.2239316480948775
24.98327759197317,66.47585756803332,33.52414243196668,275.57098358260305,15.205463961270738,9.223552456126404,280.06355861433343,12.173415698209736,7.763025687456813,1,2.5,9,1,10,0.25,8,0.025,15,0.025,15,0.75,15,0.75,15,0.025,15,0.025,15,0.5,15,0.5,15,1.166728214999386,0.20183524853579318,0.7948385614623916,0.42190225933574055,0.2855759639146259,0.37755082939879087,0.2188664821962237,0.10330145785653624,0.17051831760077701,0.223994948471122
25.083612040133705,66.37903874252328,33.620961257476715,275.5290180110788,15.233683795670867,9.237298193250533,280.06405994575647,12.179644476545137,7.7562955776983635,1,2.5,9,1,10,0.25,8,0.025,15,0.025,15,0.75,15,0.75,15,0.025,15,0.025,15,0.5,15,0.5,15,1.1669742579004383,0.20194728954894756,0.7971278138822466,0.42351032722667953,0.285839353450178,0.3778984699307175,0.2191926759401786,0.10348462064571241,0.17042087432938102,0.22405820074386268
25.18394648829424,66.28220657202037,33.71779342797963,275.48685760653916,15.261963538360648,9.251178855100338,280.0645347376895,12.1858715772796,7.7495936850309315,1,2.5,9,1,10,0.25,8,0.025,15,0.025,15,0.75,15,0.75,15,0.025,15,0.025,15,0.5,15,0.5,15,1.167217936163267,0.2020588258472313,0.7994173155917869,0.42512090568700617,0.28610502535904647,0.3782461980453026,0.21952207032710194,0.10366936107440605,0.17032378231287068,0.22412140700804048
25.284280936454774,66.1853612453026,33.8146387546974,275.4445023504718,15.290303184979186,9.26519446454922,280.06498266534754,12.192097202091857,7.7429201325605845,1,2.5,9,1,10,0.25,8,0.025,15,0.025,15,0.75,15,0.75,15,0.025,15,0.025,15,0.5,15,0.5,15,1.1674592351784752,0.20216986061429687,0.8017070618115517,0.4267339909841724,0.28637297172969545,0.37859401138055226,0.21985466588287497,0.10385568155016878,0.17022704400819666,0.22418456935263403
25.38461538461531,66.0885029530172,33.9114970469828,275.40195222444044,15.318702730674131,9.279345044885625,280.06540340416194,12.198321552448848,7.736275043389184,1,2.5,9,1,10,0.25,8,0.025,15,0.025,15,0.75,15,0.75,15,0.025,15,0.025,15,0.5,15,0.5,15,1.1676981403266355,0.20228039700519407,0.8039970477173681,0.42834957932525025,0.2866431845998342,0.3789419075764704,0.22019046314306454,0.10404358448678451,0.17013066187459297,0.22424768986067362
25.484949832775843,65.99163188768054,34.00836811231947,275.3592072100854,15.347162170101692,9.293630619813058,280.06579662977987,12.204544829605734,7.7296585406143885,1,2.5,9,1,10,0.25,8,0.025,15,0.025,15,0.75,15,0.75,15,0.025,15,0.025,15,0.5,15,0.5,15,1.16793463697871,0.2023904381466921,0.806287268440352,0.4299676668569148,0.2869156559569617,0.3792898842751233,0.22052946265292117,0.10423307230440144,0.17003463837353042,0.2243107706092543
25.585284280936378,65.8947482436782,34.105251756321806,275.3162672891235,15.37568149742662,9.308051213450067,280.06616201806446,12.21076723460589,7.7230707473296505,1,2.5,9,1,10,0.25,8,0.025,15,0.025,15,0.75,15,0.75,15,0.025,15,0.025,15,0.5,15,0.5,15,1.168168710496469,0.20249998713759707,0.8085777190669091,0.4315882496654269,0.2871903777389123,0.37963793912070476,0.22087166496737698,0.10442414742966351,0.16993897596866928,0.22437381366954953
25.685618729096912,65.79785221726492,34.202147782735075,275.2731324433477,15.404260706322217,9.322606850330263,280.06649924509486,12.216988968280907,7.716511786624216,1,2.5,9,1,10,0.25,8,0.025,15,0.025,15,0.75,15,0.75,15,0.025,15,0.025,15,0.5,15,0.5,15,1.1684003462329196,0.2026090470490651,0.8108683946387362,0.4332113237766189,0.28746734183440364,0.3799860697596014,0.2212170706510442,0.10461681229584108,0.16984367712581208,0.2244368211068236
25.785953177257447,65.70094400656465,34.299055993435346,275.2298026546275,15.432899789970344,9.337297555402301,280.06680798716627,12.223210231250581,7.709981781583129,1,2.5,9,1,10,0.25,8,0.025,15,0.025,15,0.75,15,0.75,15,0.025,15,0.025,15,0.5,15,0.5,15,1.1686295295327325,0.2027176209249116,0.8131592901528227,0.4348368851558799,0.2877465400835859,0.38033427384045676,0.221565680278213,0.10481106934296106,0.16974874431285564,0.22449979498044434
25.88628762541798,65.60402371160455,34.395976288395445,275.18627809783334,15.461598533920249,9.352123368246577,280.0670878491044,12.229431298711498,7.703480852184097,1,2.5,9,1,10,0.25,8,0.025,15,0.025,15,0.75,15,0.75,15,0.025,15,0.025,15,0.5,15,0.5,15,1.1688562457142422,0.20282571189314877,0.8154504029609683,0.43646492809726545,0.28802796454829094,0.38068254650284816,0.2219174947673113,0.1050069215313156,0.16965417995459087,0.22456273810041338
25.986622073578516,65.50709158924418,34.49290841075581,275.14255864884814,15.490357044331667,9.367084306820399,280.0673385470748,12.23565232971421,7.697009123210972,1,2.5,9,1,10,0.25,8,0.025,15,0.025,15,0.75,15,0.75,15,0.025,15,0.025,15,0.5,15,0.5,15,1.1690804801154937,0.2029333228813832,0.8177417266508108,0.4380954493277811,0.2883116068240015,0.381030886793389,0.2222725145279611,0.10520437103349076,0.16955998654773566,0.22462565209728907
26.08695652173905,65.41014786506918,34.58985213493083,275.09864424759417,15.519175358196454,9.382180394209591,280.0675597736922,12.241873507893194,7.6905667184145745,1,2.5,9,1,10,0.25,8,0.025,15,0.025,15,0.75,15,0.75,15,0.025,15,0.025,15,0.5,15,0.5,15,1.1693022180622588,0.20304045682845506,0.8200332555607192,0.43972844498230274,0.28859745854920715,0.3813792929212087,0.22263074009035258,0.1054034201987526,0.1694661665760265,0.22468853884712028
26.187290969899585,65.3131927430105,34.68680725698949,275.05453487946875,15.54805346327094,9.39741165726047,280.06775120491847,12.24809503427025,7.684153760811298,1,2.5,9,1,10,0.25,8,0.025,15,0.025,15,0.75,15,0.75,15,0.025,15,0.025,15,0.5,15,0.5,15,1.1695214448694822,0.20314711667332483,0.8223249845489969,0.4413639107564433,0.288885511379561,0.38172776250616774,0.22299217207305191,0.10560407150437692,0.16937272251447819,0.22475140039818703
26.28762541806012,65.21622642881952,34.78377357118047,275.0102305300401,15.576991346718783,9.412778123241353,280.06791251689623,12.254317109691936,7.677770373411815,1,2.5,9,1,10,0.25,8,0.025,15,0.025,15,0.75,15,0.75,15,0.025,15,0.025,15,0.5,15,0.5,15,1.1697381458459226,0.2032533053291209,0.8246169084304248,0.4430018422844659,0.28917575692502523,0.3820762931697909,0.22335681110445704,0.10580632743532559,0.16927965683993107,0.22481423879327664
26.387959866220655,65.1192491300679,34.88075086993209,274.96573118504665,15.605988995110991,9.428279819842555,280.06804338594935,12.260539934829566,7.671416679221078,1,2.5,9,1,10,0.25,8,0.025,15,0.025,15,0.75,15,0.75,15,0.025,15,0.025,15,0.5,15,0.5,15,1.1699523062946022,0.20335902568342393,0.8269090219762608,0.4446422351392752,0.2894681867504288,0.38242488253534046,0.22372465782279582,0.10601019048437464,0.1691869720310007,0.22487705606969335
26.48829431438119,65.02226105614764,34.97773894385236,274.9210368303979,15.635046394425911,9.44391677517639,280.06814348858245,12.266763710179209,7.665092801238317,1,2.5,9,1,10,0.25,8,0.025,15,0.025,15,0.75,15,0.75,15,0.025,15,0.025,15,0.5,15,0.5,15,1.1701639115132618,0.2034642805985473,0.8292013199142435,0.4462850848324118,0.28976279237602587,0.38277352822788757,0.22409571287612393,0.10621566315224161,0.16909467056802724,0.22493985425926782
26.588628762541724,64.92526241827109,35.07473758172891,274.87614745217377,15.66416353004923,9.459689017777169,280.06821250148124,12.27298863606169,7.658798862457041,1,2.5,9,1,10,0.25,8,0.025,15,0.025,15,0.75,15,0.75,15,0.025,15,0.025,15,0.5,15,0.5,15,1.1703729467948174,0.203569072911814,0.8314937969285923,0.4479303868140465,0.2900595652780556,0.3831222278743848,0.2244699769223231,0.10642274794771246,0.16900275493302447,0.22500263538836626
26.68896321070226,64.82825342947093,35.17174657052907,274.831063036625,15.693340386773977,9.475596576601205,280.0682501015124,12.279214912622594,7.652534985865039,1,2.5,9,1,10,0.25,8,0.025,15,0.025,15,0.75,15,0.75,15,0.025,15,0.025,15,0.5,15,0.5,15,1.1705793974278216,0.20367340543582993,0.8337864476600096,0.449578136472976,0.2903584968893033,0.3834709791037368,0.22484745062909933,0.10663144738776785,0.16891122760962837,0.22506540147789914
26.789297658862793,64.73123430460018,35.268765695399814,274.78578357017284,15.722576948800521,9.491639481026803,280.0682559657234,12.285442739832257,7.646301294444377,1,2.5,9,1,10,0.25,8,0.025,15,0.025,15,0.75,15,0.75,15,0.025,15,0.025,15,0.5,15,0.5,15,1.1707832486969307,0.20377728095875328,0.8360792667056826,0.45122832913661987,0.29065957859966235,0.38381977954687074,0.2252281346739806,0.10684176399770859,0.16882009108304538,0.22512815454332968
26.889632107023328,64.63420526033221,35.36579473966779,274.74030903940934,15.751873199736574,9.507817760854275,280.0682297713428,12.291672317485773,7.640097911171401,1,2.5,9,1,10,0.25,8,0.025,15,0.025,15,0.75,15,0.75,15,0.025,15,0.025,15,0.5,15,0.5,15,1.1709844858833713,0.20388070224456076,0.8383722486192849,0.45288096007101925,0.2909628017566973,0.38416862683680786,0.22561202974431557,0.10705370031128085,0.16872934784000015,0.22519089659468208
26.989966555183862,64.5371665151607,35.462833484839294,274.6946394310971,15.781229122597187,9.524131446305924,280.0681711957803,12.297903845202995,7.633924959016738,1,2.5,9,1,10,0.25,8,0.025,15,0.025,15,0.75,15,0.75,15,0.025,15,0.025,15,0.5,15,0.5,15,1.1711830942654142,0.20398367203331003,0.8406653879109781,0.4545360244808346,0.291268157666208,0.3845175186087314,0.2259991365372712,0.10726725887080049,0.1686390003686831,0.22525362963654957
27.090301003344397,64.4401182893997,35.559881710600294,274.6487747321694,15.810644699804755,9.540580568026057,280.0680799166262,12.304137522428528,7.627782560945291,1,2.5,9,1,10,0.25,8,0.025,15,0.025,15,0.75,15,0.75,15,0.025,15,0.025,15,0.5,15,0.5,15,1.1713790591188522,0.2040861930413989,0.8429586790474132,0.45619351750934745,0.29157563759279453,0.38486645250005785,0.226389455759831,0.10748244222727689,0.16854905115869726,0.2253163556681016
27.19063545150493,64.34306080518358,35.656939194816424,274.6027149297302,15.840119913189008,9.557165157080973,280.067955611652,12.310373548431734,7.621670839916242,1,2.5,9,1,10,0.25,8,0.025,15,0.025,15,0.75,15,0.75,15,0.025,15,0.025,15,0.5,15,0.5,15,1.1715723657174786,0.2041882679618211,0.8452521164517334,0.4578534342384609,0.291885232760423,0.3852154261505043,0.22678298812879313,0.1076992529405361,0.1684595027010052,0.2253790766830914
27.290969899665466,64.24599428646702,35.75400571353297,274.5564600110542,15.869654743987025,9.573885244958978,280.0677979588102,12.316612122306735,7.615589918883054,1,2.5,9,1,10,0.25,8,0.025,15,0.025,15,0.75,15,0.75,15,0.025,15,0.025,15,0.5,15,0.5,15,1.1717629993335728,0.20428989946441847,0.8475456945035746,0.45951576968870217,0.2921969343529918,0.3855644372021575,0.22717973437076863,0.10791769357934368,0.16837035748787524,0.22544179466986305
27.391304347826,64.14891895902511,35.85108104097489,274.5100099635866,15.899249172843222,9.590740863570371,280.06760663623413,12.322853442972404,7.609539920793466,1,2.5,9,1,10,0.25,8,0.025,15,0.025,15,0.75,15,0.75,15,0.025,15,0.025,15,0.5,15,0.5,15,1.1719509452383876,0.2043910901961304,0.8498394075390683,0.4611805188192263,0.2925107335148993,0.38591348329954195,0.2275796952221794,0.10813776672152652,0.16828161801282718,0.22550451161135796
27.491638795986535,64.0518350504532,35.94816494954679,274.4633647749434,15.928903179809353,9.607732045247449,280.06738132223813,12.329097709172375,7.6035209685895,1,2.5,9,1,10,0.25,8,0.025,15,0.025,15,0.75,15,0.75,15,0.025,15,0.025,15,0.5,15,0.5,15,1.1721361887026414,0.20449184278123939,0.8521332498508426,0.4628476765278205,0.2928266213516113,0.38626256208968657,0.2279828714292561,0.10835947495409425,0.16819328677057813,0.2255672294851213
27.59197324414707,63.95474279016703,36.04525720983297,274.41652443291116,15.95861674434452,9.624858822744509,280.0671216953175,12.335345119475031,7.597533185207452,1,2.5,9,1,10,0.25,8,0.025,15,0.025,15,0.75,15,0.75,15,0.025,15,0.025,15,0.5,15,0.5,15,1.1723187149970145,0.20459215982161397,0.8544272156880245,0.4645172376509104,0.2931445889302298,0.38661167122219264,0.22838926374803675,0.10858282087336034,0.1681053662569874,0.2256299502633082
27.692307692307605,63.85764240940265,36.14235759059735,274.3694889254472,15.98838984531516,9.64212122923785,280.0668274341486,12.34159587227352,7.591576693577902,1,2.5,9,1,10,0.25,8,0.025,15,0.025,15,0.75,15,0.75,15,0.025,15,0.025,15,0.5,15,0.5,15,1.1724985093926468,0.2046920438969482,0.8567212992562419,0.466189196963566,0.2934646272800619,0.3869608083492992,0.22879887294436435,0.10880780708506212,0.1680178589690014,0.22569267591268963
27.79264214046814,63.76053414121645,36.23946585878355,274.3222582406794,16.018222460995055,9.65951929832576,280.06649821758856,12.347850165785742,7.585651616625704,1,2.5,9,1,10,0.25,8,0.025,15,0.025,15,0.75,15,0.75,15,0.025,15,0.025,15,0.5,15,0.5,15,1.172675557161642,0.2047914975649981,0.8590154947176248,0.46786354917951034,0.29378672739318923,0.3873099711259501,0.22921169979388512,0.10903443620448053,0.16793076740459792,0.22575540839465782
27.892976588628674,63.66341822048518,36.33658177951482,274.2748323669063,16.048114569065326,9.677053064028538,280.06613372467564,12.354108198054352,7.579758077269994,1,2.5,9,1,10,0.25,8,0.025,15,0.025,15,0.75,15,0.75,15,0.025,15,0.025,15,0.5,15,0.5,15,1.1728498435775752,0.20489052336181507,0.8613097961908082,0.4695402889511273,0.29411088022503795,0.38765915720985855,0.22962774508204684,0.10926271085655921,0.1678440940627302,0.2258181496652316
27.99331103678921,63.566294819255916,36.433705180744084,274.22721142037733,16.078066042769233,9.694722536853575,280.06573358957246,12.360370203659707,7.573896206767806,1,2.5,9,1,10,0.25,8,0.025,15,0.025,15,0.75,15,0.75,15,0.025,15,0.025,15,0.5,15,0.5,15,1.1730213531633111,0.20498912386746615,0.8636041993042297,0.47121941023665953,0.2944370762534028,0.38800836305200276,0.23004700903426173,0.1094926335839973,0.16775784156607182,0.2258809020428823
28.093645484949743,63.46916416911682,36.53083583088318,274.179395403428,16.10807684747237,9.7125277490998,280.06529748685,12.3666363842289,7.568066128921109,1,2.5,9,1,10,0.25,8,0.025,15,0.025,15,0.75,15,0.75,15,0.025,15,0.025,15,0.5,15,0.5,15,1.1731900711138072,0.20508730158141444,0.8658986982561744,0.4729009074970156,0.2947653063167607,0.38835758619343586,0.2304694923944884,0.10972420702208517,0.16767201242871643,0.2259436675117966
28.193979933110278,63.37202655978246,36.62797344021754,274.13138420727597,16.138147038390255,9.730468754333918,280.06482513050145,12.372906909239129,7.562267960259387,1,2.5,9,1,10,0.25,8,0.025,15,0.025,15,0.75,15,0.75,15,0.025,15,0.025,15,0.5,15,0.5,15,1.1733559832836078,0.20518505892544847,0.8681932858485495,0.4745847756834297,0.2950955616023864,0.38870682522855765,0.23089519641277564,0.10995743389606638,0.16758660905852585,0.22600644773067424
28.294314381270812,63.27488223178956,36.72511776821044,274.08317782410717,16.168276588229045,9.748545587663951,280.06431619915907,12.3791819769528,7.55650182388814,1,2.5,9,1,10,0.25,8,0.025,15,0.025,15,0.75,15,0.75,15,0.025,15,0.025,15,0.5,15,0.5,15,1.173519074937581,0.20528239835241857,0.8704879560650364,0.47627100918691634,0.29542783291444713,0.38905607779903184,0.2313241218994626,0.11019231686861328,0.16750163396093481,0.2260692446431257
28.394648829431347,63.17773142744738,36.82226857255262,274.0347762463725,16.198465469025464,9.76675828460223,280.06377037160246,12.385461785484214,7.550767842913316,1,2.5,9,1,10,0.25,8,0.025,15,0.025,15,0.75,15,0.75,15,0.025,15,0.025,15,0.5,15,0.5,15,1.173679331344024,0.20537932229461672,0.8727827028469842,0.47795960233673856,0.2957621110230542,0.3894053415489537,0.23175626967425858,0.11042885861260218,0.16741708964216442,0.22613206018766466
28.49498327759188,63.08057439083774,36.91942560916226,273.986179466788,16.22871365214681,9.785106881065383,280.06318732675913,12.391746532799566,7.5450661404413095,1,2.5,9,1,10,0.25,8,0.025,15,0.025,15,0.75,15,0.75,15,0.025,15,0.025,15,0.5,15,0.5,15,1.1738367377751857,0.2054758331639918,0.875077520093412,0.4796505494004245,0.2960983866648381,0.3897546141249202,0.2321916405662412,0.11066706181123014,0.16733297860916407,0.226194896297711
28.595317725752416,62.983411367815,37.016588632185,273.93738747833487,16.259021108290955,9.803591413374349,280.06256674370405,12.398036416716954,7.539396839578961,1,2.5,9,1,10,0.25,8,0.025,15,0.025,15,0.75,15,0.75,15,0.025,15,0.025,15,0.5,15,0.5,15,1.1739912795077994,0.2055719333523624,0.8773724016610107,0.48134384458378554,0.29643665054352225,0.3901038931761009,0.2326302354138542,0.11090692915813098,0.16724930336955277,0.22625775490159347
28.69565217391295,62.886242606006086,37.113757393993914,273.8884002742594,16.28938780748635,9.822211918254373,280.0619083016601,12.404331634906361,7.53376006343356,1,2.5,9,1,10,0.25,8,0.025,15,0.025,15,0.75,15,0.75,15,0.025,15,0.025,15,0.5,15,0.5,15,1.1741429418236164,0.20566762523162693,0.8796673413641461,0.4830394820309354,0.2967768933304974,0.3904531763543067,0.2330720550649059,0.11114846335749114,0.1671660664315605,0.226320637922552
28.795986622073485,62.78906835481043,37.21093164518957,273.83921784807313,16.319813719092018,9.840968432835,280.0612116799975,12.410632384889675,7.5281559351128395,1,2.5,9,1,10,0.25,8,0.025,15,0.025,15,0.75,15,0.75,15,0.025,15,0.025,15,0.5,15,0.5,15,1.1742917100099455,0.20576291115397088,0.8819623329748608,0.4847374558243105,0.2971191056653953,0.39080246131405966,0.2335171003765668,0.1113916671241646,0.1670832703039689,0.22638354727874016
28.89632107023402,62.69188886540005,37.30811113459995,273.7898401935525,16.35029881179756,9.859860994650083,280.0604765582343,12.416938864040677,7.522584577724983,1,2.5,9,1,10,0.25,8,0.025,15,0.025,15,0.75,15,0.75,15,0.025,15,0.025,15,0.5,15,0.5,15,1.174437569360193,0.20585779345207172,0.8842573702228762,0.4864377599846909,0.29746327815666246,0.3911517457126608,0.23396537221536817,0.11163654318378734,0.16700091749605148,0.22644648488322672
28.996655518394554,62.594704390719485,37.405295609280515,273.74026730473923,16.380843053623146,9.878889641637778,280.05970261603636,12.423251269585041,7.517046114378617,1,2.5,9,1,10,0.25,8,0.025,15,0.025,15,0.75,15,0.75,15,0.025,15,0.025,15,0.5,15,0.5,15,1.174580505174409,0.20595227443930098,0.8865524467955957,0.4881403884712228,0.2978094013821346,0.39150102721025826,0.23441687145719967,0.11188309427289156,0.16691901051751387,0.22650945264399763
29.09698996655509,62.497515185485824,37.502484814514176,273.6904991759401,16.411446411919528,9.898054412140551,280.0588895332168,12.42956979860034,7.511540668182819,1,2.5,9,1,10,0.25,8,0.025,15,0.025,15,0.75,15,0.75,15,0.025,15,0.025,15,0.5,15,0.5,15,1.1747205027598366,0.20604635640992403,0.8888475563381063,0.48984533518144224,0.2981574658896085,0.3918503034699152,0.2348715989873076,0.11213132313901882,0.16683755187843322,0.22657245246395716
29.197324414715624,62.4003215061887,37.5996784938113,273.64053580172697,16.442108853368026,9.917355344905166,280.0580369897368,12.43589464801604,7.506068362247111,1,2.5,9,1,10,0.25,8,0.025,15,0.025,15,0.75,15,0.75,15,0.025,15,0.025,15,0.5,15,0.5,15,1.1748575474314655,0.20614004163929717,0.8911426924531813,0.4915525939512989,0.29850746219741653,0.3921995721576761,0.235329555700293,0.112381232540833,0.1667565440891976,0.22663548624092913
29.29765886287616,62.30312361109032,37.69687638890968,273.59037717693695,16.47283034398054,9.936792479082696,280.05714466570504,12.442226014613507,7.500629319681461,1,2.5,9,1,10,0.25,8,0.025,15,0.025,15,0.75,15,0.75,15,0.025,15,0.025,15,0.5,15,0.5,15,1.1749916245125882,0.20623333238406233,0.8934378487012823,0.493262158555182,0.29885938079499813,0.3925488309426336,0.2357907425001095,0.11263282524823254,0.1666759896604449,0.22669855586765783
29.397993311036693,62.20592176022539,37.79407823977461,273.54002329667213,16.50361084909954,9.956365854228515,280.0562122413777,12.448564095025997,7.495223663596285,1,2.5,9,1,10,0.25,8,0.025,15,0.025,15,0.75,15,0.75,15,0.025,15,0.025,15,0.5,15,0.5,15,1.1751227193353588,0.20632623088233945,0.8957330186005632,0.4949740227059475,0.29921321214347235,0.39289807749699407,0.23625516030006155,0.11288610404246227,0.16659589110300121,0.2267616632318086
29.498327759197227,62.108716215401195,37.891283784598805,273.48947415629976,16.534450333398077,9.97607551030231,280.05523939715886,12.454909085738668,7.489851517102446,1,2.5,9,1,10,0.25,8,0.025,15,0.025,15,0.75,15,0.75,15,0.025,15,0.025,15,0.5,15,0.5,15,1.175250817241361,0.2064187393539162,0.89802819562687,0.49668818005494425,0.2995689466762095,0.39324730949614345,0.23672281002280263,0.11314107171622448,0.16651625092781908,0.22682481021596818
29.598662207357762,62.01150724019755,37.98849275980245,273.43872975145234,16.565348760879772,9.995921487668067,280.05422581360017,12.461261183088567,7.484513003311253,1,2.5,9,1,10,0.25,8,0.025,15,0.025,15,0.75,15,0.75,15,0.025,15,0.025,15,0.5,15,0.5,15,1.175375903582171,0.20651086000043564,0.900323373213746,0.4984046241920443,0.29992657479940177,0.3935965246187115,0.23719369260033285,0.11339773107378961,0.16643707164591517,0.22688799869764484
29.698996655518297,61.91429509996683,38.08570490003317,273.38779007802725,16.596306094878823,10.015903827094075,280.0531711714009,12.467620583264644,7.479208245334464,1,2.5,9,1,10,0.25,8,0.025,15,0.025,15,0.75,15,0.75,15,0.025,15,0.025,15,0.5,15,0.5,15,1.1754979637199323,0.20660259500558142,0.902618544752433,0.500123348645671,0.30028608689263436,0.3939457205466364,0.23766780897399736,0.11365608493110631,0.16635835576830796,0.2269512305492683
29.79933110367883,61.81708006183394,38.18291993816606,273.3366551321872,16.627322298059998,10.036022569752932,280.05207515140796,12.473987482307738,7.47393736628428,1,2.5,9,1,10,0.25,8,0.025,15,0.025,15,0.75,15,0.75,15,0.025,15,0.025,15,0.5,15,0.5,15,1.1756169830279313,0.20669394653526058,0.9049137035918735,0.5018443468828306,0.3006474733094547,0.39429489496522857,0.2381451600944843,0.11391613611591088,0.16628010580595431,0.22701450763818937
29.899665551839366,61.71986239469635,38.28013760530365,273.28532491036,16.658397332418648,10.056277757221538,280.05093743461606,12.48036207611059,7.468700489273352,1,2.5,9,1,10,0.25,8,0.025,15,0.025,15,0.75,15,0.75,15,0.025,15,0.025,15,0.5,15,0.5,15,1.1757329468911724,0.20678491673778424,0.9072088430387141,0.5035676123091439,0.30101072437794135,0.3946440455632339,0.23862574692182276,0.1141778874678364,0.16620232426968662,0.22707783182667926
29.9999999999999,61.62264236922405,38.37735763077595,273.2337994092384,16.689531159280694,10.076669431481104,280.04975770216737,12.486744560417831,7.4634977374147775,1,2.5,9,1,10,0.25,8,0.025,15,0.025,15,0.75,15,0.75,15,0.025,15,0.025,15,0.5,15,0.5,15,1.175845840706963,0.20687550774404614,0.909503956357308,0.5052931382688783,0.3013758304012727,0.3949931700328962,0.23910957042538106,0.11444134183852094,0.1661250136701489,0.22714120497192877