Time,S15,S3,S0,S12,S8,S9,S13,S2,S5,S18,S16,S6,S19,S17,E0,k0,k0r,E1,k1,k1r,S10,E2,k2,k2r,E3,k3,k3r,E4,k4,k4r,S1,S4,E5,k5,k5r,S14,E6,k6,k6r,E7,k7,k7r,S7,E8,k8,k8r,E9,k9,k9r,E10,k10,k10r,E11,k11,k11r,E12,k12,k12r,E13,k13,k13r,E14,k14,k14r,E15,k15,k15r,E16,k16,k16r,E17,k17,k17r,E18,k18,k18r,S11,E19,k19,k19r,J0,J1,J2,J3,J4,J5,J6,J7,J8,J9,J10,J11,J12,J13,J14,J15,J16,J17,J18,J19
0,6,3,5,1,2,5,4,2,1,3,6,3,4,1,1,0.828420614,0.69125685,1,0.708821521,0.63838456,6,1,0.118288544,0.219112,1,0.249635736,0.64338269,1,0.148271098,0.88154458,4,4,1,0.9772751915,0.344055979,1,1,0.754618665,0.68985893,1,0.92086958,0.9789804,3,1,0.4925311695,0.032997413,1,0.80320391,0.004101,1,0.05353786,0.1268534,1,0.1727146,0.36727,1,0.4561613,0.247974,1,0.20598231,0.709211,1,0.57478598,0.2114866,1,0.70746493,0.7310762,1,0.783348675,0.7846366,1,0.973314149,0.58769631,1,0.98747636,0.9768005,2,1,0.767613157,0.85874833,4.2792668339999995,-1.065458237,0.27150726399999997,-3.89888284,0.8977085959999999,18.169279914,-2.694675985,1.7836283400000001,8.799566225,2.38910673,1.15805524,-0.7563808,-4.5828921,-8.16637728,0.87841154,2.09878352,-0.7885003749999999,-5.711962834999999,1.9856285800000002,7.493861224
0.10033444816053512,5.6896102979332674,2.4212681216929055,4.021903900804815,0.8315148076370238,1.7851318459000027,4.499417072468642,3.25189889768016,3.2417796175666,1.7955240885277377,2.8250413005850934,4.850719716505035,2.538109790165993,3.797276622917732,1,1,0.828420614,0.69125685,1,0.708821521,0.63838456,6,1,0.118288544,0.219112,1,0.249635736,0.64338269,1,0.148271098,0.88154458,4,4,1,0.9772751915,0.344055979,1,1,0.754618665,0.68985893,1,0.92086958,0.9789804,3,1,0.4925311695,0.032997413,1,0.80320391,0.004101,1,0.05353786,0.1268534,1,0.1727146,0.36727,1,0.4561613,0.247974,1,0.20598231,0.709211,1,0.57478598,0.2114866,1,0.70746493,0.7310762,1,0.783348675,0.7846366,1,0.973314149,0.58769631,1,0.98747636,0.9768005,2,1,0.767613157,0.85874833,4.0221336064346005,-0.41868507040954994,0.3185874549811586,-2.611665154383232,2.0024287602237187,14.345803703414488,-1.7490270565768065,0.4053983881256371,7.060421623764972,2.009004642169151,0.9920200499026096,-0.7292345857540066,-2.753766837838997,-4.299966886153243,0.7039779287558912,0.9879394983650496,-1.0827850437177748,-4.181570731184783,1.4141445313933474,7.493861224
0.20066889632107024,5.269757166132491,2.0232131135933478,3.2580090845298293,0.7962264868800282,1.6658973649300874,4.251300783480755,2.8061710706181597,3.9734119172018456,2.290348258079747,2.7474642412156207,3.9889152684688085,2.243031274801265,3.5874408150599817,1,1,0.828420614,0.69125685,1,0.708821521,0.63838456,6,1,0.118288544,0.219112,1,0.249635736,0.64338269,1,0.148271098,0.88154458,4,4,1,0.9772751915,0.344055979,1,1,0.754618665,0.68985893,1,0.92086958,0.9789804,3,1,0.4925311695,0.032997413,1,0.80320391,0.004101,1,0.05353786,0.1268534,1,0.1727146,0.36727,1,0.4561613,0.247974,1,0.20598231,0.709211,1,0.57478598,0.2114866,1,0.70746493,0.7310762,1,0.783348675,0.7846366,1,0.973314149,0.58769631,1,0.98747636,0.9768005,2,1,0.767613157,0.85874833,3.674318617198378,-0.2219447710677478,0.34471316057543866,-1.9464042903997385,2.653308306618816,11.359661891970513,-1.2044582647029805,-0.2277082607585914,5.762882992595015,1.7710099289278294,0.8618449609683099,-0.721336394846307,-1.7525324048236415,-2.449848419568041,0.5694469535022093,0.3108485188493406,-1.2299560520539192,-3.094858746454536,1.0210746209154258,7.493861224
0.3010033444816054,4.840567030329428,1.7543456137495157,2.6634662820071937,0.8174263358384832,1.598739550452694,4.128535478508296,2.5315423549212945,4.406522496530673,2.611857984543501,2.714346794472322,3.3193694822271835,2.0235970937642276,3.3800666202568506,1,1,0.828420614,0.69125685,1,0.708821521,0.63838456,6,1,0.118288544,0.219112,1,0.249635736,0.64338269,1,0.148271098,0.88154458,4,4,1,0.9772751915,0.344055979,1,1,0.754618665,0.68985893,1,0.92086958,0.9789804,3,1,0.4925311695,0.032997413,1,0.80320391,0.004101,1,0.05353786,0.1268534,1,0.1727146,0.36727,1,0.4561613,0.247974,1,0.20598231,0.709211,1,0.57478598,0.2114866,1,0.70746493,0.7310762,1,0.783348675,0.7846366,1,0.973314149,0.58769631,1,0.98747636,0.9768005,2,1,0.767613157,0.85874833,3.318768661373661,-0.14636494741350803,0.3594282436212093,-1.5733178976051727,3.0386149935338245,9.035534167209493,-0.8771502822049642,-0.5137520989478479,4.759274956540079,1.596832099111975,0.7544461353794161,-0.7207724852452329,-1.1606696978979927,-1.5314813273075636,0.47298597745941906,-0.11848977536329275,-1.2778596686690815,-2.398343830673788,0.7555743208473378,7.493861224
0.4013377926421405,4.435851166844791,1.5687573396884087,2.2070126562179895,0.8630470089846543,1.5616756462270738,4.070011849891872,2.3596803088893745,4.653126032239995,2.8277506754529047,2.7000185714105713,2.78667991269501,1.8398990567145317,3.18103167965775,1,1,0.828420614,0.69125685,1,0.708821521,0.63838456,6,1,0.118288544,0.219112,1,0.249635736,0.64338269,1,0.148271098,0.88154458,4,4,1,0.9772751915,0.344055979,1,1,0.754618665,0.68985893,1,0.92086958,0.9789804,3,1,0.4925311695,0.032997413,1,0.80320391,0.004101,1,0.05353786,0.1268534,1,0.1727146,0.36727,1,0.4561613,0.247974,1,0.20598231,0.709211,1,0.57478598,0.2114866,1,0.70746493,0.7310762,1,0.783348675,0.7846366,1,0.973314149,0.58769631,1,0.98747636,0.9768005,2,1,0.767613157,0.85874833,2.9834936972501778,-0.10399764781352894,0.3675493898038934,-1.354880369554541,3.2580000555956445,7.251210948993438,-0.6738605801906079,-0.6224626386105299,3.964039027838619,1.452220261206545,0.6631239847929913,-0.72191163615411,-0.7913053687603453,-1.0592702043958448,0.40265895926103135,-0.3979101538067431,-1.2670698981775064,-1.9415292011247494,0.5723102875187935,7.493861224
0.5016722408026756,4.0664297838138745,1.436532333724086,1.859127506631731,0.9180923808682832,1.5423984592803615,4.045899011734186,2.2517553261345826,4.776725948559298,2.9763776323291165,2.691361420002354,2.3556932107215505,1.6750168153172658,2.993417506731672,1,1,0.828420614,0.69125685,1,0.708821521,0.63838456,6,1,0.118288544,0.219112,1,0.249635736,0.64338269,1,0.148271098,0.88154458,4,4,1,0.9772751915,0.344055979,1,1,0.754618665,0.68985893,1,0.92086958,0.9789804,3,1,0.4925311695,0.032997413,1,0.80320391,0.004101,1,0.05353786,0.1268534,1,0.1727146,0.36727,1,0.4561613,0.247974,1,0.20598231,0.709211,1,0.57478598,0.2114866,1,0.70746493,0.7310762,1,0.783348675,0.7846366,1,0.973314149,0.58769631,1,0.98747636,0.9768005,2,1,0.767613157,0.85874833,2.677457408294977,-0.07138216248623075,0.37177325279016143,-1.224533981662215,3.3679578274278716,5.891292844265769,-0.5450694476789448,-0.6384217630566371,3.3231373972672578,1.3226873132548649,0.5840033820367976,-0.7220615757890405,-0.5512865304673016,-0.8052408477219002,0.3494825672851919,-0.5829209250272378,-1.2234392346449956,-1.6235468962446928,0.44174121992816584,7.493861224
0.6020066889632107,3.73415031702468,1.3393171983563545,1.59383505344542,0.9751549385287045,1.5335681916857726,4.041390663306316,2.1844245901394874,4.815705726475218,3.0804418165565877,2.6817607432676844,2.0026464015348533,1.522280230012274,2.8185837650491656,1,1,0.828420614,0.69125685,1,0.708821521,0.63838456,6,1,0.118288544,0.219112,1,0.249635736,0.64338269,1,0.148271098,0.88154458,4,4,1,0.9772751915,0.344055979,1,1,0.754618665,0.68985893,1,0.92086958,0.9789804,3,1,0.4925311695,0.032997413,1,0.80320391,0.004101,1,0.05353786,0.1268534,1,0.1727146,0.36727,1,0.4561613,0.247974,1,0.20598231,0.709211,1,0.57478598,0.2114866,1,0.70746493,0.7310762,1,0.783348675,0.7846366,1,0.973314149,0.58769631,1,0.98747636,0.9768005,2,1,0.767613157,0.85874833,2.40219024839788,-0.042863490239310575,0.37370807038334697,-1.1464333611445796,3.402635274256209,4.8542379123011425,-0.4634305474803786,-0.6074964409324402,2.8001914919858155,1.2025666869413698,0.5146411401364713,-0.7200606513801909,-0.3903891820591744,-0.6590665213861118,0.3078442188631179,-0.7066339078159758,-1.1624116294862137,-1.3878914769291504,0.34574357191833105,7.493861224
0.7023411371237459,3.4371956476267047,1.265800074968865,1.3900945703143948,1.0306038151032888,1.5306618266495862,4.048945261384008,2.14313946961017,4.794696480420932,3.1538731604190833,2.6681626014392688,1.7106960895293057,1.3794479852143702,2.6568860945661075,1,1,0.828420614,0.69125685,1,0.708821521,0.63838456,6,1,0.118288544,0.219112,1,0.249635736,0.64338269,1,0.148271098,0.88154458,4,4,1,0.9772751915,0.344055979,1,1,0.754618665,0.68985893,1,0.92086958,0.9789804,3,1,0.4925311695,0.032997413,1,0.80320391,0.004101,1,0.05353786,0.1268534,1,0.1727146,0.36727,1,0.4561613,0.247974,1,0.20598231,0.709211,1,0.57478598,0.2114866,1,0.70746493,0.7310762,1,0.783348675,0.7846366,1,0.973314149,0.58769631,1,0.98747636,0.9768005,2,1,0.767613157,0.85874833,2.156186878845042,-0.017346858051976666,0.37434488983915587,-1.0998051557895727,3.383944890372483,4.057795833628441,-0.4132294917521624,-0.5553557490656118,2.369500856930741,1.0899984851652371,0.453384441033056,-0.7155684335055476,-0.27988644788872363,-0.566510555466698,0.2743188568213944,-0.7895255905531777,-1.093127260285868,-1.2039518660188744,0.2731471505179819,7.493861224
0.8026755852842811,3.172382573845794,1.2088108470625651,1.2317822414032527,1.0828033171114853,1.5308573230104485,4.064508879719948,2.1185988264165205,4.7304174544525,3.2055366569090396,2.649471920209512,1.4674496831375492,1.2460254893447047,2.5081068550728345,1,1,0.828420614,0.69125685,1,0.708821521,0.63838456,6,1,0.118288544,0.219112,1,0.249635736,0.64338269,1,0.148271098,0.88154458,4,4,1,0.9772751915,0.344055979,1,1,0.754618665,0.68985893,1,0.92086958,0.9789804,3,1,0.4925311695,0.032997413,1,0.80320391,0.004101,1,0.05353786,0.1268534,1,0.1727146,0.36727,1,0.4561613,0.247974,1,0.20598231,0.709211,1,0.57478598,0.2114866,1,0.70746493,0.7310762,1,0.783348675,0.7846366,1,0.973314149,0.58769631,1,0.98747636,0.9768005,2,1,0.767613157,0.85874833,1.9368102696682328,0.005367927333739586,0.3743020542405346,-1.0720187377624026,3.3267605598202223,3.4389369874146523,-0.384979954093839,-0.4963144328466367,2.012202587447447,0.9846196516527964,0.3990388182780331,-0.7086701419345269,-0.20254698035787955,-0.5006726317966739,0.24675226480066653,-0.8446571876649185,-1.0210320598289535,-1.054792876547439,0.2168716351858586,7.493861224
0.9030100334448162,2.9361667077409095,1.1636524041338658,1.1069518715570659,1.1312161026925347,1.532414963380364,4.085733947053611,2.104787882018322,4.634724027954954,3.2412761046790353,2.6256503944364833,1.2635447944046236,1.1220981147925342,2.3717049288754506,1,1,0.828420614,0.69125685,1,0.708821521,0.63838456,6,1,0.118288544,0.219112,1,0.249635736,0.64338269,1,0.148271098,0.88154458,4,4,1,0.9772751915,0.344055979,1,1,0.754618665,0.68985893,1,0.92086958,0.9789804,3,1,0.4925311695,0.032997413,1,0.80320391,0.004101,1,0.05353786,0.1268534,1,0.1727146,0.36727,1,0.4561613,0.247974,1,0.20598231,0.709211,1,0.57478598,0.2114866,1,0.70746493,0.7310762,1,0.783348675,0.7846366,1,0.973314149,0.58769631,1,0.98747636,0.9768005,2,1,0.767613157,0.85874833,1.7411241768330827,0.025435583373170867,0.3739607565438016,-1.0552267608141859,3.241629143311182,2.95096249302886,-0.3726526019697869,-0.4379992043491172,1.714071683019786,0.8865594650020806,0.35068914444337146,-0.699652182930433,-0.14762757375987112,-0.44837106910931857,0.22371665460018408,-0.8805562061426109,-0.949380922657247,-0.9305568100366826,0.17227874033935886,7.493861224
1.0033444816053514,2.7251424392931285,1.1271522880980203,1.006924249234383,1.1758730829927049,1.5342850586119985,4.111079433266603,2.0977693693792827,4.516371895532736,3.2651154877014275,2.597179358280384,1.0917408481267314,1.0078019473195021,2.246967178442826,1,1,0.828420614,0.69125685,1,0.708821521,0.63838456,6,1,0.118288544,0.219112,1,0.249635736,0.64338269,1,0.148271098,0.88154458,4,4,1,0.9772751915,0.344055979,1,1,0.754618665,0.68985893,1,0.92086958,0.9789804,3,1,0.4925311695,0.032997413,1,0.80320391,0.004101,1,0.05353786,0.1268534,1,0.1727146,0.36727,1,0.4561613,0.247974,1,0.20598231,0.709211,1,0.57478598,0.2114866,1,0.70746493,0.7310762,1,0.783348675,0.7846366,1,0.973314149,0.58769631,1,0.98747636,0.9768005,2,1,0.767613157,0.85874833,1.566307322796671,0.043092827011898205,0.3735509962374078,-1.0445038733531387,3.1363399395618803,2.5599444379861014,-0.3721477685782304,-0.38419137430862493,1.4641206014578563,0.7959875086280961,0.307595884336818,-0.6888726327314888,-0.10819489443903468,-0.40319013013404303,0.2042212210094943,-0.9029499632458478,-0.8800994358001698,-0.8251440667729973,0.13623573861670457,7.493861224
1.1036789297658864,2.536217070581799,1.0971048187421302,0.9254624604040431,1.2170908859651066,1.5358668805516076,4.13941421426271,2.0949653191752633,4.382001600161862,3.2799370525584264,2.5647619407597015,0.9463468846083865,0.903144982294716,2.133099542302496,1,1,0.828420614,0.69125685,1,0.708821521,0.63838456,6,1,0.118288544,0.219112,1,0.249635736,0.64338269,1,0.148271098,0.88154458,4,4,1,0.9772751915,0.344055979,1,1,0.754618665,0.68985893,1,0.92086958,0.9789804,3,1,0.4925311695,0.032997413,1,0.80320391,0.004101,1,0.05353786,0.1268534,1,0.1727146,0.36727,1,0.4561613,0.247974,1,0.20598231,0.709211,1,0.57478598,0.2114866,1,0.70746493,0.7310762,1,0.783348675,0.7846366,1,0.973314149,0.58769631,1,0.98747636,0.9768005,2,1,0.767613157,0.85874833,1.409797652848655,0.058593060030351585,0.37320440006857614,-1.036794612017046,3.0168005521625374,2.2415020968696897,-0.38051014079238943,-0.3364551394984745,1.2537212969193485,0.7129611652973945,0.26913834106811557,-0.6766934840550969,-0.07964451211118606,-0.3621519718913313,0.18754337593312642,-0.9157694237408593,-0.8142923662360237,-0.73449690679208,0.10656457294993849,7.493861224
1.2040133779264215,2.3666810449101137,1.0719532676974204,0.8580899978097426,1.255299145834753,1.5368453997732634,4.169825597047099,2.09468864697602,4.236757100610642,3.287884030073012,2.529155973058274,0.8228265247300097,0.8079568618119305,2.029283308879151,1,1,0.828420614,0.69125685,1,0.708821521,0.63838456,6,1,0.118288544,0.219112,1,0.249635736,0.64338269,1,0.148271098,0.88154458,4,4,1,0.9772751915,0.344055979,1,1,0.754618665,0.68985893,1,0.92086958,0.9789804,3,1,0.4925311695,0.032997413,1,0.80320391,0.004101,1,0.05353786,0.1268534,1,0.1727146,0.36727,1,0.4561613,0.247974,1,0.20598231,0.709211,1,0.57478598,0.2114866,1,0.70746493,0.7310762,1,0.783348675,0.7846366,1,0.973314149,0.58769631,1,0.98747636,0.9768005,2,1,0.767613157,0.85874833,1.269350514366598,0.07218146198920161,0.3729899947648807,-1.0302481874767446,2.8875871836010183,1.9781363517350028,-0.39549276721700677,-0.29515369312106987,1.0760011077331453,0.6373839575775995,0.23478164612618863,-0.663447475741433,-0.05884074905818082,-0.3239641805410036,0.1731451294801054,-0.9217750057417788,-0.7525367840029923,-0.6557776412048295,0.08172801087595438,7.493861224
1.3043478260869565,2.21419251582182,1.0505780520447,0.801589352298185,1.2909532013449352,1.5370856640409623,4.201541865499551,2.095848142629857,4.084670915340454,3.2905959498051094,2.4910895700381355,0.7175271122120347,0.721904621597717,1.934710068987993,1,1,0.828420614,0.69125685,1,0.708821521,0.63838456,6,1,0.118288544,0.219112,1,0.249635736,0.64338269,1,0.148271098,0.88154458,4,4,1,0.9772751915,0.344055979,1,1,0.754618665,0.68985893,1,0.92086958,0.9789804,3,1,0.4925311695,0.032997413,1,0.80320391,0.004101,1,0.05353786,0.1268534,1,0.1727146,0.36727,1,0.4561613,0.247974,1,0.20598231,0.709211,1,0.57478598,0.2114866,1,0.70746493,0.7310762,1,0.783348675,0.7846366,1,0.973314149,0.58769631,1,0.98747636,0.9768005,2,1,0.767613157,0.85874833,1.1430258734713168,0.08406283532923298,0.37293734998065664,-1.023801139381921,2.752287269517165,1.7572696350862784,-0.41532605298738545,-0.26002282334462556,0.9254298300146766,0.5690193796357556,0.20405813662540956,-0.6494253307573368,-0.04360526043468366,-0.2881616945812877,0.16061373740990031,-0.9229373232026483,-0.6950754054632076,-0.5868903548435279,0.060620490728990895,7.493861224
1.4046822742474916,2.076749859376999,1.032169985972898,0.7536255896344985,1.3244834922216528,1.5365604885259372,4.233896415026961,2.097747893021646,3.928929639708392,3.28935331744075,2.451220969750355,0.6274802712852887,0.6445259531523438,1.8486028852294925,1,1,0.828420614,0.69125685,1,0.708821521,0.63838456,6,1,0.118288544,0.219112,1,0.249635736,0.64338269,1,0.148271098,0.88154458,4,4,1,0.9772751915,0.344055979,1,1,0.754618665,0.68985893,1,0.92086958,0.9789804,3,1,0.4925311695,0.032997413,1,0.80320391,0.004101,1,0.05353786,0.1268534,1,0.1727146,0.36727,1,0.4561613,0.247974,1,0.20598231,0.709211,1,0.57478598,0.2114866,1,0.70746493,0.7310762,1,0.783348675,0.7846366,1,0.973314149,0.58769631,1,0.98747636,0.9768005,2,1,0.767613157,0.85874833,1.029165543629507,0.09441139671106613,0.3730524222381048,-1.016894210346316,2.613735689865846,1.5697744537174196,-0.4385838414808756,-0.23051567313015253,0.7975162615935626,0.5075196293107789,0.17655580267143745,-0.634873495408651,-0.03239924306178432,-0.2546418794985217,0.1496312673617069,-0.9206848574777706,-0.6419324917300209,-0.5262471906208224,0.04244296064976849,7.493861224
1.5050167224080266,1.9526424145156676,1.0161353830629323,0.7124882171938165,1.356275970043243,1.5353042890989763,4.266315360269741,2.0999574377049077,3.772055487367162,3.285167438118992,2.4101247946244513,0.5502573002310093,0.5752685997311888,1.7702285313192434,1,1,0.828420614,0.69125685,1,0.708821521,0.63838456,6,1,0.118288544,0.219112,1,0.249635736,0.64338269,1,0.148271098,0.88154458,4,4,1,0.9772751915,0.344055979,1,1,0.754618665,0.68985893,1,0.92086958,0.9789804,3,1,0.4925311695,0.032997413,1,0.80320391,0.004101,1,0.05353786,0.1268534,1,0.1727146,0.36727,1,0.4561613,0.247974,1,0.20598231,0.709211,1,0.57478598,0.2114866,1,0.70746493,0.7310762,1,0.783348675,0.7846366,1,0.973314149,0.58769631,1,0.98747636,0.9768005,2,1,0.767613157,0.85874833,0.9263523779555118,0.10336806227834794,0.37332767060694505,-1.0092884098249304,2.4741762729731254,1.4089643195983224,-0.46410708302342396,-0.20598125819707835,0.6885885420505042,0.4524590112874335,0.15191082457196792,-0.6199970671517082,-0.0241228780051137,-0.22344276733924096,0.13994751332158023,-0.9160614853548861,-0.5929977900943592,-0.47260221112610745,0.026609169334190108,7.493861224
1.6053511705685617,1.840409989962132,1.0020382890750472,0.6769016314275653,1.3866630560447948,1.5333823360079526,4.298310681345922,2.1022211984998713,3.616041333365781,3.2788408953686017,2.3682907984176014,0.4838578658751646,0.5135259253378928,1.6989037224108092,1,1,0.828420614,0.69125685,1,0.708821521,0.63838456,6,1,0.118288544,0.219112,1,0.249635736,0.64338269,1,0.148271098,0.88154458,4,4,1,0.9772751915,0.344055979,1,1,0.754618665,0.68985893,1,0.92086958,0.9789804,3,1,0.4925311695,0.032997413,1,0.80320391,0.004101,1,0.05353786,0.1268534,1,0.1727146,0.36727,1,0.4561613,0.247974,1,0.20598231,0.709211,1,0.57478598,0.2114866,1,0.70746493,0.7310762,1,0.783348675,0.7846366,1,0.973314149,0.58769631,1,0.98747636,0.9768005,2,1,0.767613157,0.85874833,0.8333767238961631,0.11105654153334721,0.3737487935926255,-1.0009378460478155,2.33538193346917,1.269852769920145,-0.49095346823040975,-0.1857656043478455,0.5956252323516655,0.4033640553848199,0.12980190222690124,-0.6049646447241533,-0.017982612881845883,-0.19462518032986642,0.13136594626486148,-0.9098347691494473,-0.548076674433556,-0.4249688425045005,0.012688622276455508,7.493861224
1.7056856187290967,1.738798924709055,0.9895524542483408,0.645898235621344,1.4159247069424197,1.5308716900172095,4.3294757940368385,2.1043977405702985,3.462452312413274,3.2710101197478316,2.3261293859363588,0.42662476111968567,0.4586671098465044,1.6339976728080245,1,1,0.828420614,0.69125685,1,0.708821521,0.63838456,6,1,0.118288544,0.219112,1,0.249635736,0.64338269,1,0.148271098,0.88154458,4,4,1,0.9772751915,0.344055979,1,1,0.754618665,0.68985893,1,0.92086958,0.9789804,3,1,0.4925311695,0.032997413,1,0.80320391,0.004101,1,0.05353786,0.1268534,1,0.1727146,0.36727,1,0.4561613,0.247974,1,0.20598231,0.709211,1,0.57478598,0.2114866,1,0.70746493,0.7310762,1,0.783348675,0.7846366,1,0.973314149,0.58769631,1,0.98747636,0.9768005,2,1,0.767613157,0.85874833,0.7492000228300151,0.11758577271812176,0.37429890625694917,-0.9919059447223035,2.1987450568049307,1.148657371625444,-0.518362248969555,-0.1692565822520571,0.5161260086503049,0.3597388706507636,0.10994567675831135,-0.5899136479802001,-0.013401941888567331,-0.16822458047751843,0.12372895397564332,-0.9025700482820649,-0.506929774521565,-0.38254762261122,0.00035915555021825973,7.493861224
1.8060200668896318,1.646725550603369,0.9784306345994508,0.6187342496435121,1.4442932445639802,1.5278509578772042,4.359480891020357,2.1064212547449923,3.3125013433707124,3.262175650919145,2.2839802652970045,0.3771801879636583,0.4100603222416664,1.5749314411381912,1,1,0.828420614,0.69125685,1,0.708821521,0.63838456,6,1,0.118288544,0.219112,1,0.249635736,0.64338269,1,0.148271098,0.88154458,4,4,1,0.9772751915,0.344055979,1,1,0.754618665,0.68985893,1,0.92086958,0.9789804,3,1,0.4925311695,0.032997413,1,0.80320391,0.004101,1,0.05353786,0.1268534,1,0.1727146,0.36727,1,0.4561613,0.247974,1,0.20598231,0.709211,1,0.57478598,0.2114866,1,0.70746493,0.7310762,1,0.783348675,0.7846366,1,0.973314149,0.58769631,1,0.98747636,0.9768005,2,1,0.767613157,0.85874833,0.6729245417203309,0.12305073618725115,0.37496078491761003,-0.982314831069653,2.0653446878483033,1.0424706132318884,-0.5457281881426388,-0.1558992211986383,0.4480150223796532,0.321084514545898,0.09209268131522164,-0.5749552649862526,-0.00996178378758747,-0.14423283448512603,0.116908341836515,-0.8946798130678166,-0.4692965100148816,-0.3446774475675428,-0.010623378433244235,7.493861224
1.9063545150501668,1.5632479822011465,0.9684840510654138,0.5948240255135617,1.4719577234105667,1.524393565856084,4.388066819850953,2.108272321336822,3.167112594178248,3.252727903297783,2.242120744560193,0.33437296379422465,0.36709036762228997,1.5211760910822776,1,1,0.828420614,0.69125685,1,0.708821521,0.63838456,6,1,0.118288544,0.219112,1,0.249635736,0.64338269,1,0.148271098,0.88154458,4,4,1,0.9772751915,0.344055979,1,1,0.754618665,0.68985893,1,0.92086958,0.9789804,3,1,0.4925311695,0.032997413,1,0.80320391,0.004101,1,0.05353786,0.1268534,1,0.1727146,0.36727,1,0.4561613,0.247974,1,0.20598231,0.709211,1,0.57478598,0.2114866,1,0.70746493,0.7310762,1,0.783348675,0.7846366,1,0.973314149,0.58769631,1,0.98747636,0.9768005,2,1,0.767613157,0.85874833,0.6037700032493347,0.12754102223983976,0.37571834099814166,-0.9723086507845511,1.9360029909706231,0.9490031377702677,-0.5725778931160588,-0.1452045919143763,0.38956079843265085,0.2869138009049619,0.07602348179006635,-0.5601786608852148,-0.007356669620598805,-0.12259439358777668,0.11079970929237204,-0.8864632249414184,-0.4349097379473643,-0.3108102533017374,-0.02044539453587102,7.493861224
2.006688963210702,1.4875406928211528,0.9595651626803032,0.5736972615024158,1.4990698996642593,1.520564617387444,4.415038388258136,2.109958752010537,3.026972345926946,3.2429676147169912,2.2007741838553385,0.2972369747126942,0.3291713178574396,1.4722500288656897,1,1,0.828420614,0.69125685,1,0.708821521,0.63838456,6,1,0.118288544,0.219112,1,0.249635736,0.64338269,1,0.148271098,0.88154458,4,4,1,0.9772751915,0.344055979,1,1,0.754618665,0.68985893,1,0.92086958,0.9789804,3,1,0.4925311695,0.032997413,1,0.80320391,0.004101,1,0.05353786,0.1268534,1,0.1727146,0.36727,1,0.4561613,0.247974,1,0.20598231,0.709211,1,0.57478598,0.2114866,1,0.70746493,0.7310762,1,0.783348675,0.7846366,1,0.973314149,0.58769631,1,0.98747636,0.9768005,2,1,0.767613157,0.85874833,0.5410525240968846,0.13114186678112427,0.37655730955500233,-0.9620317419974989,1.8113305000773448,0.8664164883911958,-0.5985497663767121,-0.1367477006216209,0.3393131676835253,0.2567618543585215,0.06154522756570313,-0.5456546248383247,-0.005363601163389103,-0.10321346462988257,0.10531659980210589,-0.8781346196963398,-0.40350715823730166,-0.28048548280925234,-0.029252585973646217,7.493861224
2.107023411371237,1.4188738326723642,0.9515557884993339,0.5549709414579285,1.5257502231002795,1.5164202213309705,4.440257098580085,2.1115037931284233,2.8925698871189542,3.233122255308204,2.1601179757701425,0.2649588221846245,0.29575456275584894,1.4277156057334859,1,1,0.828420614,0.69125685,1,0.708821521,0.63838456,6,1,0.118288544,0.219112,1,0.249635736,0.64338269,1,0.148271098,0.88154458,4,4,1,0.9772751915,0.344055979,1,1,0.754618665,0.68985893,1,0.92086958,0.9789804,3,1,0.4925311695,0.032997413,1,0.80320391,0.004101,1,0.05353786,0.1268534,1,0.1727146,0.36727,1,0.4561613,0.247974,1,0.20598231,0.709211,1,0.57478598,0.2114866,1,0.70746493,0.7310762,1,0.783348675,0.7846366,1,0.973314149,0.58769631,1,0.98747636,0.9768005,2,1,0.767613157,0.85874833,0.4841674816509731,0.13393298619919647,0.37746539646372834,-0.951617589340062,1.6917624992291804,0.7932134163609292,-0.6233766108688958,-0.13016091178824407,0.2960541124831795,0.23019284241924076,0.04848847861593364,-0.5314386170020102,-0.00382013457213784,-0.0859636435365887,0.10038616832142871,-0.8698438493458174,-0.3748379525401294,-0.25330982097900145,-0.03716165363574786,7.493861224
2.207357859531772,1.3565976647121534,0.9443595999908632,0.5383279576372262,1.552092698123697,1.5120077235300275,4.463633580311054,2.1129379334301097,2.7642321170358235,3.2233601955639224,2.120290389636407,0.2368514331399007,0.2663334174737882,1.387175547407788,1,1,0.828420614,0.69125685,1,0.708821521,0.63838456,6,1,0.118288544,0.219112,1,0.249635736,0.64338269,1,0.148271098,0.88154458,4,4,1,0.9772751915,0.344055979,1,1,0.754618665,0.68985893,1,0.92086958,0.9789804,3,1,0.4925311695,0.032997413,1,0.80320391,0.004101,1,0.05353786,0.1268534,1,0.1727146,0.36727,1,0.4561613,0.247974,1,0.20598231,0.709211,1,0.57478598,0.2114866,1,0.70746493,0.7310762,1,0.783348675,0.7846366,1,0.973314149,0.58769631,1,0.98747636,0.9768005,2,1,0.767613157,0.85874833,0.4325766203518082,0.13598983348627058,0.37843222768188856,-0.9411827149422471,1.577589806718596,0.7281543155588965,-0.6468697180348668,-0.12512851075434872,0.25875763129274365,0.20680388491938925,0.03670426128330062,-0.5175732422353638,-0.002608179951702913,-0.07069698773194133,0.09594659860099602,-0.8616924358356517,-0.3486658637448129,-0.22894494436458468,-0.04426771966996634,7.493861224
2.307692307692307,1.3001297638166727,0.9378961644068129,0.5235020260370149,1.5781693062723907,1.5073664759683696,4.485120302933101,2.114293537430313,2.6421527237520332,3.213802579009826,2.081396617498758,0.21233253144813574,0.24044527436678306,1.3502695074121531,1,1,0.828420614,0.69125685,1,0.708821521,0.63838456,6,1,0.118288544,0.219112,1,0.249635736,0.64338269,1,0.148271098,0.88154458,4,4,1,0.9772751915,0.344055979,1,1,0.754618665,0.68985893,1,0.92086958,0.9789804,3,1,0.4925311695,0.032997413,1,0.80320391,0.004101,1,0.05353786,0.1268534,1,0.1727146,0.36727,1,0.4561613,0.247974,1,0.20598231,0.709211,1,0.57478598,0.2114866,1,0.70746493,0.7310762,1,0.783348675,0.7846366,1,0.973314149,0.58769631,1,0.98747636,0.9768005,2,1,0.767613157,0.85874833,0.3857974472206829,0.13738373093275058,0.3794491807176186,-0.930824103725751,1.4689847326064278,0.6701982549838468,-0.6689048813567529,-0.12138078574939337,0.22655696547641674,0.18622693021854356,0.026061455024439795,-0.5040903377584822,-0.0016419569589158634,-0.0572532089144171,0.0919448143637015,-0.8537460475551144,-0.3247711577038874,-0.20709714607969854,-0.050650209513598776,7.493861224
2.408026755852842,1.2489447847459754,0.9320967391237849,0.5102672889533778,1.6040339771425698,1.502529015200654,4.504704624677627,2.1156017938244243,2.526416677426444,3.2045331075430528,2.043514133115898,0.19090726774254993,0.21767174406584888,1.3166706925125902,1,1,0.828420614,0.69125685,1,0.708821521,0.63838456,6,1,0.118288544,0.219112,1,0.249635736,0.64338269,1,0.148271098,0.88154458,4,4,1,0.9772751915,0.344055979,1,1,0.754618665,0.68985893,1,0.92086958,0.9789804,3,1,0.4925311695,0.032997413,1,0.80320391,0.004101,1,0.05353786,0.1268534,1,0.1727146,0.36727,1,0.4561613,0.247974,1,0.20598231,0.709211,1,0.57478598,0.2114866,1,0.70746493,0.7310762,1,0.783348675,0.7846366,1,0.973314149,0.58769631,1,0.98747636,0.9768005,2,1,0.767613157,0.85874833,0.3433947554313588,0.13818135938040255,0.38050912642135426,-0.9206194529039327,1.3660228686051838,0.6184623341123925,-0.6894102167837199,-0.11868792252468374,0.19871812502673505,0.16812897023508389,0.016444467106650706,-0.49101273782070093,-0.0008592452823288077,-0.04546735807157909,0.08833470732224064,-0.8460438120608953,-0.3029512699282866,-0.1875088594045209,-0.05637700488217523,7.493861224
2.508361204013377,1.2025667416850263,0.9269016430339913,0.4984304329384513,1.6297258351718165,1.4975222565721602,4.522402364126849,2.1168909643251816,2.4170209226147255,3.1956061823594752,2.006697233566974,0.1721540938415384,0.1976373039072082,1.2860826884569705,1,1,0.828420614,0.69125685,1,0.708821521,0.63838456,6,1,0.118288544,0.219112,1,0.249635736,0.64338269,1,0.148271098,0.88154458,4,4,1,0.9772751915,0.344055979,1,1,0.754618665,0.68985893,1,0.92086958,0.9789804,3,1,0.4925311695,0.032997413,1,0.80320391,0.004101,1,0.05353786,0.1268534,1,0.1727146,0.36727,1,0.4561613,0.247974,1,0.20598231,0.709211,1,0.57478598,0.2114866,1,0.70746493,0.7310762,1,0.783348675,0.7846366,1,0.973314149,0.58769631,1,0.98747636,0.9768005,2,1,0.767613157,0.85874833,0.30497422852268885,0.13844489204576205,0.3816061673179608,-0.9106286472376477,1.2687014965103502,0.5721908711974115,-0.7083555847481651,-0.11685495458097739,0.17461833390879786,0.1522110342435606,0.00775118024487792,-0.4783557354371845,-0.00021503384333999842,-0.0351753861411489,0.08507599663904891,-0.8386055066019249,-0.2830203740637366,-0.16995281607359441,-0.06150703945877489,7.493861224
2.608695652173912,1.1605626577508368,0.9222581870912081,0.487824683221588,1.6552720020459215,1.4923685819825294,4.5382520562904185,2.118185406377562,2.3138921009473217,3.1870536715834934,1.9709809968923058,0.15571295223897805,0.18000715495830225,1.2582365555853214,1,1,0.828420614,0.69125685,1,0.708821521,0.63838456,6,1,0.118288544,0.219112,1,0.249635736,0.64338269,1,0.148271098,0.88154458,4,4,1,0.9772751915,0.344055979,1,1,0.754618665,0.68985893,1,0.92086958,0.9789804,3,1,0.4925311695,0.032997413,1,0.80320391,0.004101,1,0.05353786,0.1268534,1,0.1727146,0.36727,1,0.4561613,0.247974,1,0.20598231,0.709211,1,0.57478598,0.2114866,1,0.70746493,0.7310762,1,0.783348675,0.7846366,1,0.973314149,0.58769631,1,0.98747636,0.9768005,2,1,0.767613157,0.85874833,0.27017717951942,0.13823206489526696,0.382735399264644,-0.9008957191234417,1.1769553547659175,0.5307319268552169,-0.7257435206891238,-0.11571717721474606,0.15372799412528804,0.1382065298312598,-0.00010883886399454257,-0.46612834803895736,0.0003233054184497708,-0.02621877016949592,0.08213324611583461,-0.8314371971673851,-0.2648087241043776,-0.1542272692093276,-0.06609234243097473,7.493861224
2.7090301003344472,1.1225375534167856,0.9181192415982222,0.47830545206893516,1.6806899798458699,1.4870868321463717,4.552309900288783,2.119505313430429,2.216901362795582,3.178890315758841,1.9363846789070125,0.1412756906614781,0.16448441360279234,1.2328881773453904,1,1,0.828420614,0.69125685,1,0.708821521,0.63838456,6,1,0.118288544,0.219112,1,0.249635736,0.64338269,1,0.148271098,0.88154458,4,4,1,0.9772751915,0.344055979,1,1,0.754618665,0.68985893,1,0.92086958,0.9789804,3,1,0.4925311695,0.032997413,1,0.80320391,0.004101,1,0.05353786,0.1268534,1,0.1727146,0.36727,1,0.4561613,0.247974,1,0.20598231,0.709211,1,0.57478598,0.2114866,1,0.70746493,0.7310762,1,0.783348675,0.7846366,1,0.973314149,0.58769631,1,0.98747636,0.9768005,2,1,0.767613157,0.85874833,0.23867639923959127,0.13759606675162206,0.3838926940347442,-0.8914512321067563,1.0906698153163839,0.4935202930646505,-0.7416016705822619,-0.11513595671864163,0.13559603358182548,0.1258790333240684,-0.007215876974846436,-0.45433439364275074,0.000779434137931842,-0.018447552745565976,0.07947509561955524,-0.8245353740610868,-0.2481616962545118,-0.14015206235784738,-0.0701794532606268,7.493861224
2.8093645484949823,1.0881304281326474,0.914442279603635,0.469746790736116,1.7059896408558366,1.4816931426786097,4.5646453414258295,2.1208667670903285,2.1258770073467956,3.171118160359686,1.9029146261826777,0.12857802119232478,0.15080700095083377,1.2098158393743583,1,1,0.828420614,0.69125685,1,0.708821521,0.63838456,6,1,0.118288544,0.219112,1,0.249635736,0.64338269,1,0.148271098,0.88154458,4,4,1,0.9772751915,0.344055979,1,1,0.754618665,0.68985893,1,0.92086958,0.9789804,3,1,0.4925311695,0.032997413,1,0.80320391,0.004101,1,0.05353786,0.1268534,1,0.1727146,0.36727,1,0.4561613,0.247974,1,0.20598231,0.709211,1,0.57478598,0.2114866,1,0.70746493,0.7310762,1,0.783348675,0.7846366,1,0.973314149,0.58769631,1,0.98747636,0.9768005,2,1,0.767613157,0.85874833,0.21017282738573062,0.1365857322599452,0.3850745161214044,-0.8823146121407142,1.0096921285535805,0.4600636234925928,-0.7559763983376251,-0.11499513322311028,0.11983760785092827,0.11501983062312122,-0.013641414238130034,-0.442973416297633,0.001170588393979488,-0.011722245273626308,0.07707370021048388,-0.8178901555078639,-0.23293863874135567,-0.12756571261274852,-0.07381036630690019,7.493861224
2.9096989966555173,1.0570109653876687,0.9111886635061975,0.46203862432733134,1.7311748707582955,1.4762016044856001,4.575337376416965,2.122282006591754,2.0406149744399413,3.163730033158365,1.8705667355323439,0.11739289966294898,0.1387444312312287,1.1888180714358751,1,1,0.828420614,0.69125685,1,0.708821521,0.63838456,6,1,0.118288544,0.219112,1,0.249635736,0.64338269,1,0.148271098,0.88154458,4,4,1,0.9772751915,0.344055979,1,1,0.754618665,0.68985893,1,0.92086958,0.9789804,3,1,0.4925311695,0.032997413,1,0.80320391,0.004101,1,0.05353786,0.1268534,1,0.1727146,0.36727,1,0.4561613,0.247974,1,0.20598231,0.709211,1,0.57478598,0.2114866,1,0.70746493,0.7310762,1,0.783348675,0.7846366,1,0.973314149,0.58769631,1,0.98747636,0.9768005,2,1,0.767613157,0.85874833,0.1843928229511852,0.13524569613777981,0.38627777803795116,-0.8734962766763856,0.933840757132712,0.429931624279557,-0.7689276128416438,-0.1151978749604603,0.10612397140038606,0.10544536945389618,-0.019449258544228076,-0.4320414753208753,0.0015093897932386066,-0.005914935209869632,0.07490426310303239,-0.8114876392335966,-0.21901173735740143,-0.1163229830731406,-0.0770232352876351,7.493861224
3.0100334448160524,1.0288767414411053,0.9083231014286535,0.4550845026156349,1.7562449590369216,1.4706247949201403,4.584471422365028,2.1237598154759336,1.9608877092673196,3.1567123164963586,1.8393285697858468,0.10752493649680814,0.1280946276983838,1.16971169649283,1,1,0.828420614,0.69125685,1,0.708821521,0.63838456,6,1,0.118288544,0.219112,1,0.249635736,0.64338269,1,0.148271098,0.88154458,4,4,1,0.9772751915,0.344055979,1,1,0.754618665,0.68985893,1,0.92086958,0.9789804,3,1,0.4925311695,0.032997413,1,0.80320391,0.004101,1,0.05353786,0.1268534,1,0.1727146,0.36727,1,0.4561613,0.247974,1,0.20598231,0.709211,1,0.57478598,0.2114866,1,0.70746493,0.7310762,1,0.783348675,0.7846366,1,0.973314149,0.58769631,1,0.98747636,0.9768005,2,1,0.767613157,0.85874833,0.16108585187495972,0.13361657362053603,0.3874997239354582,-0.8649995614295503,0.8629132622466215,0.40274726176950715,-0.7805245159847765,-0.11566386558634001,0.09417392658024076,0.0969947287432228,-0.02469652388626542,-0.4215318306205339,0.001805178634738766,-0.0009097043238973646,0.0729446414196755,-0.805311655644861,-0.20626491054033969,-0.10629287787184277,-0.07985291009732243,7.493861224
3.1103678929765874,1.003450812309013,0.9058132467655177,0.44879968132120773,1.7811957666940559,1.4649741967633576,4.592136676249433,2.1253059519689703,1.8864516946084702,3.1500471810229684,1.8091811792522077,0.09880560913001042,0.11868084714014342,1.1523300551361366,1,1,0.828420614,0.69125685,1,0.708821521,0.63838456,6,1,0.118288544,0.219112,1,0.249635736,0.64338269,1,0.148271098,0.88154458,4,4,1,0.9772751915,0.344055979,1,1,0.754618665,0.68985893,1,0.92086958,0.9789804,3,1,0.4925311695,0.032997413,1,0.80320391,0.004101,1,0.05353786,0.1268534,1,0.1727146,0.36727,1,0.4561613,0.247974,1,0.20598231,0.709211,1,0.57478598,0.2114866,1,0.70746493,0.7310762,1,0.783348675,0.7846366,1,0.973314149,0.58769631,1,0.98747636,0.9768005,2,1,0.767613157,0.85874833,0.14002248805183115,0.13173524702334594,0.3887378377987872,-0.8568224116120151,0.7966930045013513,0.3781792620332889,-0.7908420954606243,-0.11632683359976381,0.08374650098234616,0.08952717202384602,-0.029434484079154444,-0.41143553929965365,0.0020650163177887357,0.0033975270883871977,0.07117502499741907,-0.7993450963846727,-0.19459272988861442,-0.09735703890791447,-0.08233133224420475,7.493861224
3.2107023411371225,0.980479681882353,0.9036293761263479,0.44310961095777623,1.8060206694708676,1.459260489641539,4.598424024100006,2.1269236001936624,1.8170534855401352,3.143714218454712,1.7801005895055548,0.0910893617265156,0.11034876980426608,1.136521439137213,1,1,0.828420614,0.69125685,1,0.708821521,0.63838456,6,1,0.118288544,0.219112,1,0.249635736,0.64338269,1,0.148271098,0.88154458,4,4,1,0.9772751915,0.344055979,1,1,0.754618665,0.68985893,1,0.92086958,0.9789804,3,1,0.4925311695,0.032997413,1,0.80320391,0.004101,1,0.05353786,0.1268534,1,0.1727146,0.36727,1,0.4561613,0.247974,1,0.20598231,0.709211,1,0.57478598,0.2114866,1,0.70746493,0.7310762,1,0.783348675,0.7846366,1,0.973314149,0.58769631,1,0.98747636,0.9768005,2,1,0.767613157,0.85874833,0.12099273007950351,0.12963505469772219,0.38998977959366304,-0.8489587771125682,0.7349545125545777,0.35593620361700506,-0.7999584502801111,-0.11713240995347629,0.07463498527505043,0.08291982942485437,-0.03370928306616322,-0.40174195174346256,0.002294327460947078,0.007099547015593122,0.06957765584885445,-0.7935707887874834,-0.18389944335207842,-0.08940834274735959,-0.08448785287368299,7.493861224
3.3110367892976575,0.9597314968247945,0.9017442102944534,0.43794862661510153,1.8307112585527732,1.4534937431085595,4.603424502255434,2.1286138060984356,1.7524344179299396,3.137691609048536,1.7520590129590863,0.08425040550765316,0.10296390107672733,1.1221477094826866,1,1,0.828420614,0.69125685,1,0.708821521,0.63838456,6,1,0.118288544,0.219112,1,0.249635736,0.64338269,1,0.148271098,0.88154458,4,4,1,0.9772751915,0.344055979,1,1,0.754618665,0.68985893,1,0.92086958,0.9789804,3,1,0.4925311695,0.032997413,1,0.80320391,0.004101,1,0.05353786,0.1268534,1,0.1727146,0.36727,1,0.4561613,0.247974,1,0.20598231,0.709211,1,0.57478598,0.2114866,1,0.70746493,0.7310762,1,0.783348675,0.7846366,1,0.973314149,0.58769631,1,0.98747636,0.9768005,2,1,0.767613157,0.85874833,0.10380450587473533,0.12734610569595617,0.3912533429599973,-0.8413997148122063,0.6774676719167781,0.3357613957697414,-0.8079528482598084,-0.11803636851992705,0.06666205002275213,0.07706562808915908,-0.03756252694164908,-0.392439123245986,0.002497338788636408,0.010278276613295612,0.06813663305860607,-0.7879720409866258,-0.17409803114320155,-0.08234978660993558,-0.08634940956735859,7.493861224
3.4113712374581926,0.9409944182887904,0.9001326672236878,0.43325885247514995,1.8552579720495515,1.4476835551023226,4.607227969499507,2.130375859238581,1.6923346486147535,3.1319570535025463,1.7250258835509455,0.07817990634311078,0.0964091286153476,1.1090830376958174,1,1,0.828420614,0.69125685,1,0.708821521,0.63838456,6,1,0.118288544,0.219112,1,0.249635736,0.64338269,1,0.148271098,0.88154458,4,4,1,0.9772751915,0.344055979,1,1,0.754618665,0.68985893,1,0.92086958,0.9789804,3,1,0.4925311695,0.032997413,1,0.80320391,0.004101,1,0.05353786,0.1268534,1,0.1727146,0.36727,1,0.4561613,0.247974,1,0.20598231,0.709211,1,0.57478598,0.2114866,1,0.70746493,0.7310762,1,0.783348675,0.7846366,1,0.973314149,0.58769631,1,0.98747636,0.9768005,2,1,0.767613157,0.85874833,0.0882823237693725,0.12489546655649997,0.39252642487441985,-0.8341343057685497,0.624001319201322,0.31742859608688967,-0.8149041067535774,-0.11900301234204669,0.05967545677316757,0.07187134482751302,-0.041031806487579536,-0.3835141701056802,0.002677402690835766,0.013005670518758505,0.06683769006773521,-0.7825330531079255,-0.16510941162142623,-0.07609344881785246,-0.0879407702528614,7.493861224
3.5117056856187276,0.9240750876951769,0.8987716463842784,0.42898920863908435,1.879650617870817,1.4418391513503002,4.6099220358,2.132207627693552,1.6364965301821166,3.126488497613006,1.6989687485441325,0.07278351172712526,0.09058251358699405,1.0972127544875303,1,1,0.828420614,0.69125685,1,0.708821521,0.63838456,6,1,0.118288544,0.219112,1,0.249635736,0.64338269,1,0.148271098,0.88154458,4,4,1,0.9772751915,0.344055979,1,1,0.754618665,0.68985893,1,0.92086958,0.9789804,3,1,0.4925311695,0.032997413,1,0.80320391,0.004101,1,0.05353786,0.1268534,1,0.1727146,0.36727,1,0.4561613,0.247974,1,0.20598231,0.709211,1,0.57478598,0.2114866,1,0.70746493,0.7310762,1,0.783348675,0.7846366,1,0.973314149,0.58769631,1,0.98747636,0.9768005,2,1,0.767613157,0.85874833,0.07426600153054219,0.12230740330274026,0.393807003869333,-0.8271504043401467,0.5743262444197553,0.30073812809677847,-0.8208893067938279,-0.12000373907393236,0.05354429257434763,0.06725584557259351,-0.04415115894329513,-0.37495357998799694,0.0028372614826665254,0.015344715584399593,0.0656679998882258,-0.7772392101069405,-0.15686170683503753,-0.07055961196688892,-0.08928474615724546,7.493861224
3.6120401337792627,0.9087972042785143,0.8976398772710811,0.42509454228875443,1.903878763471622,1.4359694421377893,4.611591313816082,2.1341058608579133,1.5846671923839781,3.1212646327838525,1.6738539825219507,0.06797928025480071,0.0853953528205021,1.0864323168134045,1,1,0.828420614,0.69125685,1,0.708821521,0.63838456,6,1,0.118288544,0.219112,1,0.249635736,0.64338269,1,0.148271098,0.88154458,4,4,1,0.9772751915,0.344055979,1,1,0.754618665,0.68985893,1,0.92086958,0.9789804,3,1,0.4925311695,0.032997413,1,0.80320391,0.004101,1,0.05353786,0.1268534,1,0.1727146,0.36727,1,0.4561613,0.247974,1,0.20598231,0.709211,1,0.57478598,0.2114866,1,0.70746493,0.7310762,1,0.783348675,0.7846366,1,0.973314149,0.58769631,1,0.98747636,0.9768005,2,1,0.767613157,0.85874833,0.061609487969890186,0.11960366292359215,0.3950931275943047,-0.8204352118773932,0.528217487476098,0.28551348488338935,-0.8259828990433906,-0.1210158616391297,0.04815582540235117,0.06314854095091153,-0.046951463306192986,-0.3667434643497854,0.002979231964698667,0.017350296511213226,0.06461602399142491,-0.7720772334655805,-0.14928955070712857,-0.0656760205602342,-0.09040234140150605,7.493861224
3.7123745819397977,0.8950002179746763,0.8967177981818512,0.42153490021717954,1.9279320198820116,1.4300830428855744,4.612316935834256,2.136066459416906,1.5366004278859058,3.1162651976599354,1.649647346570687,0.06369597764016008,0.08077047927681297,1.0766463896264218,1,1,0.828420614,0.69125685,1,0.708821521,0.63838456,6,1,0.118288544,0.219112,1,0.249635736,0.64338269,1,0.148271098,0.88154458,4,4,1,0.9772751915,0.344055979,1,1,0.754618665,0.68985893,1,0.92086958,0.9789804,3,1,0.4925311695,0.032997413,1,0.80320391,0.004101,1,0.05353786,0.1268534,1,0.1727146,0.36727,1,0.4561613,0.247974,1,0.20598231,0.709211,1,0.57478598,0.2114866,1,0.70746493,0.7310762,1,0.783348675,0.7846366,1,0.973314149,0.58769631,1,0.98747636,0.9768005,2,1,0.767613157,0.85874833,0.05017978010471513,0.11680372232804515,0.396382908307256,-0.8139756976652226,0.4854560157794784,0.27159848533471,-0.8302561429313973,-0.1220216248842334,0.043412924143733725,0.059488031542673014,-0.04946077356088591,-0.3588697602562514,0.0031053116820564663,0.019069969754408722,0.06367138553527812,-0.7670352107107452,-0.14233346350408027,-0.06137721048048278,-0.09131287270417088,7.493861224
3.812709030100333,0.8825381228716109,0.8959874207388847,0.4182749186591157,1.9518002653714845,1.4241882744728818,4.612176216603017,2.1380847031949295,1.492058122103732,3.1114711583278827,1.6263144381748567,0.05987162625625733,0.07664074334411775,1.0677680203858912,1,1,0.828420614,0.69125685,1,0.708821521,0.63838456,6,1,0.118288544,0.219112,1,0.249635736,0.64338269,1,0.148271098,0.88154458,4,4,1,0.9772751915,0.344055979,1,1,0.754618665,0.68985893,1,0.92086958,0.9789804,3,1,0.4925311695,0.032997413,1,0.80320391,0.004101,1,0.05353786,0.1268534,1,0.1727146,0.36727,1,0.4561613,0.247974,1,0.20598231,0.709211,1,0.57478598,0.2114866,1,0.70746493,0.7310762,1,0.783348675,0.7846366,1,0.973314149,0.58769631,1,0.98747636,0.9768005,2,1,0.767613157,0.85874833,0.03985592362770729,0.11392497173650107,0.3976745228036979,-0.8077589106427601,0.44582999626483033,0.2588548889289368,-0.8337767380738152,-0.12300734687465864,0.03923186822452272,0.05622089685175109,-0.051704606708448286,-0.35131839555820554,0.003217238545664594,0.020544790240713873,0.06282474330636745,-0.7621025659600749,-0.13593931025184358,-0.05760387991075305,-0.09203410316297755,7.493861224
3.913043478260868,0.8712783249886347,0.8954321891525894,0.41528328177601265,1.9754738232597837,1.4182931552744564,4.611242416417266,2.140155436023718,1.4508113551019732,3.1068648210113103,1.6038210581530363,0.05645223351947463,0.07294766422006116,1.0597178869490955,1,1,0.828420614,0.69125685,1,0.708821521,0.63838456,6,1,0.118288544,0.219112,1,0.249635736,0.64338269,1,0.148271098,0.88154458,4,4,1,0.9772751915,0.344055979,1,1,0.754618665,0.68985893,1,0.92086958,0.9789804,3,1,0.4925311695,0.032997413,1,0.80320391,0.004101,1,0.05353786,0.1268534,1,0.1727146,0.36727,1,0.4561613,0.247974,1,0.20598231,0.709211,1,0.57478598,0.2114866,1,0.70746493,0.7310762,1,0.783348675,0.7846366,1,0.973314149,0.58769631,1,0.98747636,0.9768005,2,1,0.767613157,0.85874833,0.03052807495197629,0.11098288143085733,0.3989662141615033,-0.8017722097543449,0.40913577567102466,0.24716027889760483,-0.8366085757932109,-0.12396267306982889,0.03554043231931235,0.05330061992039484,-0.05370619865981713,-0.3440754250319,0.0033165370712908565,0.021810154445981084,0.06206767172944283,-0.7572700115229896,-0.13005782084989248,-0.05430232282574904,-0.0925823812287695,7.493861224
4.013377926421403,0.8611005673802379,0.8950368618779876,0.41253222719174054,1.9989435881097395,1.4124053885352572,4.609584621473048,2.142273217174095,1.412641177218587,3.102429888283101,1.5821334994081848,0.05339068837403769,0.06964026481790214,1.0524236121367458,1,1,0.828420614,0.69125685,1,0.708821521,0.63838456,6,1,0.118288544,0.219112,1,0.249635736,0.64338269,1,0.148271098,0.88154458,4,4,1,0.9772751915,0.344055979,1,1,0.754618665,0.68985893,1,0.92086958,0.9789804,3,1,0.4925311695,0.032997413,1,0.80320391,0.004101,1,0.05353786,0.1268534,1,0.1727146,0.36727,1,0.4561613,0.247974,1,0.20598231,0.709211,1,0.57478598,0.2114866,1,0.70746493,0.7310762,1,0.783348675,0.7846366,1,0.973314149,0.58769631,1,0.98747636,0.9768005,2,1,0.767613157,0.85874833,0.022096610744885004,0.10799119161699999,0.4002562945072627,-0.7960034233073803,0.37517857055727466,0.2364061293149189,-0.8388116141615591,-0.12487995806760477,0.032276230210336605,0.05068665866563235,-0.05548673154670314,-0.3371271386089324,0.0034045619911170673,0.02289652843874243,0.06139256081945277,-0.752529481863488,-0.12464414495841536,-0.051423936144658844,-0.09297275756690193,7.493861224
4.113712374581938,0.8518959152364665,0.8947874147029085,0.40999711080085,2.022201104473456,1.406532345796506,4.60726773507553,2.144432448800622,1.3773390737848423,3.098151458903448,1.5612187643415814,0.050645825565878815,0.06667407419590782,1.045819143577508,1,1,0.828420614,0.69125685,1,0.708821521,0.63838456,6,1,0.118288544,0.219112,1,0.249635736,0.64338269,1,0.148271098,0.88154458,4,4,1,0.9772751915,0.344055979,1,1,0.754618665,0.68985893,1,0.92086958,0.9789804,3,1,0.4925311695,0.032997413,1,0.80320391,0.004101,1,0.05353786,0.1268534,1,0.1727146,0.36727,1,0.4561613,0.247974,1,0.20598231,0.709211,1,0.57478598,0.2114866,1,0.70746493,0.7310762,1,0.783348675,0.7846366,1,0.973314149,0.58769631,1,0.98747636,0.9768005,2,1,0.767613157,0.85874833,0.014471287164285473,0.10496210150236507,0.40154314864783597,-0.7904409492695508,0.34377288073028944,0.22649610388938957,-0.8404418720572062,-0.12575376013970807,0.02938531683004996,0.048343650954043506,-0.05706553291182748,-0.33046014408842733,0.0034825313003848633,0.023830045338446765,0.060792533525160064,-0.7478740433191278,-0.11965744131736877,-0.04892477575589965,-0.09321908075536134,7.493861224
4.214046822742474,0.8435658109720813,0.8946709467309824,0.4076560390002086,2.0452386139227334,1.40068104862458,4.604352536104907,2.1466274821424483,1.3447071953285505,3.0940159851212106,1.5410447261815545,0.04818163331795879,0.06401025814696928,1.0398441937636957,1,1,0.828420614,0.69125685,1,0.708821521,0.63838456,6,1,0.118288544,0.219112,1,0.249635736,0.64338269,1,0.148271098,0.88154458,4,4,1,0.9772751915,0.344055979,1,1,0.754618665,0.68985893,1,0.92086958,0.9789804,3,1,0.4925311695,0.032997413,1,0.80320391,0.004101,1,0.05353786,0.1268534,1,0.1727146,0.36727,1,0.4561613,0.247974,1,0.20598231,0.709211,1,0.57478598,0.2114866,1,0.70746493,0.7310762,1,0.783348675,0.7846366,1,0.973314149,0.58769631,1,0.98747636,0.9768005,2,1,0.767613157,0.85874833,0.00757045707489945,0.10190642242791847,0.402825238073771,-0.7850738135641746,0.31474269403918786,0.2173446183202412,-0.8415515017192892,-0.126580415454693,0.02682100993121537,0.04624072169495284,-0.05846025016177325,-0.3240614295439246,0.003551543180850221,0.024633055212302746,0.06026136922942843,-0.7432977877516875,-0.11506051204177681,-0.04676513804155674,-0.09333409012433558,7.493861224
4.314381270903009,0.8360211985627987,0.8946755845676255,0.40548955276777277,2.068049081889431,1.3948581517579286,4.6008957724298725,2.1488527019820984,1.3145584267332733,3.090011208021723,1.5215802477416078,0.045966570385056416,0.061614854903297864,1.0344437317214958,1,1,0.828420614,0.69125685,1,0.708821521,0.63838456,6,1,0.118288544,0.219112,1,0.249635736,0.64338269,1,0.148271098,0.88154458,4,4,1,0.9772751915,0.344055979,1,1,0.754618665,0.68985893,1,0.92086958,0.9789804,3,1,0.4925311695,0.032997413,1,0.80320391,0.004101,1,0.05353786,0.1268534,1,0.1727146,0.36727,1,0.4561613,0.247974,1,0.20598231,0.709211,1,0.57478598,0.2114866,1,0.70746493,0.7310762,1,0.783348675,0.7846366,1,0.973314149,0.58769631,1,0.98747636,0.9768005,2,1,0.767613157,0.85874833,0.0013203446304095312,0.09883370160379146,0.4041011046520167,-0.7798916988649944,0.2879215479013698,0.20887560532949778,-0.8421889019776057,-0.12735767514272522,0.024542878689419644,0.04435087362771738,-0.05968700565496482,-0.3179184098504504,0.003612584006863883,0.025324658718175547,0.059793430814768345,-0.7387957255298547,-0.11081947882336673,-0.044909170358708006,-0.09332951037028892,7.493861224
4.414715719063545,0.8291817059880662,0.8947903943069938,0.4034803438179257,2.0906262067238615,1.3890699295746516,4.596950286886808,2.1511025914688493,1.2867163248427484,3.086126083049031,1.5027952645570832,0.04397297159268162,0.05945811480984234,1.029567519219717,1,1,0.828420614,0.69125685,1,0.708821521,0.63838456,6,1,0.118288544,0.219112,1,0.249635736,0.64338269,1,0.148271098,0.88154458,4,4,1,0.9772751915,0.344055979,1,1,0.754618665,0.68985893,1,0.92086958,0.9789804,3,1,0.4925311695,0.032997413,1,0.80320391,0.004101,1,0.05353786,0.1268534,1,0.1727146,0.36727,1,0.4561613,0.247974,1,0.20598231,0.709211,1,0.57478598,0.2114866,1,0.70746493,0.7310762,1,0.783348675,0.7846366,1,0.973314149,0.58769631,1,0.98747636,0.9768005,2,1,0.767613157,0.85874833,-0.004345632007798805,0.09575234321079873,0.4053693735910389,-0.7748849496440593,0.26315247379375395,0.20102140508459665,-0.842398861362788,-0.1280844050808514,0.022515867390122936,0.042650461131759444,-0.06076053623625688,-0.31201895955536585,0.0036665377563030975,0.02592117913157399,0.05938360036539597,-0.7343636852200419,-0.10690348796788218,-0.04332452108230167,-0.09321613846676491,7.493861224
4.51505016722408,0.8229748787001228,0.8950053061420767,0.4016129988127552,2.112964411675532,1.383322266285061,4.592565177131969,2.153371782308097,1.261014936911082,3.0823506982272098,1.484660837268119,0.04217653422909948,0.057513938929324215,1.0251696878643535,1,1,0.828420614,0.69125685,1,0.708821521,0.63838456,6,1,0.118288544,0.219112,1,0.249635736,0.64338269,1,0.148271098,0.88154458,4,4,1,0.9772751915,0.344055979,1,1,0.754618665,0.68985893,1,0.92086958,0.9789804,3,1,0.4925311695,0.032997413,1,0.80320391,0.004101,1,0.05353786,0.1268534,1,0.1727146,0.36727,1,0.4561613,0.247974,1,0.20598231,0.709211,1,0.57478598,0.2114866,1,0.70746493,0.7310762,1,0.783348675,0.7846366,1,0.973314149,0.58769631,1,0.98747636,0.9768005,2,1,0.767613157,0.85874833,-0.009487495680668867,0.09266973184677518,0.40662875558974765,-0.7700445587793054,0.2402878357412409,0.19372176529449825,-0.8422227300934857,-0.12876034459828567,0.02070954251552152,0.041118743075465876,-0.0616943187117428,-0.3063514338109442,0.0037141983620923302,0.0264365456340393,0.05902722521979403,-0.7299982182927223,-0.10328443762458239,-0.04198202519229466,-0.09300391811013631,7.493861224
4.615384615384616,0.8173354666077691,0.8953110465542059,0.39987377672208707,2.1350588240203012,1.3776206496886196,4.587785976444102,2.155655094380852,1.237298525581057,3.078676186308549,1.4671491795462603,0.040555878315845395,0.055759397517274704,1.0212083545984405,1,1,0.828420614,0.69125685,1,0.708821521,0.63838456,6,1,0.118288544,0.219112,1,0.249635736,0.64338269,1,0.148271098,0.88154458,4,4,1,0.9772751915,0.344055979,1,1,0.754618665,0.68985893,1,0.92086958,0.9789804,3,1,0.4925311695,0.032997413,1,0.80320391,0.004101,1,0.05353786,0.1268534,1,0.1727146,0.36727,1,0.4561613,0.247974,1,0.20598231,0.709211,1,0.57478598,0.2114866,1,0.70746493,0.7310762,1,0.783348675,0.7846366,1,0.973314149,0.58769631,1,0.98747636,0.9768005,2,1,0.767613157,0.85874833,-0.014159300908815453,0.08959234349545553,0.40787804820542717,-0.7653621428300064,0.2191890856501063,0.18692297088762344,-0.841698611099285,-0.129385910855206,0.019097452078119866,0.039737499340158855,-0.06250068221634286,-0.30090467970924495,0.0037562798420617376,0.026882618272494885,0.05872007061519946,-0.7256965068666528,-0.0999367292126142,-0.04085541376412527,-0.09270200668086215,7.493861224
4.715719063545151,0.8122047675849667,0.8956990732410038,0.3982504180947971,2.1569052468458985,1.3719701683905756,4.5826548401508,2.1579475660673855,1.2154212320220543,3.0750946348808523,1.4502336677516976,0.03909216919731014,0.054174310322627,1.0176452721830616,1,1,0.828420614,0.69125685,1,0.708821521,0.63838456,6,1,0.118288544,0.219112,1,0.249635736,0.64338269,1,0.148271098,0.88154458,4,4,1,0.9772751915,0.344055979,1,1,0.754618665,0.68985893,1,0.92086958,0.9789804,3,1,0.4925311695,0.032997413,1,0.80320391,0.004101,1,0.05353786,0.1268534,1,0.1727146,0.36727,1,0.4561613,0.247974,1,0.20598231,0.709211,1,0.57478598,0.2114866,1,0.70746493,0.7310762,1,0.783348675,0.7846366,1,0.973314149,0.58769631,1,0.98747636,0.9768005,2,1,0.767613157,0.85874833,-0.018409677743534636,0.08652583723804863,0.4091161364636042,-0.7608299111841821,0.19972646362653645,0.18057709843419145,-0.8408615564633006,-0.12996203645617488,0.017656579077128573,0.038490696546471644,-0.06319090908560288,-0.295668040309655,0.0037934220133444135,0.02726948772265228,0.05845827587205543,-0.7214562765375476,-0.09683704414972372,-0.03992104333725788,-0.09231883950060005,7.493861224
4.816053511705687,0.8075300236819896,0.896161513873066,0.3967319777791284,2.178500126589193,1.3663755124473251,4.577210733231862,2.1602444756028727,1.1952466969363262,3.071598998864521,1.4338888363625153,0.03776879074703635,0.05274088232679633,1.0144455106777819,1,1,0.828420614,0.69125685,1,0.708821521,0.63838456,6,1,0.118288544,0.219112,1,0.249635736,0.64338269,1,0.148271098,0.88154458,4,4,1,0.9772751915,0.344055979,1,1,0.754618665,0.68985893,1,0.92086958,0.9789804,3,1,0.4925311695,0.032997413,1,0.80320391,0.004101,1,0.05353786,0.1268534,1,0.1727146,0.36727,1,0.4561613,0.247974,1,0.20598231,0.709211,1,0.57478598,0.2114866,1,0.70746493,0.7310762,1,0.783348675,0.7846366,1,0.973314149,0.58769631,1,0.98747636,0.9768005,2,1,0.767613157,0.85874833,-0.022282331957931722,0.08347513603988099,0.4103419927166417,-0.7564406307969749,0.18177866081373384,0.17464136223308557,-0.8397437628733662,-0.13049003540517745,0.01636687113602199,0.037364197962554906,-0.06377532607278713,-0.2906313528487262,0.003826195033450469,0.027605745157609274,0.05823831467577939,-0.7172757172984052,-0.09396414190501812,-0.039157648269155354,-0.09186219030853526,7.493861224
4.916387959866222,0.8032638634810022,0.8966911113650111,0.3953086748191932,2.1998405169689974,1.360840977321633,4.571489620543151,2.162541354905492,1.1766476485511401,3.0681830175732556,1.4180903617081555,0.03657106155003062,0.05144339263854559,1.0115771667021491,1,1,0.828420614,0.69125685,1,0.708821521,0.63838456,6,1,0.118288544,0.219112,1,0.249635736,0.64338269,1,0.148271098,0.88154458,4,4,1,0.9772751915,0.344055979,1,1,0.754618665,0.68985893,1,0.92086958,0.9789804,3,1,0.4925311695,0.032997413,1,0.80320391,0.004101,1,0.05353786,0.1268534,1,0.1727146,0.36727,1,0.4561613,0.247974,1,0.20598231,0.709211,1,0.57478598,0.2114866,1,0.70746493,0.7310762,1,0.783348675,0.7846366,1,0.973314149,0.58769631,1,0.98747636,0.9768005,2,1,0.767613157,0.85874833,-0.025816507011055978,0.08044450463088793,0.4115546757771023,-0.7521875876052202,0.16523245285877375,0.169077527542153,-0.8383747654372025,-0.1309714961895283,0.015210834730558363,0.036345515844185744,-0.06426338722084929,-0.28578494208283933,0.0038551057269728788,0.027898705834818405,0.05805696069487126,-0.7131534131216697,-0.09129867474674858,-0.03854611695540955,-0.09133922530492411,7.493861224
5.016722408026758,0.799363787803181,0.8972811753322362,0.39397175901543247,2.220924039905206,1.3553704708430347,4.565524657159766,2.164833998059824,1.1595054673995329,3.06484113662459,1.4028150365744236,0.03548598940810588,0.05026792912462888,1.0090110982577618,1,1,0.828420614,0.69125685,1,0.708821521,0.63838456,6,1,0.118288544,0.219112,1,0.249635736,0.64338269,1,0.148271098,0.88154458,4,4,1,0.9772751915,0.344055979,1,1,0.754618665,0.68985893,1,0.92086958,0.9789804,3,1,0.4925311695,0.032997413,1,0.80320391,0.004101,1,0.05353786,0.1268534,1,0.1727146,0.36727,1,0.4561613,0.247974,1,0.20598231,0.709211,1,0.57478598,0.2114866,1,0.70746493,0.7310762,1,0.783348675,0.7846366,1,0.973314149,0.58769631,1,0.98747636,0.9768005,2,1,0.767613157,0.85874833,-0.029047410098723137,0.07743762292642975,0.4127533293926409,-0.7480645470254985,0.14998231272999163,0.16385138894959428,-0.8367816279201219,-0.13140819848592278,0.014173186808576578,0.03542360025948582,-0.06466374913887196,-0.2811196097592222,0.003880604722269348,0.028154591767492132,0.05791125788481244,-0.7090882788681725,-0.08882301770028622,-0.0380692882269813,-0.09075655108640157,7.493861224
5.117056856187293,0.7957916988245,0.8979255375340243,0.39271339469657446,2.2417488451302954,1.3499675227026213,4.559346373139557,2.167118465893436,1.1437097403514669,3.061568434673792,1.3880407384562854,0.03450205959767646,0.049202158734834724,1.0067206831595719,1,1,0.828420614,0.69125685,1,0.708821521,0.63838456,6,1,0.118288544,0.219112,1,0.249635736,0.64338269,1,0.148271098,0.88154458,4,4,1,0.9772751915,0.344055979,1,1,0.754618665,0.68985893,1,0.92086958,0.9789804,3,1,0.4925311695,0.032997413,1,0.80320391,0.004101,1,0.05353786,0.1268534,1,0.1727146,0.36727,1,0.4561613,0.247974,1,0.20598231,0.709211,1,0.57478598,0.2114866,1,0.70746493,0.7310762,1,0.783348675,0.7846366,1,0.973314149,0.58769631,1,0.98747636,0.9768005,2,1,0.767613157,0.85874833,-0.03200660224370466,0.07445765039247587,0.41393718016558323,-0.7440657157873298,0.13593001397124127,0.15893231602683944,-0.8349891254937591,-0.13180204737014778,0.013240556636906736,0.034588656331712674,-0.06498433930643932,-0.2766266213162657,0.0039030921971614993,0.02837869160981693,0.05779849390950215,-0.7050795034862569,-0.08652111390806294,-0.037711764292767624,-0.09012025864485829,7.493861224
5.217391304347829,0.7925134709250883,0.8986185102854316,0.3915265595227208,2.2623135703023594,1.3446352959896035,4.552982849948346,2.1693910870460313,1.129157813300112,3.058360555339459,1.373746393603404,0.03360905176227382,0.04823512754594307,1.004681598975772,1,1,0.828420614,0.69125685,1,0.708821521,0.63838456,6,1,0.118288544,0.219112,1,0.249635736,0.64338269,1,0.148271098,0.88154458,4,4,1,0.9772751915,0.344055979,1,1,0.754618665,0.68985893,1,0.92086958,0.9789804,3,1,0.4925311695,0.032997413,1,0.80320391,0.004101,1,0.05353786,0.1268534,1,0.1727146,0.36727,1,0.4561613,0.247974,1,0.20598231,0.709211,1,0.57478598,0.2114866,1,0.70746493,0.7310762,1,0.783348675,0.7846366,1,0.973314149,0.58769631,1,0.98747636,0.9768005,2,1,0.767613157,0.85874833,-0.03472235381296729,0.07150728149265628,0.415105535025126,-0.7401857056345951,0.12298423275971937,0.15429285773961232,-0.833019917814795,-0.1321550201304058,0.012401230003135595,0.03383198513221474,-0.06523241812745234,-0.2722976906859962,0.003922922198021872,0.028575504129684542,0.05771617601088269,-0.7011264994878168,-0.08437833454034649,-0.037459739306432205,-0.08943596443471935,7.493861224
5.317725752508364,0.7894985588177029,0.899354848304055,0.39040495475406634,2.2826173023282226,1.339376600372352,4.546459889430876,2.1716484558538327,1.1157543471473912,3.0552136447626643,1.3599119381067655,0.03279788064876703,0.04735708813188694,1.0028716221887755,1,1,0.828420614,0.69125685,1,0.708821521,0.63838456,6,1,0.118288544,0.219112,1,0.249635736,0.64338269,1,0.148271098,0.88154458,4,4,1,0.9772751915,0.344055979,1,1,0.754618665,0.68985893,1,0.92086958,0.9789804,3,1,0.4925311695,0.032997413,1,0.80320391,0.004101,1,0.05353786,0.1268534,1,0.1727146,0.36727,1,0.4561613,0.247974,1,0.20598231,0.709211,1,0.57478598,0.2114866,1,0.70746493,0.7310762,1,0.783348675,0.7846366,1,0.973314149,0.58769631,1,0.98747636,0.9768005,2,1,0.767613157,0.85874833,-0.037219969152123444,0.06858879597420697,0.4162577783392132,-0.7364194985590713,0.11106015289890103,0.14990839167931602,-0.8308947127101165,-0.13246912386977439,0.011644928539808086,0.033145846349736385,-0.06541463552424287,-0.26812496372580114,0.003940406965783676,0.028748860742804777,0.05766200952642048,-0.6972288587959987,-0.08238135109687783,-0.03730084352779395,-0.08870884804835955,7.493861224
5.4180602006689,0.7867196402623383,0.9001297143930796,0.3893429253134329,2.3026595398376175,1.3341939066763433,4.539801175528589,2.1738874277289,1.1034108806776002,3.0521242950714056,1.3465182768113007,0.03206045790758276,0.04655935200166525,1.0012704452110979,1,1,0.828420614,0.69125685,1,0.708821521,0.63838456,6,1,0.118288544,0.219112,1,0.249635736,0.64338269,1,0.148271098,0.88154458,4,4,1,0.9772751915,0.344055979,1,1,0.754618665,0.68985893,1,0.92086958,0.9789804,3,1,0.4925311695,0.032997413,1,0.80320391,0.004101,1,0.05353786,0.1268534,1,0.1727146,0.36727,1,0.4561613,0.247974,1,0.20598231,0.709211,1,0.57478598,0.2114866,1,0.70746493,0.7310762,1,0.783348675,0.7846366,1,0.973314149,0.58769631,1,0.98747636,0.9768005,2,1,0.767613157,0.85874833,-0.039522082568014594,0.06570410551464423,0.41739336872033306,-0.7327624138924085,0.10007907693928852,0.14575681157942122,-0.8286324204020441,-0.1327463636219881,0.010962619945369283,0.032523340945802864,-0.06553708254531448,-0.2641010006104444,0.003955821687336519,0.028902024456101405,0.057633879141415656,-0.6933863146823755,-0.0805180187129747,-0.03722400234626866,-0.08794368610328196,7.493861224
5.518394648829435,0.7841523024819107,0.9009386492729131,0.38833539282005686,2.3224401575510965,1.3290893629138942,4.5330284248280295,2.1761051124246227,1.0920454090399245,3.0490894957218537,1.333547240676985,0.031389578856146454,0.045834170399928965,0.9998595156964454,1,1,0.828420614,0.69125685,1,0.708821521,0.63838456,6,1,0.118288544,0.219112,1,0.249635736,0.64338269,1,0.148271098,0.88154458,4,4,1,0.9772751915,0.344055979,1,1,0.754618665,0.68985893,1,0.92086958,0.9789804,3,1,0.4925311695,0.032997413,1,0.80320391,0.004101,1,0.05353786,0.1268534,1,0.1727146,0.36727,1,0.4561613,0.247974,1,0.20598231,0.709211,1,0.57478598,0.2114866,1,0.70746493,0.7310762,1,0.783348675,0.7846366,1,0.973314149,0.58769631,1,0.98747636,0.9768005,2,1,0.767613157,0.85874833,-0.04164891810842186,0.06285479099254665,0.41851183551321075,-0.7292100787560589,0.0899680511852523,0.14181826553779509,-0.8262502940843013,-0.1329887215047516,0.010346364575546524,0.03195831640249706,-0.06560533681045805,-0.2602187574035082,0.003969409026274184,0.02903775002366915,0.057629832972906525,-0.689598710958121,-0.07877727370947929,-0.037219311128810995,-0.08714488203266701,7.493861224
5.618729096989971,0.78177472120355,0.9017775409467963,0.3873777843607676,2.3419593704020496,1.3240648096814116,4.526161535922929,2.178298867833041,1.0815819642610152,3.0461065821562667,1.3209815455710292,0.030778801982382243,0.0451746034928944,0.998621870086315,1,1,0.828420614,0.69125685,1,0.708821521,0.63838456,6,1,0.118288544,0.219112,1,0.249635736,0.64338269,1,0.148271098,0.88154458,4,4,1,0.9772751915,0.344055979,1,1,0.754618665,0.68985893,1,0.92086958,0.9789804,3,1,0.4925311695,0.032997413,1,0.80320391,0.004101,1,0.05353786,0.1268534,1,0.1727146,0.36727,1,0.4561613,0.247974,1,0.20598231,0.709211,1,0.57478598,0.2114866,1,0.70746493,0.7310762,1,0.783348675,0.7846366,1,0.973314149,0.58769631,1,0.98747636,0.9768005,2,1,0.767613157,0.85874833,-0.04361855545087634,0.0600421520919705,0.4196127754210865,-0.7257583988019118,0.08065949250786475,0.1380748775760594,-0.8237640717044736,-0.1331981334690897,0.009789151240502975,0.03144526268741169,-0.06562450946718584,-0.25647156826367074,0.003981382518623358,0.029158412965601205,0.057648066273235266,-0.6858659688272097,-0.07714902698473669,-0.03727791277493453,-0.08631649633610661,7.493861224
5.719063545150506,0.7795674091379037,0.9026426007027923,0.386465979749971,2.3612177010018445,1.319121797353397,4.519218717490591,2.1804662906945693,1.0719502266907477,3.0431731954784933,1.3088047501074414,0.030222364556076325,0.04457442690060048,0.9975420004228973,1,1,0.828420614,0.69125685,1,0.708821521,0.63838456,6,1,0.118288544,0.219112,1,0.249635736,0.64338269,1,0.148271098,0.88154458,4,4,1,0.9772751915,0.344055979,1,1,0.754618665,0.68985893,1,0.92086958,0.9789804,3,1,0.4925311695,0.032997413,1,0.80320391,0.004101,1,0.05353786,0.1268534,1,0.1727146,0.36727,1,0.4561613,0.247974,1,0.20598231,0.709211,1,0.57478598,0.2114866,1,0.70746493,0.7310762,1,0.783348675,0.7846366,1,0.973314149,0.58769631,1,0.98747636,0.9768005,2,1,0.767613157,0.85874833,-0.045447138267588616,0.05726723929590538,0.42069584873830246,-0.7224035346006767,0.07209084267671628,0.1345105414735519,-0.8211880947482668,-0.13337647801467734,0.009284785334020641,0.030979237956449225,-0.06559928285874539,-0.252853126990787,0.003991927801136039,0.029266066681346792,0.05768690960109707,-0.682188063978681,-0.07562407830993423,-0.037391899152179275,-0.0854622702770731,7.493861224
5.819397993311042,0.7775129728072597,0.9035303338169761,0.38559627548920267,2.380215953771629,1.3142616037704935,4.512216628439712,2.182605207219453,1.0630851376644515,3.0402872519533024,1.2970012120433358,0.029715114754404942,0.04402807939892236,0.9966057379885126,1,1,0.828420614,0.69125685,1,0.708821521,0.63838456,6,1,0.118288544,0.219112,1,0.249635736,0.64338269,1,0.148271098,0.88154458,4,4,1,0.9772751915,0.344055979,1,1,0.754618665,0.68985893,1,0.92086958,0.9789804,3,1,0.4925311695,0.032997413,1,0.80320391,0.004101,1,0.05353786,0.1268534,1,0.1727146,0.36727,1,0.4561613,0.247974,1,0.20598231,0.709211,1,0.57478598,0.2114866,1,0.70746493,0.7310762,1,0.783348675,0.7846366,1,0.973314149,0.58769631,1,0.98747636,0.9768005,2,1,0.767613157,0.85874833,-0.04714907567404458,0.05453085995959506,0.4217607754746396,-0.7191418761593582,0.0642042237739362,0.13111077988158915,-0.8185354279381074,-0.13352557343288174,0.008827801323765545,0.030555827092405084,-0.06553394403317903,-0.24935746795657668,0.00400121387995496,0.029362391542320176,0.05774481396558029,-0.678565010923317,-0.07419404797796136,-0.03755419989883857,-0.08458565481282743,7.493861224
5.919732441471577,0.7755958527983586,0.9044375192747605,0.384765317243288,2.3989551800124493,1.3094852498437517,4.505170495808244,2.184713664930311,1.0549265255556404,3.0374468959969017,1.2855560508230581,0.02925241008577006,0.04353053609339753,0.9958001071086491,1,1,0.828420614,0.69125685,1,0.708821521,0.63838456,6,1,0.118288544,0.219112,1,0.249635736,0.64338269,1,0.148271098,0.88154458,4,4,1,0.9772751915,0.344055979,1,1,0.754618665,0.68985893,1,0.92086958,0.9789804,3,1,0.4925311695,0.032997413,1,0.80320391,0.004101,1,0.05353786,0.1268534,1,0.1727146,0.36727,1,0.4561613,0.247974,1,0.20598231,0.709211,1,0.57478598,0.2114866,1,0.70746493,0.7310762,1,0.783348675,0.7846366,1,0.973314149,0.58769631,1,0.98747636,0.9768005,2,1,0.767613157,0.85874833,-0.0487372574089302,0.05183364475023189,0.4228073319362359,-0.7159700216295437,0.05694610552075907,0.12786248036597003,-0.8158179760402691,-0.13364716049314707,0.00841332500229925,0.030171040794348132,-0.06543242574244618,-0.2459789496531209,0.004009388814163628,0.02944890064753858,0.05782034089546134,-0.6749968343972437,-0.0728512779771957,-0.03775849840220197,-0.0836898306191296,7.493861224
6.020066889632113,0.7738022260615303,0.9053612011320309,0.38397008238258395,2.417436656368905,1.3047935185222792,4.498094189520046,2.1867899182478165,1.047418816005451,3.0346504845131146,1.2744551096459638,0.028830103544133727,0.04307728743182994,0.9951132639944332,1,1,0.828420614,0.69125685,1,0.708821521,0.63838456,6,1,0.118288544,0.219112,1,0.249635736,0.64338269,1,0.148271098,0.88154458,4,4,1,0.9772751915,0.344055979,1,1,0.754618665,0.68985893,1,0.92086958,0.9789804,3,1,0.4925311695,0.032997413,1,0.80320391,0.004101,1,0.05353786,0.1268534,1,0.1727146,0.36727,1,0.4561613,0.247974,1,0.20598231,0.709211,1,0.57478598,0.2114866,1,0.70746493,0.7310762,1,0.783348675,0.7846366,1,0.973314149,0.58769631,1,0.98747636,0.9768005,2,1,0.767613157,0.85874833,-0.05022313477154028,0.04917604742829662,0.42383534656954636,-0.7128847667651874,0.05026704748992905,0.12475382716284189,-0.8130465472566266,-0.13374290452042104,0.008037062590491958,0.029821298996625646,-0.06529832410087388,-0.24271223748550508,0.004016576431707924,0.029526871463885357,0.05791216052214282,-0.6714835681081095,-0.07158879077230962,-0.037999191306810676,-0.08277771662091415,7.493861224
6.120401337792648,0.7721197736871265,0.9062986568728313,0.3832078417802885,2.4356618613819196,1.3001869697102657,4.491000347705338,2.1888324205816634,1.0405106857741508,3.031896558931862,1.2636849132821248,0.028444465958785733,0.04266426924598111,0.9945343798395786,1,1,0.828420614,0.69125685,1,0.708821521,0.63838456,6,1,0.118288544,0.219112,1,0.249635736,0.64338269,1,0.148271098,0.88154458,4,4,1,0.9772751915,0.344055979,1,1,0.754618665,0.68985893,1,0.92086958,0.9789804,3,1,0.4925311695,0.032997413,1,0.80320391,0.004101,1,0.05353786,0.1268534,1,0.1727146,0.36727,1,0.4561613,0.247974,1,0.20598231,0.709211,1,0.57478598,0.2114866,1,0.70746493,0.7310762,1,0.783348675,0.7846366,1,0.973314149,0.58769631,1,0.98747636,0.9768005,2,1,0.767613157,0.85874833,-0.0516169130005697,0.04655836302424088,0.42484469669284425,-0.7098830821341129,0.044121391162797896,0.12177415184053242,-0.8102309607783771,-0.13381440154655522,0.007695197424048145,0.029503375228045543,-0.06513493259057795,-0.23955228570240533,0.004022885306570974,0.029597406616702793,0.05801903506474809,-0.6680252398884445,-0.07040022236482346,-0.03827128703443766,-0.08185200123832748,7.493861224
6.220735785953184,0.770537506418063,0.9072473827241364,0.38247612429890404,2.4536324509925653,1.2956659572934315,4.483900478037958,2.1908398134330938,1.0341547391975896,3.029183815628745,1.2532326347518192,0.02809213700724015,0.042287811250084725,0.9940535474458861,1,1,0.828420614,0.69125685,1,0.708821521,0.63838456,6,1,0.118288544,0.219112,1,0.249635736,0.64338269,1,0.148271098,0.88154458,4,4,1,0.9772751915,0.344055979,1,1,0.754618665,0.68985893,1,0.92086958,0.9789804,3,1,0.4925311695,0.032997413,1,0.80320391,0.004101,1,0.05353786,0.1268534,1,0.1727146,0.36727,1,0.4561613,0.247974,1,0.20598231,0.709211,1,0.57478598,0.2114866,1,0.70746493,0.7310762,1,0.783348675,0.7846366,1,0.973314149,0.58769631,1,0.98747636,0.9768005,2,1,0.767613157,0.85874833,-0.0529276958231194,0.04398075743412644,0.4258353047655216,-0.7069620972807671,0.03846697209638139,0.11891379447355699,-0.807380139016384,-0.13386316875042192,0.0073843282465805085,0.029214355760002794,-0.06494526830351222,-0.23649432221774855,0.004028410828100499,0.029661462902657143,0.05813981269392848,-0.6646218577797067,-0.06927976053170859,-0.03857034052425479,-0.08091515688804285,7.493861224
6.321070234113719,0.7690456243398863,0.9082050739520365,0.3817726984761539,2.4713502427340344,1.291230644259689,4.476805050588389,2.1928109163261924,1.0283072335946508,3.02651108996999,1.2430860621738589,0.027770090359438518,0.04194461443364163,0.9936617104952872,1,1,0.828420614,0.69125685,1,0.708821521,0.63838456,6,1,0.118288544,0.219112,1,0.249635736,0.64338269,1,0.148271098,0.88154458,4,4,1,0.9772751915,0.344055979,1,1,0.754618665,0.68985893,1,0.92086958,0.9789804,3,1,0.4925311695,0.032997413,1,0.80320391,0.004101,1,0.05353786,0.1268534,1,0.1727146,0.36727,1,0.4561613,0.247974,1,0.20598231,0.709211,1,0.57478598,0.2114866,1,0.70746493,0.7310762,1,0.783348675,0.7846366,1,0.973314149,0.58769631,1,0.98747636,0.9768005,2,1,0.767613157,0.85874833,-0.05416360169033807,0.041443267257532446,0.426807135074971,-0.704119085550325,0.03326487563852809,0.11616403205102022,-0.8045021836966533,-0.13389064166634723,0.007101426767754618,0.028951621723515626,-0.06473209263725582,-0.23353383382353862,0.004033242899227903,0.029719812141377144,0.05827341833578287,-0.6612734054911726,-0.06822210476460155,-0.03889238746325596,-0.07996945944031209,7.493861224
6.421404682274255,0.7676353946483802,0.9091696162264402,0.38109554106686633,2.4888171928574785,1.2868810179268544,4.469723571388715,2.1947447172086494,1.0229278170978853,3.023877340241465,1.233233564653998,0.027475595472523397,0.04163169927628712,0.9933505872104714,1,1,0.828420614,0.69125685,1,0.708821521,0.63838456,6,1,0.118288544,0.219112,1,0.249635736,0.64338269,1,0.148271098,0.88154458,4,4,1,0.9772751915,0.344055979,1,1,0.754618665,0.68985893,1,0.92086958,0.9789804,3,1,0.4925311695,0.032997413,1,0.80320391,0.004101,1,0.05353786,0.1268534,1,0.1727146,0.36727,1,0.4561613,0.247974,1,0.20598231,0.709211,1,0.57478598,0.2114866,1,0.70746493,0.7310762,1,0.783348675,0.7846366,1,0.973314149,0.58769631,1,0.98747636,0.9768005,2,1,0.767613157,0.85874833,-0.05533186503725662,0.03894583189687173,0.42776019040001106,-0.7013514547702091,0.028479203695079613,0.11351695550367147,-0.801604438737233,-0.13389818574362833,0.006843789862405178,0.028712807950980343,-0.06449793377863455,-0.23066655103164435,0.004037462245108906,0.029773108158399536,0.058418850738519656,-0.6579798374419501,-0.0672224131355873,-0.03923390620162276,-0.07901699674611784,7.493861224
6.52173913043479,0.7662990238499294,0.9101390691856347,0.38044281395598195,2.5060353799676207,1.282616904919794,4.462664661838712,2.1966403619628507,1.0179792627150812,3.021281627795501,1.2236640603173226,0.027206180702629333,0.04134636471716299,0.9931125968758822,1,1,0.828420614,0.69125685,1,0.708821521,0.63838456,6,1,0.118288544,0.219112,1,0.249635736,0.64338269,1,0.148271098,0.88154458,4,4,1,0.9772751915,0.344055979,1,1,0.754618665,0.68985893,1,0.92086958,0.9789804,3,1,0.4925311695,0.032997413,1,0.80320391,0.004101,1,0.05353786,0.1268534,1,0.1727146,0.36727,1,0.4561613,0.247974,1,0.20598231,0.709211,1,0.57478598,0.2114866,1,0.70746493,0.7310762,1,0.783348675,0.7846366,1,0.973314149,0.58769631,1,0.98747636,0.9768005,2,1,0.767613157,0.85874833,-0.05643894215464085,0.03648830775927181,0.42869450872921405,-0.6986567358674249,0.02407683814397321,0.11096537945452445,-0.7986935600087977,-0.13388709583626612,0.006608993840038033,0.028495770354875802,-0.06424510778872933,-0.22788843374628281,0.0040411410294053825,0.029821922795634337,0.0585751752438603,-0.6547410716673263,-0.0662762575175625,-0.03959176514581797,-0.07805968486678116,7.493861224
6.622073578595326,0.7650295854159965,0.9111116595162185,0.37981284517477126,2.5230069902138417,1.278437984752956,4.455636110630625,2.1984971445740387,1.0134272624302023,3.018723107221457,1.2143669879766588,0.02695961245902713,0.04108615461001588,0.9929408074554222,1,1,0.828420614,0.69125685,1,0.708821521,0.63838456,6,1,0.118288544,0.219112,1,0.249635736,0.64338269,1,0.148271098,0.88154458,4,4,1,0.9772751915,0.344055979,1,1,0.754618665,0.68985893,1,0.92086958,0.9789804,3,1,0.4925311695,0.032997413,1,0.80320391,0.004101,1,0.05353786,0.1268534,1,0.1727146,0.36727,1,0.4561613,0.247974,1,0.20598231,0.709211,1,0.57478598,0.2114866,1,0.70746493,0.7310762,1,0.783348675,0.7846366,1,0.973314149,0.58769631,1,0.98747636,0.9768005,2,1,0.767613157,0.85874833,-0.05749057112151479,0.0340704841931011,0.4296101602848103,-0.6960325773940157,0.02002725766196134,0.10850276800933756,-0.7957755585728967,-0.13385859934712308,0.006394870437265443,0.028298559250007835,-0.06397573418259428,-0.22519565851277457,0.004044338244833627,0.029866784444680244,0.05874152188878412,-0.651556989588383,-0.06537958790399612,-0.03996320016254573,-0.07709927490736512,7.493861224
6.722408026755861,0.7638209236538259,0.9120857648954251,0.37920411652630387,2.539734306136525,1.2743438024365354,4.448644941367518,2.2003144965709027,1.0092402088610661,3.016201011278171,1.2053322804640578,0.026733871185856944,0.04084883847795905,0.9928288825237123,1,1,0.828420614,0.69125685,1,0.708821521,0.63838456,6,1,0.118288544,0.219112,1,0.249635736,0.64338269,1,0.148271098,0.88154458,4,4,1,0.9772751915,0.344055979,1,1,0.754618665,0.68985893,1,0.92086958,0.9789804,3,1,0.4925311695,0.032997413,1,0.80320391,0.004101,1,0.05353786,0.1268534,1,0.1727146,0.36727,1,0.4561613,0.247974,1,0.20598231,0.709211,1,0.57478598,0.2114866,1,0.70746493,0.7310762,1,0.783348675,0.7846366,1,0.973314149,0.58769631,1,0.98747636,0.9768005,2,1,0.767613157,0.85874833,-0.05849185144065039,0.03169208298857229,0.4305072447605258,-0.6934767345986017,0.01630234348147752,0.10612318638332763,-0.7928558586993257,-0.13381385000980872,0.006199478533302549,0.02811940408565073,-0.06369175106500863,-0.22258460654572926,0.00404710342834249,0.02990816738512833,0.0589170784089747,-0.6484274324668835,-0.0645287033480122,-0.04034576879511009,-0.07613736887324973,7.493861224
6.822742474916397,0.7626675484741688,0.9130599023891606,0.37861524503900934,2.5562196908602886,1.2703337817163958,4.441697485259483,2.202091977816829,1.005388967863098,3.0137146394346486,1.196550335926716,0.026527124763371924,0.040632389899527825,0.9927710236017989,1,1,0.828420614,0.69125685,1,0.708821521,0.63838456,6,1,0.118288544,0.219112,1,0.249635736,0.64338269,1,0.148271098,0.88154458,4,4,1,0.9772751915,0.344055979,1,1,0.754618665,0.68985893,1,0.92086958,0.9789804,3,1,0.4925311695,0.032997413,1,0.80320391,0.004101,1,0.05353786,0.1268534,1,0.1727146,0.36727,1,0.4561613,0.247974,1,0.20598231,0.709211,1,0.57478598,0.2114866,1,0.70746493,0.7310762,1,0.783348675,0.7846366,1,0.973314149,0.58769631,1,0.98747636,0.9768005,2,1,0.767613157,0.85874833,-0.05944733121515433,0.02935277340330944,0.4313858884205571,-0.6909870596620036,0.012876177092889463,0.10382122840126895,-0.789939356663667,-0.13375393880252817,0.006021072351305577,0.027956696344221054,-0.0633949322001604,-0.22005185090017038,0.004049480771340087,0.02994648833471783,0.059101085517701435,-0.6453521995425082,-0.063720215805257,-0.040737307587290494,-0.07517543112679637,7.493861224
6.923076923076932,0.7615645646836288,0.9140327166426601,0.3780449737352889,2.5724655785614496,1.266407236457915,4.434799437179364,2.203829266947834,1.0018466951218288,3.0112633488722893,1.1880119939025484,0.02633771266031089,0.04043497567932149,0.992761929214306,1,1,0.828420614,0.69125685,1,0.708821521,0.63838456,6,1,0.118288544,0.219112,1,0.249635736,0.64338269,1,0.148271098,0.88154458,4,4,1,0.9772751915,0.344055979,1,1,0.754618665,0.68985893,1,0.92086958,0.9789804,3,1,0.4925311695,0.032997413,1,0.80320391,0.004101,1,0.05353786,0.1268534,1,0.1727146,0.36727,1,0.4561613,0.247974,1,0.20598231,0.709211,1,0.57478598,0.2114866,1,0.70746493,0.7310762,1,0.783348675,0.7846366,1,0.973314149,0.58769631,1,0.98747636,0.9768005,2,1,0.767613157,0.85874833,-0.06036106572414557,0.027052171731748453,0.4322462416052333,-0.6885614935625346,0.00972487708030867,0.10159198041106765,-0.7870304662077219,-0.1336798926545808,0.0058580840939935624,0.027808980981510998,-0.06308689902220349,-0.2175941457186547,0.004051512358375895,0.029982086179035528,0.059292832140223906,-0.6423310482196267,-0.06295102725947543,-0.0411358986748972,-0.07421480004879455,7.493861224
7.023411371237468,0.7605076040097866,0.9150029727284373,0.37749215754519383,2.588474462957754,1.2625633816473578,4.427955907840743,2.2055261540497453,0.9985886643524221,3.0088465498480788,1.1797085114277217,0.026164128373191452,0.04025493870526058,0.9927967527229522,1,1,0.828420614,0.69125685,1,0.708821521,0.63838456,6,1,0.118288544,0.219112,1,0.249635736,0.64338269,1,0.148271098,0.88154458,4,4,1,0.9772751915,0.344055979,1,1,0.754618665,0.68985893,1,0.92086958,0.9789804,3,1,0.4925311695,0.032997413,1,0.80320391,0.004101,1,0.05353786,0.1268534,1,0.1727146,0.36727,1,0.4561613,0.247974,1,0.20598231,0.709211,1,0.57478598,0.2114866,1,0.70746493,0.7310762,1,0.783348675,0.7846366,1,0.973314149,0.58769631,1,0.98747636,0.9768005,2,1,0.767613157,0.85874833,-0.06123667373454378,0.024789853558913277,0.4330884763204841,-0.6861980605558313,0.006826446283322407,0.0994309662189099,-0.7841331580339803,-0.13359268286120152,0.005709103665033105,0.027674942848019104,-0.06276913359208208,-0.21520841555618858,0.004053239501219823,0.0300152262049182,0.059491652851571264,-0.6393636958580717,-0.06221830223969538,-0.04153984461050231,-0.07325669510094335,7.493861224
7.123745819398003,0.7594927725193553,0.9159695478531474,0.3769557504760422,2.604248888444208,1.2588013443699595,4.421171463435119,2.2071825319300276,0.995592103022954,3.0064636965530807,1.1716315402282576,0.026005002711364238,0.04009076896636641,0.9928710607609611,1,1,0.828420614,0.69125685,1,0.708821521,0.63838456,6,1,0.118288544,0.219112,1,0.249635736,0.64338269,1,0.148271098,0.88154458,4,4,1,0.9772751915,0.344055979,1,1,0.754618665,0.68985893,1,0.92086958,0.9789804,3,1,0.4925311695,0.032997413,1,0.80320391,0.004101,1,0.05353786,0.1268534,1,0.1727146,0.36727,1,0.4561613,0.247974,1,0.20598231,0.709211,1,0.57478598,0.2114866,1,0.70746493,0.7310762,1,0.783348675,0.7846366,1,0.973314149,0.58769631,1,0.98747636,0.9768005,2,1,0.767613157,0.85874833,-0.062077381060953396,0.02256536362190964,0.4339127838324094,-0.683894864931436,0.0041606256520549945,0.0973340969340013,-0.7812509940480346,-0.1334932268297191,0.005572859391849733,0.02755338359095926,-0.06244299078989557,-0.21289174510731235,0.004054698275803863,0.03004614773248729,0.05969692495565532,-0.6364498192648795,-0.0615194417027618,-0.041947649656778996,-0.07230222501512806,7.493861224
7.224080267558539,0.758516597091729,0.9169314239368248,0.37643479519841394,2.6197914413187067,1.2551201737137658,4.414450169852657,2.208798388564394,0.9928360408701724,3.0041142823224423,1.163773105391433,0.025859090114255082,0.039941089387196906,0.9929807978691801,1,1,0.828420614,0.69125685,1,0.708821521,0.63838456,6,1,0.118288544,0.219112,1,0.249635736,0.64338269,1,0.148271098,0.88154458,4,4,1,0.9772751915,0.344055979,1,1,0.754618665,0.68985893,1,0.92086958,0.9789804,3,1,0.4925311695,0.032997413,1,0.80320391,0.004101,1,0.05353786,0.1268534,1,0.1727146,0.36727,1,0.4561613,0.247974,1,0.20598231,0.709211,1,0.57478598,0.2114866,1,0.70746493,0.7310762,1,0.783348675,0.7846366,1,0.973314149,0.58769631,1,0.98747636,0.9768005,2,1,0.767613157,0.85874833,-0.06288606490807924,0.020378223252151106,0.4347193724972293,-0.6816500863687605,0.0017087594827599473,0.09529763025917304,-0.7783871614792779,-0.13338239356326964,0.005448202806661875,0.027443210419374857,-0.06210970906711094,-0.210641369662208,0.0040559202033320675,0.0300750678906003,0.0599080658173608,-0.6335890565361963,-0.06085206109858565,-0.04235799855221328,-0.07135239512124725,7.493861224
7.324414715719074,0.7575759963086673,0.9178876808122599,0.3759284156541035,2.6351047446638005,1.251518848866215,4.407795620097396,2.2103737992922423,0.9903011914166766,3.001797833104494,1.1561255879513628,0.02572525876692688,0.039804636949975006,0.9931222589430379,1,1,0.828420614,0.69125685,1,0.708821521,0.63838456,6,1,0.118288544,0.219112,1,0.249635736,0.64338269,1,0.148271098,0.88154458,4,4,1,0.9772751915,0.344055979,1,1,0.754618665,0.68985893,1,0.92086958,0.9789804,3,1,0.4925311695,0.032997413,1,0.80320391,0.004101,1,0.05353786,0.1268534,1,0.1727146,0.36727,1,0.4561613,0.247974,1,0.20598231,0.709211,1,0.57478598,0.2114866,1,0.70746493,0.7310762,1,0.783348675,0.7846366,1,0.973314149,0.58769631,1,0.98747636,0.9768005,2,1,0.767613157,0.85874833,-0.06366527798631205,0.018227933137098917,0.43550846598722587,-0.6794619769972219,-0.0005463099876471533,0.09331814159462226,-0.7755444967218699,-0.13326099698864002,0.005334097950925737,0.027343421048844026,-0.06177041846888098,-0.20845466731250822,0.004056928746825349,0.03010221175275936,0.06012453060420331,-0.6307810078041474,-0.06021397407827811,-0.04276974569931291,-0.07040811406266767,7.493861224
7.42474916387961,0.7566682152620686,0.9188374866583482,0.37543580970433915,2.6501914493343595,1.2479962880423143,4.401210988776116,2.211908919029533,0.9879697981489359,2.999513902118952,1.1486817044645656,0.025602477778209568,0.03968026391902775,0.9932920568735459,1,1,0.828420614,0.69125685,1,0.708821521,0.63838456,6,1,0.118288544,0.219112,1,0.249635736,0.64338269,1,0.148271098,0.88154458,4,4,1,0.9772751915,0.344055979,1,1,0.754618665,0.68985893,1,0.92086958,0.9789804,3,1,0.4925311695,0.032997413,1,0.80320391,0.004101,1,0.05353786,0.1268534,1,0.1727146,0.36727,1,0.4561613,0.247974,1,0.20598231,0.709211,1,0.57478598,0.2114866,1,0.70746493,0.7310762,1,0.783348675,0.7846366,1,0.973314149,0.58769631,1,0.98747636,0.9768005,2,1,0.767613157,0.85874833,-0.06441730251831301,0.01611397562508976,0.4362803013344724,-0.6773288531536352,-0.0026203794257134705,0.09139249529906235,-0.7727255269553894,-0.13312980459744317,0.005229607505550883,0.027253104789362503,-0.061426150351008624,-0.20632914990798792,0.004057746623893877,0.030127766675068057,0.06034580843442444,-0.6280252368406909,-0.05960317459811848,-0.04318188357940078,-0.06947020324306563,7.493861224
7.525083612040145,0.755790792211593,0.9197800918316172,0.3749562411685521,2.6650542280089176,1.2445513567544577,4.394699062815672,2.2134039751091223,0.9858255134467813,2.997262065137816,1.141434489057067,0.02548980711424286,0.039566921693943866,0.9934870945079235,1,1,0.828420614,0.69125685,1,0.708821521,0.63838456,6,1,0.118288544,0.219112,1,0.249635736,0.64338269,1,0.148271098,0.88154458,4,4,1,0.9772751915,0.344055979,1,1,0.754618665,0.68985893,1,0.92086958,0.9789804,3,1,0.4925311695,0.032997413,1,0.80320391,0.004101,1,0.05353786,0.1268534,1,0.1727146,0.36727,1,0.4561613,0.247974,1,0.20598231,0.709211,1,0.57478598,0.2114866,1,0.70746493,0.7310762,1,0.783348675,0.7846366,1,0.973314149,0.58769631,1,0.98747636,0.9768005,2,1,0.767613157,0.85874833,-0.06514417786052573,0.014035820345798644,0.43703512711881726,-0.6752490928867119,-0.004527992108991907,0.08951781356846755,-0.7699324948965804,-0.1329895401092509,0.005133881911781872,0.027171429686383006,-0.061077845788321594,-0.20426245503468551,0.004058393720083188,0.03015190412713553,0.06057142034561319,-0.6253212726728099,-0.059017819750900036,-0.04359353034055702,-0.06853940291764882,7.493861224
7.625418060200681,0.754941518897332,0.9207148223560497,0.3744890361036519,2.679695769532047,1.2411828742476494,4.388262280517623,2.214859261388728,0.9838532917241213,2.995041919110494,1.134377277848094,0.02538639092072864,0.03946366616878588,0.9937045444816578,1,1,0.828420614,0.69125685,1,0.708821521,0.63838456,6,1,0.118288544,0.219112,1,0.249635736,0.64338269,1,0.148271098,0.88154458,4,4,1,0.9772751915,0.344055979,1,1,0.754618665,0.68985893,1,0.92086958,0.9789804,3,1,0.4925311695,0.032997413,1,0.80320391,0.004101,1,0.05353786,0.1268534,1,0.1727146,0.36727,1,0.4561613,0.247974,1,0.20598231,0.709211,1,0.57478598,0.2114866,1,0.70746493,0.7310762,1,0.783348675,0.7846366,1,0.973314149,0.58769631,1,0.98747636,0.9768005,2,1,0.767613157,0.85874833,-0.06584773338097971,0.011992922883363621,0.43777320205784903,-0.6732211299991733,-0.006282532990901424,0.08769146189138732,-0.767167386779048,-0.13284088578160658,0.005046153030281664,0.02709764687769351,-0.06072636187875452,-0.20225233918273644,0.004058892976763914,0.03017473561975738,0.06080091679883459,-0.6226686127457788,-0.058456219041164714,-0.044003909613160974,-0.06761637862180125,7.493861224
7.725752508361216,0.7541184245066294,0.9216410761811491,0.3740335744326771,2.694118774808984,1.2378896209354926,4.38190274810176,2.2162751326063463,0.9820392937594313,2.9928530792330696,1.1275036930717894,0.025291448830974547,0.039369632185897355,0.9939418242748919,1,1,0.828420614,0.69125685,1,0.708821521,0.63838456,6,1,0.118288544,0.219112,1,0.249635736,0.64338269,1,0.148271098,0.88154458,4,4,1,0.9772751915,0.344055979,1,1,0.754618665,0.68985893,1,0.92086958,0.9789804,3,1,0.4925311695,0.032997413,1,0.80320391,0.004101,1,0.05353786,0.1268534,1,0.1727146,0.36727,1,0.4561613,0.247974,1,0.20598231,0.709211,1,0.57478598,0.2114866,1,0.70746493,0.7310762,1,0.783348675,0.7846366,1,0.973314149,0.58769631,1,0.98747636,0.9768005,2,1,0.767613157,0.85874833,-0.06652960174150546,0.009984733398061274,0.4384947933775823,-0.6712434555142544,-0.007896313810867528,0.08591101632449605,-0.7644319459775417,-0.13268448462015803,0.004965724454799626,0.027031070186032333,-0.0603724793841417,-0.20029667063045084,0.004059263311782347,0.030196372645051164,0.06103387672157112,-0.6200667247739218,-0.05791681774477142,-0.04441234880311601,-0.06670172486615611,7.493861224
7.826086956521752,0.7533197431051736,0.9225583167439736,0.373589285632601,2.7083259518527862,1.2346703445183405,4.375622271870469,2.2176519981236753,0.9803707864873874,2.990695175749873,1.1208076280737118,0.025204268776036043,0.03928403141040575,0.994196575850761,1,1,0.828420614,0.69125685,1,0.708821521,0.63838456,6,1,0.118288544,0.219112,1,0.249635736,0.64338269,1,0.148271098,0.88154458,4,4,1,0.9772751915,0.344055979,1,1,0.754618665,0.68985893,1,0.92086958,0.9789804,3,1,0.4925311695,0.032997413,1,0.80320391,0.004101,1,0.05353786,0.1268534,1,0.1727146,0.36727,1,0.4561613,0.247974,1,0.20598231,0.709211,1,0.57478598,0.2114866,1,0.70746493,0.7310762,1,0.783348675,0.7846366,1,0.973314149,0.58769631,1,0.98747636,0.9768005,2,1,0.767613157,0.85874833,-0.0671912458784899,0.00801069712162672,0.4392001754718974,-0.6693146130476695,-0.009380662242349125,0.08417424663579332,-0.7617276976104215,-0.13252094331806408,0.004891964195100955,0.026971074473288087,-0.06001690886520439,-0.19839342287728473,0.004059522430053062,0.030216909263991537,0.06126990513045283,-0.6175150488286232,-0.05739818597556123,-0.04481826325082938,-0.06579597149393379,7.493861224
7.926421404682287,0.7525439080197008,0.9234660699469532,0.37315564385833117,2.7223200135618075,1.2315237649708926,4.3694223689919065,2.2189903173040118,0.9788360785863895,2.9885678525641115,1.1142832351881469,0.025124202000008353,0.03920613579714077,0.9944666498626927,1,1,0.828420614,0.69125685,1,0.708821521,0.63838456,6,1,0.118288544,0.219112,1,0.249635736,0.64338269,1,0.148271098,0.88154458,4,4,1,0.9772751915,0.344055979,1,1,0.754618665,0.68985893,1,0.92086958,0.9789804,3,1,0.4925311695,0.032997413,1,0.80320391,0.004101,1,0.05353786,0.1268534,1,0.1727146,0.36727,1,0.4561613,0.247974,1,0.20598231,0.709211,1,0.57478598,0.2114866,1,0.70746493,0.7310762,1,0.783348675,0.7846366,1,0.973314149,0.58769631,1,0.98747636,0.9768005,2,1,0.767613157,0.85874833,-0.06783396365635996,0.006070257957956793,0.4398896288096978,-0.6674331993585096,-0.010745979195890487,0.0824790972438254,-0.7590559570269755,-0.13235082906834528,0.004824299437039506,0.026917082426217927,-0.05966029557834912,-0.19654066933010897,0.0040596818625193,0.03023646133676247,0.06150863237166154,-0.6150129995925704,-0.05689900866125053,-0.0452211570014443,-0.06489958666527718,7.493861224
8.026755852842822,0.7517894934916055,0.9243639160643244,0.37273216137554743,2.736103669725379,1.2284485832551573,4.363304319168311,2.220290592313806,0.9774243754260508,2.9864707636721985,1.1079249064221866,0.02505065247564334,0.039135280810699904,0.9947500763201175,1,1,0.828420614,0.69125685,1,0.708821521,0.63838456,6,1,0.118288544,0.219112,1,0.249635736,0.64338269,1,0.148271098,0.88154458,4,4,1,0.9772751915,0.344055979,1,1,0.754618665,0.68985893,1,0.92086958,0.9789804,3,1,0.4925311695,0.032997413,1,0.80320391,0.004101,1,0.05353786,0.1268534,1,0.1727146,0.36727,1,0.4561613,0.247974,1,0.20598231,0.709211,1,0.57478598,0.2114866,1,0.70746493,0.7310762,1,0.783348675,0.7846366,1,0.973314149,0.58769631,1,0.98747636,0.9768005,2,1,0.767613157,0.85874833,-0.0684589362029352,0.0041628631907825175,0.44056343802579595,-0.6655978581032489,-0.01200186786169144,0.08082366154598808,-0.7564178681419844,-0.13217469019253247,0.004762205689499602,0.02686856723162298,-0.0593032284463203,-0.19473657470419528,0.004059754133700142,0.030255120271094393,0.06174971099123755,-0.6125599688456236,-0.05641806886675771,-0.04562059433365451,-0.06401298484945528,7.493861224
8.127090301003356,0.7510552442209205,0.9252514892546716,0.37231839313663767,2.7496796319874526,1.2254434781042136,4.357269152664898,2.2215533666158533,0.976125815167716,2.984403573050854,1.1017272746540094,0.024983081878731897,0.03907086876706385,0.9950450756160079,1,1,0.828420614,0.69125685,1,0.708821521,0.63838456,6,1,0.118288544,0.219112,1,0.249635736,0.64338269,1,0.148271098,0.88154458,4,4,1,0.9772751915,0.344055979,1,1,0.754618665,0.68985893,1,0.92086958,0.9789804,3,1,0.4925311695,0.032997413,1,0.80320391,0.004101,1,0.05353786,0.1268534,1,0.1727146,0.36727,1,0.4561613,0.247974,1,0.20598231,0.709211,1,0.57478598,0.2114866,1,0.70746493,0.7310762,1,0.783348675,0.7846366,1,0.973314149,0.58769631,1,0.98747636,0.9768005,2,1,0.767613157,0.85874833,-0.06906720343458506,0.002287951379723041,0.4412218926256295,-0.6638072770766612,-0.013157101593626264,0.07920619980631938,-0.7538143952625482,-0.13199301727103663,0.0047052129432874415,0.02682505520702269,-0.058946236501533744,-0.19297939601880001,0.004059751406682483,0.03027295438712249,0.061992815773565635,-0.6101553264482913,-0.05595425682866351,-0.04601621143393697,-0.06313652730621766,7.493861224
8.227424749163891,0.7503399772780133,0.9261284664309235,0.371913917433088,2.7630505967198107,1.2225071254724749,4.351317726087154,2.2227792136236206,0.9749311976274367,2.982365949103868,1.0956851769076732,0.024920985890428127,0.039012340300773246,0.9953499940612862,1,1,0.828420614,0.69125685,1,0.708821521,0.63838456,6,1,0.118288544,0.219112,1,0.249635736,0.64338269,1,0.148271098,0.88154458,4,4,1,0.9772751915,0.344055979,1,1,0.754618665,0.68985893,1,0.92086958,0.9789804,3,1,0.4925311695,0.032997413,1,0.80320391,0.004101,1,0.05353786,0.1268534,1,0.1727146,0.36727,1,0.4561613,0.247974,1,0.20598231,0.709211,1,0.57478598,0.2114866,1,0.70746493,0.7310762,1,0.783348675,0.7846366,1,0.973314149,0.58769631,1,0.98747636,0.9768005,2,1,0.767613157,0.85874833,-0.06965974531460228,0.00044498002257786773,0.4418652827234751,-0.6620601882537569,-0.014219865119949882,0.07762506352374499,-0.7512463795542983,-0.13180631878390647,0.0046528796024195365,0.0267861031306922,-0.058589808889728756,-0.1912674657497528,0.004059685451505748,0.030290033252682536,0.0622376397434623,-0.6077984243085592,-0.05550652809182188,-0.0464076772917269,-0.062270533076409396,7.493861224
8.327759197324426,0.7496426958833221,0.9269945760353282,0.3715183553631208,2.7762192633084224,1.219638180772553,4.345450650089049,2.2239687438283116,0.9738322286147811,2.9803575717895003,1.089793680510952,0.02486391871091962,0.03895919746742695,0.9956633647358293,1,1,0.828420614,0.69125685,1,0.708821521,0.63838456,6,1,0.118288544,0.219112,1,0.249635736,0.64338269,1,0.148271098,0.88154458,4,4,1,0.9772751915,0.344055979,1,1,0.754618665,0.68985893,1,0.92086958,0.9789804,3,1,0.4925311695,0.032997413,1,0.80320391,0.004101,1,0.05353786,0.1268534,1,0.1727146,0.36727,1,0.4561613,0.247974,1,0.20598231,0.709211,1,0.57478598,0.2114866,1,0.70746493,0.7310762,1,0.783348675,0.7846366,1,0.973314149,0.58769631,1,0.98747636,0.9768005,2,1,0.767613157,0.85874833,-0.07023738759572307,-0.0013666088150389166,0.44249390293456436,-0.660355366284495,-0.015197537172996323,0.07607877153303555,-0.7487144837918014,-0.1316150159274212,0.0046048206428141725,0.0267513165505484,-0.05823437622710764,-0.18959920450439818,0.00405956451530886,0.030306418873905935,0.062483897702630076,-0.6054885965504107,-0.05507394438141988,-0.04679474073508322,-0.06141527031689076,7.493861224
8.42809364548496,0.7489624249082439,0.9278495785261771,0.3711313434793692,2.7891883084792153,1.216835307309794,4.339668415803335,2.2251225864522,0.9728211014916767,2.9783781200837547,1.0840480302512063,0.02481145636546574,0.03891097401454234,0.9959838110896857,1,1,0.828420614,0.69125685,1,0.708821521,0.63838456,6,1,0.118288544,0.219112,1,0.249635736,0.64338269,1,0.148271098,0.88154458,4,4,1,0.9772751915,0.344055979,1,1,0.754618665,0.68985893,1,0.92086958,0.9789804,3,1,0.4925311695,0.032997413,1,0.80320391,0.004101,1,0.05353786,0.1268534,1,0.1727146,0.36727,1,0.4561613,0.247974,1,0.20598231,0.709211,1,0.57478598,0.2114866,1,0.70746493,0.7310762,1,0.783348675,0.7846366,1,0.973314149,0.58769631,1,0.98747636,0.9768005,2,1,0.767613157,0.85874833,-0.07080093809458365,-0.003147350018303685,0.4431080461447364,-0.6586916234286329,-0.01609706274555811,0.0745659030818111,-0.7462192890380712,-0.13141956454682857,0.0045606672010074095,0.02672032626122112,-0.05788033997591635,-0.18797309670247242,0.004059399986101239,0.030322156285016957,0.06273131889377392,-0.6032251633281502,-0.054655613250663926,-0.04717715916820869,-0.06057097556943636,7.493861224
8.528428093645495,0.7482983409255685,0.9286932791968617,0.3707525530498204,2.8019604057033383,1.214097156957091,4.33397130565954,2.2262414002291884,0.9718907795996078,2.976427283249433,1.0784436779542077,0.024763223425641308,0.03886725102695187,0.9963101129093261,1,1,0.828420614,0.69125685,1,0.708821521,0.63838456,6,1,0.118288544,0.219112,1,0.249635736,0.64338269,1,0.148271098,0.88154458,4,4,1,0.9772751915,0.344055979,1,1,0.754618665,0.68985893,1,0.92086958,0.9789804,3,1,0.4925311695,0.032997413,1,0.80320391,0.004101,1,0.05353786,0.1268534,1,0.1727146,0.36727,1,0.4561613,0.247974,1,0.20598231,0.709211,1,0.57478598,0.2114866,1,0.70746493,0.7310762,1,0.783348675,0.7846366,1,0.973314149,0.58769631,1,0.98747636,0.9768005,2,1,0.767613157,0.85874833,-0.07135107895525927,-0.004897786676085425,0.44370800774481783,-0.6570678129968681,-0.016924701836141032,0.07308517312350848,-0.7437612246177299,-0.13122034674579108,0.004520096737922488,0.026692800619434368,-0.05752805268381145,-0.18638770477726063,0.004059198635688313,0.030337297542144634,0.06297965208887152,-0.6010074314380742,-0.05425072979852297,-0.04755475646987095,-0.059737841102219136,7.493861224
8.62876254180603,0.7476496708987443,0.9295255139291854,0.37038167390674503,2.81453820960444,1.2114223883839965,4.3283594772968135,2.227325859439089,0.9710347216938815,2.974504751411666,1.0729762468859358,0.024718870322022427,0.03882764106096102,0.996641145574412,1,1,0.828420614,0.69125685,1,0.708821521,0.63838456,6,1,0.118288544,0.219112,1,0.249635736,0.64338269,1,0.148271098,0.88154458,4,4,1,0.9772751915,0.344055979,1,1,0.754618665,0.68985893,1,0.92086958,0.9789804,3,1,0.4925311695,0.032997413,1,0.80320391,0.004101,1,0.05353786,0.1268534,1,0.1727146,0.36727,1,0.4561613,0.247974,1,0.20598231,0.709211,1,0.57478598,0.2114866,1,0.70746493,0.7310762,1,0.783348675,0.7846366,1,0.973314149,0.58769631,1,0.98747636,0.9768005,2,1,0.767613157,0.85874833,-0.07188845057716431,-0.006618449473550059,0.4442940816364057,-0.6554828239160995,-0.01768627370994269,0.07163536918121904,-0.741340633116911,-0.13101774503981867,0.004482808576200578,0.026668433013818747,-0.05717783630070966,-0.18484165295301103,0.004058967890835777,0.030351885663512407,0.06322866035393965,-0.5988346973087204,-0.05385854016849023,-0.047927377436247365,-0.05891602897807868,7.493861224
8.729096989966564,0.7470157197201759,0.9303461516667105,0.37001841805879065,2.826924359266431,1.208809662982936,4.322832947091006,2.2283766560316947,0.970246935107618,2.9726102194194426,1.0676415343208898,0.024678078607696805,0.03879179100273634,0.9969758924824423,1,1,0.828420614,0.69125685,1,0.708821521,0.63838456,6,1,0.118288544,0.219112,1,0.249635736,0.64338269,1,0.148271098,0.88154458,4,4,1,0.9772751915,0.344055979,1,1,0.754618665,0.68985893,1,0.92086958,0.9789804,3,1,0.4925311695,0.032997413,1,0.80320391,0.004101,1,0.05353786,0.1268534,1,0.1727146,0.36727,1,0.4561613,0.247974,1,0.20598231,0.709211,1,0.57478598,0.2114866,1,0.70746493,0.7310762,1,0.783348675,0.7846366,1,0.973314149,0.58769631,1,0.98747636,0.9768005,2,1,0.767613157,0.85874833,-0.07241362880176005,-0.008309863542779627,0.4448665611244829,-0.6539355811177554,-0.01838710960275247,0.07021536546772666,-0.7389577561052909,-0.13081211434301654,0.00444852992325525,0.02664694411210035,-0.05682997867750206,-0.18333362889180063,0.004058714143841461,0.030365960124825175,0.06347812202146624,-0.5967062483212351,-0.05347834935992235,-0.04829490050955848,-0.05810566861214861,7.493861224
8.829431438127099,0.7463958648343542,0.9311550918372068,0.369662517995699,2.8391214770816413,1.206257647420498,4.317391601283025,2.2293944964591232,0.9695219346639854,2.9707433865227824,1.0624355032151271,0.024640558712166215,0.03875937853391766,0.9973134368596399,1,1,0.828420614,0.69125685,1,0.708821521,0.63838456,6,1,0.118288544,0.219112,1,0.249635736,0.64338269,1,0.148271098,0.88154458,4,4,1,0.9772751915,0.344055979,1,1,0.754618665,0.68985893,1,0.92086958,0.9789804,3,1,0.4925311695,0.032997413,1,0.80320391,0.004101,1,0.05353786,0.1268534,1,0.1727146,0.36727,1,0.4561613,0.247974,1,0.20598231,0.709211,1,0.57478598,0.2114866,1,0.70746493,0.7310762,1,0.783348675,0.7846366,1,0.973314149,0.58769631,1,0.98747636,0.9768005,2,1,0.767613157,0.85874833,-0.0729271293668633,-0.009972548339920784,0.4454257383583998,-0.6524250443903095,-0.0190320892737198,0.06882411625847573,-0.736612742056693,-0.13060378333372213,0.004417013908243374,0.026628079044749713,-0.05648473615566768,-0.1818623801946474,0.004058442327219365,0.030379560136845965,0.06372782987878689,-0.5946213648143681,-0.05310951682168319,-0.04865723551800061,-0.0573068593171292,7.493861224
8.929765886287633,0.7457895279025771,0.9319522586845492,0.3693137218436339,2.8511321649525367,1.2037650198135956,4.3120352248108915,2.2303800957455815,0.968854645566192,2.9689039529504897,1.0573542680532464,0.02460604288996891,0.038730106127904534,0.9976529412131401,1,1,0.828420614,0.69125685,1,0.708821521,0.63838456,6,1,0.118288544,0.219112,1,0.249635736,0.64338269,1,0.148271098,0.88154458,4,4,1,0.9772751915,0.344055979,1,1,0.754618665,0.68985893,1,0.92086958,0.9789804,3,1,0.4925311695,0.032997413,1,0.80320391,0.004101,1,0.05353786,0.1268534,1,0.1727146,0.36727,1,0.4561613,0.247974,1,0.20598231,0.709211,1,0.57478598,0.2114866,1,0.70746493,0.7310762,1,0.783348675,0.7846366,1,0.973314149,0.58769631,1,0.98747636,0.9768005,2,1,0.767613157,0.85874833,-0.07342943138017699,-0.011607013229190333,0.4459719029786034,-0.6509502059122263,-0.019625727396999304,0.06746063695326021,-0.7343056688216301,-0.1303930718679971,0.004388032367374381,0.026611602648171494,-0.056142339733665725,-0.18042670813681858,0.004058157044360126,0.030392721787710852,0.06397758916430468,-0.5925793217779816,-0.05275144476967919,-0.04901431053963301,-0.056519675900402855,7.493861224
9.030100334448168,0.7451961863918554,0.9327376025702399,0.36897179558397186,2.862959005962389,1.2013304664615594,4.306763494199846,2.2313341794686004,0.9682404352713464,2.9670916219653716,1.0523940960219174,0.024574287877128894,0.038703705561251356,0.9979936547021167,1,1,0.828420614,0.69125685,1,0.708821521,0.63838456,6,1,0.118288544,0.219112,1,0.249635736,0.64338269,1,0.148271098,0.88154458,4,4,1,0.9772751915,0.344055979,1,1,0.754618665,0.68985893,1,0.92086958,0.9789804,3,1,0.4925311695,0.032997413,1,0.80320391,0.004101,1,0.05353786,0.1268534,1,0.1727146,0.36727,1,0.4561613,0.247974,1,0.20598231,0.709211,1,0.57478598,0.2114866,1,0.70746493,0.7310762,1,0.783348675,0.7846366,1,0.973314149,0.58769631,1,0.98747636,0.9768005,2,1,0.767613157,0.85874833,-0.07392096771880075,-0.013213762063193468,0.4465053428326748,-0.6495100893873575,-0.02017214520591737,0.06612401274969981,-0.7320365371715734,-0.13018026952173178,0.004361378717307511,0.026597303059145653,-0.05580299295984048,-0.17902546866324795,0.004057863091166064,0.03040547180190263,0.06422721789658181,-0.5905793889539195,-0.05240358295096881,-0.04936607675904092,-0.055744167378812826,7.493861224
9.130434782608702,0.7446153526772461,0.9335110941956432,0.3686365175692394,2.8746045599567065,1.1989526896897171,4.301576004824579,2.2322574761648393,0.9676750072144242,2.9653060981175297,1.0475513896746946,0.02454506816006132,0.038679926856210335,0.9983348908324376,1,1,0.828420614,0.69125685,1,0.708821521,0.63838456,6,1,0.118288544,0.219112,1,0.249635736,0.64338269,1,0.148271098,0.88154458,4,4,1,0.9772751915,0.344055979,1,1,0.754618665,0.68985893,1,0.92086958,0.9789804,3,1,0.4925311695,0.032997413,1,0.80320391,0.004101,1,0.05353786,0.1268534,1,0.1727146,0.36727,1,0.4561613,0.247974,1,0.20598231,0.709211,1,0.57478598,0.2114866,1,0.70746493,0.7310762,1,0.783348675,0.7846366,1,0.973314149,0.58769631,1,0.98747636,0.9768005,2,1,0.767613157,0.85874833,-0.07440214234128928,-0.014793287272107825,0.4470263422567067,-0.6481037491310824,-0.0206751650389565,0.06481337720548597,-0.7298052909241495,-0.12996566585647962,0.00433686151616431,0.026584982903807425,-0.05546687887592827,-0.1776575646671415,0.004057564130331738,0.03041784027221084,0.06447654515943219,-0.588620834931656,-0.052065415668177684,-0.049712499928261655,-0.05498036268406903,7.493861224
9.230769230769237,0.7440465866124976,0.9342727267663287,0.3683076819922898,2.88607136753072,1.196630402518423,4.296472259499181,2.2331507210927724,0.96715445278697,2.9635470875474788,1.0428226932223628,0.024518179701690023,0.03865854574788065,0.9986760389869749,1,1,0.828420614,0.69125685,1,0.708821521,0.63838456,6,1,0.118288544,0.219112,1,0.249635736,0.64338269,1,0.148271098,0.88154458,4,4,1,0.9772751915,0.344055979,1,1,0.754618665,0.68985893,1,0.92086958,0.9789804,3,1,0.4925311695,0.032997413,1,0.80320391,0.004101,1,0.05353786,0.1268534,1,0.1727146,0.36727,1,0.4561613,0.247974,1,0.20598231,0.709211,1,0.57478598,0.2114866,1,0.70746493,0.7310762,1,0.783348675,0.7846366,1,0.973314149,0.58769631,1,0.98747636,0.9768005,2,1,0.767613157,0.85874833,-0.07487331987387058,-0.016346076520062924,0.4475351832433833,-0.6467302687114334,-0.021138264098120918,0.06352792579974431,-0.7276118088430708,-0.12974951340566188,0.004314308254052997,0.02657446525346591,-0.055134156351660135,-0.17632194922096878,0.004057263968204017,0.030429848789233938,0.06472541155019779,-0.5867029247079305,-0.05173646913116681,-0.05005356491553303,-0.0542282685255111,7.493861224
9.331103678929772,0.7434894666268145,0.9350225090223692,0.3679850922813353,2.897361943252478,1.1943623379014183,4.291451703173076,2.234014647564556,0.9666751247665157,2.9618142968253993,1.0382046711650958,0.024493431437695213,0.038639352922835345,0.9990165378342278,1,1,0.828420614,0.69125685,1,0.708821521,0.63838456,6,1,0.118288544,0.219112,1,0.249635736,0.64338269,1,0.148271098,0.88154458,4,4,1,0.9772751915,0.344055979,1,1,0.754618665,0.68985893,1,0.92086958,0.9789804,3,1,0.4925311695,0.032997413,1,0.80320391,0.004101,1,0.05353786,0.1268534,1,0.1727146,0.36727,1,0.4561613,0.247974,1,0.20598231,0.709211,1,0.57478598,0.2114866,1,0.70746493,0.7310762,1,0.783348675,0.7846366,1,0.973314149,0.58769631,1,0.98747636,0.9768005,2,1,0.767613157,0.85874833,-0.07533484955448189,-0.017872604788882862,0.4480321434177444,-0.6453887594031842,-0.02156468704949044,0.06226689011354836,-0.725455929449359,-0.1295320735652976,0.00429355696448102,0.0265655850639003,-0.05480496847938954,-0.17501761613309644,0.0040569663652085305,0.030441517310539748,0.06497366700685514,-0.5848249249705515,-0.05141629605217146,-0.05038926330567328,-0.053487876272523605,7.493861224
9.431438127090306,0.7429436200498466,0.9357604700759166,0.3676685662653078,2.908478781867762,1.1921472411924063,4.2865136962614665,2.234849992671531,0.9662337288159738,2.9601074351292707,1.03369411950345,0.024470652423290155,0.03862216002222528,0.9993558950080009,1,1,0.828420614,0.69125685,1,0.708821521,0.63838456,6,1,0.118288544,0.219112,1,0.249635736,0.64338269,1,0.148271098,0.88154458,4,4,1,0.9772751915,0.344055979,1,1,0.754618665,0.68985893,1,0.92086958,0.9789804,3,1,0.4925311695,0.032997413,1,0.80320391,0.004101,1,0.05353786,0.1268534,1,0.1727146,0.36727,1,0.4561613,0.247974,1,0.20598231,0.709211,1,0.57478598,0.2114866,1,0.70746493,0.7310762,1,0.783348675,0.7846366,1,0.973314149,0.58769631,1,0.98747636,0.9768005,2,1,0.767613157,0.85874833,-0.07578704011092341,-0.019373342686160422,0.44851749768784943,-0.644078360977659,-0.021957364622928077,0.061029558021836516,-0.723337430979456,-0.1293135678206987,0.004274463765142636,0.026558193931712815,-0.05447943652874915,-0.17374360536638203,0.004056673746281745,0.030452866788835103,0.0652211723777194,-0.5829861016401885,-0.05110448729768846,-0.05071960720735558,-0.05275915717754487,7.493861224
9.53177257525084,0.7424086842438419,0.9364866511005352,0.3673579293164577,2.9194243514848273,1.189983879683928,4.281657557038336,2.235657488171327,0.9658271823460476,2.958426210989162,1.0292879437770999,0.02444968186687198,0.03860679170157031,0.9996936577260408,1,1,0.828420614,0.69125685,1,0.708821521,0.63838456,6,1,0.118288544,0.219112,1,0.249635736,0.64338269,1,0.148271098,0.88154458,4,4,1,0.9772751915,0.344055979,1,1,0.754618665,0.68985893,1,0.92086958,0.9789804,3,1,0.4925311695,0.032997413,1,0.80320391,0.004101,1,0.05353786,0.1268534,1,0.1727146,0.36727,1,0.4561613,0.247974,1,0.20598231,0.709211,1,0.57478598,0.2114866,1,0.70746493,0.7310762,1,0.783348675,0.7846366,1,0.973314149,0.58769631,1,0.98747636,0.9768005,2,1,0.767613157,0.85874833,-0.07623019195978442,-0.020848748798546257,0.4489915161546952,-0.6427982383582731,-0.022319039171831978,0.059815246887138684,-0.7212560630872309,-0.1290942251317877,0.004256892788881354,0.026552153805621422,-0.0541576689717444,-0.17249899332495772,0.004056389121818995,0.030463912959195483,0.06546779657184498,-0.5811857239372507,-0.05080065534493272,-0.051044611012044716,-0.05204207058265342,7.493861224
9.632107023411375,0.7418843317076376,0.9372011093129858,0.36705301804348,2.9302010974534562,1.1878710368857537,4.276882539660823,2.2364378649486873,0.9654526859741269,2.956770335220714,1.0249831663296765,0.024430374658843495,0.0385930890712625,1.0000294279086148,1,1,0.828420614,0.69125685,1,0.708821521,0.63838456,6,1,0.118288544,0.219112,1,0.249635736,0.64338269,1,0.148271098,0.88154458,4,4,1,0.9772751915,0.344055979,1,1,0.754618665,0.68985893,1,0.92086958,0.9789804,3,1,0.4925311695,0.032997413,1,0.80320391,0.004101,1,0.05353786,0.1268534,1,0.1727146,0.36727,1,0.4561613,0.247974,1,0.20598231,0.709211,1,0.57478598,0.2114866,1,0.70746493,0.7310762,1,0.783348675,0.7846366,1,0.973314149,0.58769631,1,0.98747636,0.9768005,2,1,0.767613157,0.85874833,-0.0766645764097793,-0.022299275267786967,0.44945446536588873,-0.6415475828501891,-0.022652201101402092,0.05862331799637932,-0.7192115294702406,-0.12887424805587067,0.004240721995082471,0.026547339701203904,-0.05383975699837823,-0.17128289651059206,0.004056114538555108,0.030474672532581334,0.06571341790429469,-0.579423063370613,-0.0505044430253031,-0.05136430339274306,-0.05133655998765052,7.493861224
9.73244147157191,0.7413702552627374,0.937903913996327,0.36675367740271786,2.9408114400803234,1.1858075165742,4.272187853537334,2.2371918485905717,0.9651076583878656,2.9551395194827363,1.0207769151710258,0.024412597185985752,0.038580905794928615,1.0003628488920684,1,1,0.828420614,0.69125685,1,0.708821521,0.63838456,6,1,0.118288544,0.219112,1,0.249635736,0.64338269,1,0.148271098,0.88154458,4,4,1,0.9772751915,0.344055979,1,1,0.754618665,0.68985893,1,0.92086958,0.9789804,3,1,0.4925311695,0.032997413,1,0.80320391,0.004101,1,0.05353786,0.1268534,1,0.1727146,0.36727,1,0.4561613,0.247974,1,0.20598231,0.709211,1,0.57478598,0.2114866,1,0.70746493,0.7310762,1,0.783348675,0.7846366,1,0.973314149,0.58769631,1,0.98747636,0.9768005,2,1,0.767613157,0.85874833,-0.0770904479339064,-0.023725365334663295,0.4499066074283939,-0.6403256102617034,-0.022959146815733633,0.05745316526828126,-0.7172035023194581,-0.12865383031575428,0.004225839134350595,0.0265436366049079,-0.05352577860164309,-0.1700944667327563,0.004055851619842992,0.030485161720987614,0.06595792274607976,-0.5776973958135652,-0.05021551621464959,-0.051678720293466984,-0.05064255697715392,7.493861224
9.832775919732445,0.740866165340005,0.9385951454240445,0.3664597601456039,2.9512577742416948,1.1837921430989171,4.2675726681376105,2.2379201585580843,0.9647897214659032,2.953533476195016,1.0166664198584954,0.024396226393491642,0.038570107611184075,1.0006936024438904,1,1,0.828420614,0.69125685,1,0.708821521,0.63838456,6,1,0.118288544,0.219112,1,0.249635736,0.64338269,1,0.148271098,0.88154458,4,4,1,0.9772751915,0.344055979,1,1,0.754618665,0.68985893,1,0.92086958,0.9789804,3,1,0.4925311695,0.032997413,1,0.80320391,0.004101,1,0.05353786,0.1268534,1,0.1727146,0.36727,1,0.4561613,0.247974,1,0.20598231,0.709211,1,0.57478598,0.2114866,1,0.70746493,0.7310762,1,0.783348675,0.7846366,1,0.973314149,0.58769631,1,0.98747636,0.9768005,2,1,0.767613157,0.85874833,-0.07750804641720754,-0.025127453534708577,0.45034819994131003,-0.639131560040441,-0.023241991954818242,0.056304213093356426,-0.7152316256995648,-0.12843315587351034,0.004212140853554237,0.026540939097253947,-0.05321579952593691,-0.16893288954295735,0.004055601850027478,0.0304953948459203,0.06620120508089183,-0.5760080020295588,-0.04993356233396817,-0.0519879035513523,-0.0499599822829937,7.493861224
9.93311036789298,0.7403717931780759,0.9392748949063546,0.3661711271544043,2.9615424697592703,1.1818237603787336,4.263036111918582,2.2386235085437294,0.9644967043575152,2.951951919245057,1.0126490097526606,0.02438115021828832,0.03856057271796303,1.0010214097158365,1,1,0.828420614,0.69125685,1,0.708821521,0.63838456,6,1,0.118288544,0.219112,1,0.249635736,0.64338269,1,0.148271098,0.88154458,4,4,1,0.9772751915,0.344055979,1,1,0.754618665,0.68985893,1,0.92086958,0.9789804,3,1,0.4925311695,0.032997413,1,0.80320391,0.004101,1,0.05353786,0.1268534,1,0.1727146,0.36727,1,0.4561613,0.247974,1,0.20598231,0.709211,1,0.57478598,0.2114866,1,0.70746493,0.7310762,1,0.783348675,0.7846366,1,0.973314149,0.58769631,1,0.98747636,0.9768005,2,1,0.767613157,0.85874833,-0.07791759450713742,-0.026505966915709056,0.4507794962158949,-0.6379646948800062,-0.023502667765179064,0.05517591764636509,-0.7132955142746198,-0.128212392216847,0.004199533201482343,0.026539151656885824,-0.05290987305054634,-0.1677973837675508,0.004055366486476607,0.030505384566901106,0.06644316645616177,-0.5743541679361392,-0.04965829106098374,-0.05229190239986875,-0.04928874573849029,7.493861224
10.033444816053514,0.7398868827925492,0.9399432618179533,0.3658876453701859,2.971667870147918,1.1799012349357367,4.258577286165621,2.239302602863299,0.9642265944752672,2.9503945632501805,1.0087221049277821,0.024367264814820308,0.038552188016890906,1.00134602139964,1,1,0.828420614,0.69125685,1,0.708821521,0.63838456,6,1,0.118288544,0.219112,1,0.249635736,0.64338269,1,0.148271098,0.88154458,4,4,1,0.9772751915,0.344055979,1,1,0.754618665,0.68985893,1,0.92086958,0.9789804,3,1,0.4925311695,0.032997413,1,0.80320391,0.004101,1,0.05353786,0.1268534,1,0.1727146,0.36727,1,0.4561613,0.247974,1,0.20598231,0.709211,1,0.57478598,0.2114866,1,0.70746493,0.7310762,1,0.783348675,0.7846366,1,0.973314149,0.58769631,1,0.98747636,0.9768005,2,1,0.767613157,0.85874833,-0.0783193042664504,-0.027861323441504826,0.4512007446107608,-0.6368242993870243,-0.02374296469810855,0.05406775878653014,-0.7113947634134097,-0.1279917043328025,0.0041879291467950275,0.026538185670693777,-0.05260804305829492,-0.16668719764539472,0.004055146389224386,0.03051514388782199,0.06668371503771953,-0.5727351866180996,-0.0493894289342689,-0.05259076980631883,-0.04862874921348037,7.493861224
10.133779264214049,0.7394111940122652,0.940600354761933,0.3656091888908393,2.9816362935905603,1.1780234532079543,4.2541952594820165,2.2399581388408363,0.963977560284909,2.9488611237453735,1.0048832182531724,0.024354475705736494,0.038544851815414456,1.001667222240966,1,1,0.828420614,0.69125685,1,0.708821521,0.63838456,6,1,0.118288544,0.219112,1,0.249635736,0.64338269,1,0.148271098,0.88154458,4,4,1,0.9772751915,0.344055979,1,1,0.754618665,0.68985893,1,0.92086958,0.9789804,3,1,0.4925311695,0.032997413,1,0.80320391,0.004101,1,0.05353786,0.1268534,1,0.1727146,0.36727,1,0.4561613,0.247974,1,0.20598231,0.709211,1,0.57478598,0.2114866,1,0.70746493,0.7310762,1,0.783348675,0.7846366,1,0.973314149,0.58769631,1,0.98747636,0.9768005,2,1,0.767613157,0.85874833,-0.07871337465788619,-0.029193933922086135,0.45161218912069867,-0.6357096798919748,-0.023964512135172145,0.05297924434981849,-0.7095289452462024,-0.12777123769779042,0.004177249526263659,0.02653796159101036,-0.052310342609367066,-0.16560161005641205,0.004054942584166811,0.030524682301490136,0.06692276577440903,-0.5711503567775349,-0.0491267219833057,-0.05288456362391386,-0.047979885464977556,7.493861224
10.234113712374583,0.7389444968184655,0.9412462883739279,0.36533563686202153,2.991450031342877,1.1761893249226567,4.249889081817566,2.2405908025439856,0.9637479001802286,2.9473513173645185,1.0011299447889637,0.024342695120875387,0.03853846952643691,1.0019848209612223,1,1,0.828420614,0.69125685,1,0.708821521,0.63838456,6,1,0.118288544,0.219112,1,0.249635736,0.64338269,1,0.148271098,0.88154458,4,4,1,0.9772751915,0.344055979,1,1,0.754618665,0.68985893,1,0.92086958,0.9789804,3,1,0.4925311695,0.032997413,1,0.80320391,0.004101,1,0.05353786,0.1268534,1,0.1727146,0.36727,1,0.4561613,0.247974,1,0.20598231,0.709211,1,0.57478598,0.2114866,1,0.70746493,0.7310762,1,0.783348675,0.7846366,1,0.973314149,0.58769631,1,0.98747636,0.9768005,2,1,0.767613157,0.85874833,-0.07909999623372577,-0.030504200335854326,0.45201406863754684,-0.6346201630440687,-0.02416882387049868,0.051909901904426015,-0.7076976182057444,-0.12755113882476588,0.004167420799870314,0.026538405507178904,-0.05201679720168634,-0.164539926044356,0.00405475579003106,0.030534009563661757,0.06716023946307187,-0.5695989858834216,-0.04886993032423781,-0.053173344165138026,-0.047342041293003345,7.493861224
10.334448160535118,0.7384865801384378,0.9418811866283658,0.365066875648734,3.0011113501687015,1.174397778437672,4.245657769442306,2.241201273680114,0.96353609378544,2.9458648621476313,0.9974599695515338,0.024331845018653712,0.03853295695903123,1.0022986603187203,1,1,0.828420614,0.69125685,1,0.708821521,0.63838456,6,1,0.118288544,0.219112,1,0.249635736,0.64338269,1,0.148271098,0.88154458,4,4,1,0.9772751915,0.344055979,1,1,0.754618665,0.68985893,1,0.92086958,0.9789804,3,1,0.4925311695,0.032997413,1,0.80320391,0.004101,1,0.05353786,0.1268534,1,0.1727146,0.36727,1,0.4561613,0.247974,1,0.20598231,0.709211,1,0.57478598,0.2114866,1,0.70746493,0.7310762,1,0.783348675,0.7846366,1,0.973314149,0.58769631,1,0.98747636,0.9768005,2,1,0.767613157,0.85874833,-0.07947934385095512,-0.03179251859154286,0.45240661797096476,-0.6335550970193382,-0.024357252470811108,0.05085928723969291,-0.7059003164294011,-0.1273315223338578,0.004158377822345884,0.026539451762313027,-0.05172742157797117,-0.16350148047344065,0.004054586198284081,0.030543135804361257,0.06739606361347145,-0.5680803869324016,-0.04861883346427742,-0.053457178423156504,-0.0467150942757405,7.493861224
10.434782608695652,0.7380372330632519,0.9425051755625543,0.3648027944934309,3.0106224882456276,1.1726477680123595,4.24150033782914,2.2417902166951813,0.9633406937143761,2.9444014766550235,0.9938710467872297,0.024321850603550806,0.03852823455682644,1.0026085957380684,1,1,0.828420614,0.69125685,1,0.708821521,0.63838456,6,1,0.118288544,0.219112,1,0.249635736,0.64338269,1,0.148271098,0.88154458,4,4,1,0.9772751915,0.344055979,1,1,0.754618665,0.68985893,1,0.92086958,0.9789804,3,1,0.4925311695,0.032997413,1,0.80320391,0.004101,1,0.05353786,0.1268534,1,0.1727146,0.36727,1,0.4561613,0.247974,1,0.20598231,0.709211,1,0.57478598,0.2114866,1,0.70746493,0.7310762,1,0.783348675,0.7846366,1,0.973314149,0.58769631,1,0.98747636,0.9768005,2,1,0.767613157,0.85874833,-0.07985159223087979,-0.03305927481631732,0.45279006625527585,-0.6325138475029588,-0.024531085569326594,0.04982696739321124,-0.7041365731120068,-0.12711252176822763,0.0041500578363136975,0.02654103837969654,-0.05144222647818253,-0.1624856291603984,0.004054434488531411,0.030552067860744006,0.06763017014866773,-0.566593884098402,-0.0483732192331231,-0.05373613078174283,-0.0460989199543278,7.493861224
10.535117056856187,0.7375962516745911,0.9431183853844842,0.3645432868460619,3.01998565683649,1.1709382707814342,4.237415791852029,2.242358283816429,0.963160357154635,2.9429608804400065,0.9903610041127657,0.02431264235144226,0.03852422884559215,1.0029145015134375,1,1,0.828420614,0.69125685,1,0.708821521,0.63838456,6,1,0.118288544,0.219112,1,0.249635736,0.64338269,1,0.148271098,0.88154458,4,4,1,0.9772751915,0.344055979,1,1,0.754618665,0.68985893,1,0.92086958,0.9789804,3,1,0.4925311695,0.032997413,1,0.80320391,0.004101,1,0.05353786,0.1268534,1,0.1727146,0.36727,1,0.4561613,0.247974,1,0.20598231,0.709211,1,0.57478598,0.2114866,1,0.70746493,0.7310762,1,0.783348675,0.7846366,1,0.973314149,0.58769631,1,0.98747636,0.9768005,2,1,0.767613157,0.85874833,-0.08021691030363676,-0.03430484710283721,0.45316463761253833,-0.6314957985283336,-0.024691517767660764,0.04881252585009821,-0.7024059133872811,-0.12689426863162945,0.004142402422714256,0.02654310820898057,-0.0511612167068311,-0.16149175091778833,0.0040543013361330205,0.03056081139714166,0.06786249597306693,-0.5651388109256241,-0.048132886999123436,-0.0540102664358697,-0.04549338975145223,7.493861224
10.635451505016722,0.737163453249661,0.9437209550088818,0.36428825311846696,3.0292030432194017,1.169268281329867,4.233403104566707,2.2429061210667016,0.9629939136778374,2.9415427952223845,0.9869277528626852,0.02430416027998402,0.03852087572785726,1.0032162842887438,1,1,0.828420614,0.69125685,1,0.708821521,0.63838456,6,1,0.118288544,0.219112,1,0.249635736,0.64338269,1,0.148271098,0.88154458,4,4,1,0.9772751915,0.344055979,1,1,0.754618665,0.68985893,1,0.92086958,0.9789804,3,1,0.4925311695,0.032997413,1,0.80320391,0.004101,1,0.05353786,0.1268534,1,0.1727146,0.36727,1,0.4561613,0.247974,1,0.20598231,0.709211,1,0.57478598,0.2114866,1,0.70746493,0.7310762,1,0.783348675,0.7846366,1,0.973314149,0.58769631,1,0.98747636,0.9768005,2,1,0.767613157,0.85874833,-0.0805754494405555,-0.03552960861901677,0.45353055234125017,-0.6305003548939021,-0.024839590310019033,0.04781557331020103,-0.7007078388039827,-0.1266768537406593,0.004135361573133982,0.026545611537739124,-0.050884386951637495,-0.16051925229130296,0.004054186494732289,0.030569374760445175,0.06809298430773097,-0.563714506931533,-0.047897654693011105,-0.0542796585810944,-0.044898366492105546,7.493861224
10.735785953177256,0.7367386622233627,0.9443130267565985,0.364037597579823,3.038276807953453,1.1676368165884126,4.2294612413676695,2.243434361997534,0.9628402866747705,2.9401469440266745,0.9835692728013556,0.02429634921745484,0.03851811638336891,1.0035138674536843,1,1,0.828420614,0.69125685,1,0.708821521,0.63838456,6,1,0.118288544,0.219112,1,0.249635736,0.64338269,1,0.148271098,0.88154458,4,4,1,0.9772751915,0.344055979,1,1,0.754618665,0.68985893,1,0.92086958,0.9789804,3,1,0.4925311695,0.032997413,1,0.80320391,0.004101,1,0.05353786,0.1268534,1,0.1727146,0.36727,1,0.4561613,0.247974,1,0.20598231,0.709211,1,0.57478598,0.2114866,1,0.70746493,0.7310762,1,0.783348675,0.7846366,1,0.973314149,0.58769631,1,0.98747636,0.9768005,2,1,0.767613157,0.85874833,-0.08092735508338333,-0.03673392509274531,0.4538880258436797,-0.6295269388562117,-0.02497626097658212,0.046835735552085866,-0.6990418446411333,-0.12646036324065424,0.0041288892915145245,0.026548502837782907,-0.05061172668662994,-0.15956756109941284,0.004054089584899747,0.03057776597597435,0.06832158296903001,-0.5623203214104537,-0.047667350716688595,-0.05454438139482154,-0.04431370963781145,7.493861224
10.83612040133779,0.7363216896053492,0.9448947387683286,0.3637912238897455,3.047209080822215,1.1660429231336586,4.2255891946796345,2.243943618565948,0.9626983807823616,2.9387730498559232,0.980283590873028,0.02428915198096101,0.03851589145235728,1.0038071687858763,1,1,0.828420614,0.69125685,1,0.708821521,0.63838456,6,1,0.118288544,0.219112,1,0.249635736,0.64338269,1,0.148271098,0.88154458,4,4,1,0.9772751915,0.344055979,1,1,0.754618665,0.68985893,1,0.92086958,0.9789804,3,1,0.4925311695,0.032997413,1,0.80320391,0.004101,1,0.05353786,0.1268534,1,0.1727146,0.36727,1,0.4561613,0.247974,1,0.20598231,0.709211,1,0.57478598,0.2114866,1,0.70746493,0.7310762,1,0.783348675,0.7846366,1,0.973314149,0.58769631,1,0.98747636,0.9768005,2,1,0.767613157,0.85874833,-0.08127278379561931,-0.03791815084246608,0.45423726702633777,-0.6285749855559861,-0.025102504231462985,0.04587263597148161,-0.6974074448409988,-0.12624493307111706,0.004122937228931048,0.02655173614920513,-0.0503432271858657,-0.1586361173680764,0.004054011284405608,0.03058598811969908,0.06854824193758857,-0.5609556189183738,-0.047441802343134665,-0.05480449969724027,-0.043739282777899846,7.493861224
10.936454849498325,0.7359123560207815,0.9454662326998363,0.3635490397735374,3.0560019658990445,1.1644856683737939,4.221785948125082,2.2444344911236347,0.9625671971233467,2.9374208372364343,0.9770688001862677,0.024282516532818318,0.038514146798240445,1.0040961233304402,1,1,0.828420614,0.69125685,1,0.708821521,0.63838456,6,1,0.118288544,0.219112,1,0.249635736,0.64338269,1,0.148271098,0.88154458,4,4,1,0.9772751915,0.344055979,1,1,0.754618665,0.68985893,1,0.92086958,0.9789804,3,1,0.4925311695,0.032997413,1,0.80320391,0.004101,1,0.05353786,0.1268534,1,0.1727146,0.36727,1,0.4561613,0.247974,1,0.20598231,0.709211,1,0.57478598,0.2114866,1,0.70746493,0.7310762,1,0.783348675,0.7846366,1,0.973314149,0.58769631,1,0.98747636,0.9768005,2,1,0.767613157,0.85874833,-0.08161188417507759,-0.03908263377269505,0.4545784802312813,-0.6276439471511368,-0.02521920870243377,0.04492591385729949,-0.6958041461240643,-0.1260306860098428,0.004117461455204786,0.026555269650504768,-0.050078874369841264,-0.15772438182549806,0.004053951911225519,0.030594045093671238,0.06877291566881583,-0.559619773335263,-0.047220847640518704,-0.05506008053136202,-0.04317494603065253,7.493861224
11.03678929765886,0.7355105297412041,0.9460276675124176,0.36331096594520057,3.0646575552652133,1.1629641246278604,4.218050410913017,2.2449075863121237,0.9624460472665627,2.9360900307463385,0.9739231017013127,0.024276408723668246,0.038512845643603376,1.004380725788531,1,1,0.828420614,0.69125685,1,0.708821521,0.63838456,6,1,0.118288544,0.219112,1,0.249635736,0.64338269,1,0.148271098,0.88154458,4,4,1,0.9772751915,0.344055979,1,1,0.754618665,0.68985893,1,0.92086958,0.9789804,3,1,0.4925311695,0.032997413,1,0.80320391,0.004101,1,0.05353786,0.1268534,1,0.1727146,0.36727,1,0.4561613,0.247974,1,0.20598231,0.709211,1,0.57478598,0.2114866,1,0.70746493,0.7310762,1,0.783348675,0.7846366,1,0.973314149,0.58769631,1,0.98747636,0.9768005,2,1,0.767613157,0.85874833,-0.08194476534832651,-0.04022772651376094,0.45491186872454026,-0.6267332999396413,-0.02532698683616119,0.04399525927258341,-0.6942314038369033,-0.12581759331210485,0.004112434227912673,0.026559075301256167,-0.04981863500248901,-0.15683185396239008,0.004053909751312555,0.030601947107440727,0.0689955672348816,-0.5583121541291405,-0.04700435792905244,-0.05531121161285102,-0.04262054242554747,7.493861224
11.137123745819395,0.7351160341037879,0.946579184990865,0.3630769143572809,3.0731778989507,1.161477406134546,4.214381579926045,2.245363473740458,0.9623340241167896,2.9347803568920345,0.9708446989642607,0.02427078084630358,0.03851193889237517,1.0046609256335417,1,1,0.828420614,0.69125685,1,0.708821521,0.63838456,6,1,0.118288544,0.219112,1,0.249635736,0.64338269,1,0.148271098,0.88154458,4,4,1,0.9772751915,0.344055979,1,1,0.754618665,0.68985893,1,0.92086958,0.9789804,3,1,0.4925311695,0.032997413,1,0.80320391,0.004101,1,0.05353786,0.1268534,1,0.1727146,0.36727,1,0.4561613,0.247974,1,0.20598231,0.709211,1,0.57478598,0.2114866,1,0.70746493,0.7310762,1,0.783348675,0.7846366,1,0.973314149,0.58769631,1,0.98747636,0.9768005,2,1,0.767613157,0.85874833,-0.08227157366649518,-0.04135376172459726,0.4552376265870473,-0.6258425252124276,-0.025426645608670806,0.043080328030963067,-0.6926887323534006,-0.12560579313769837,0.004107814986990643,0.02656311526422396,-0.0495624906207342,-0.15595802697903835,0.004053885277231498,0.030609696588664345,0.06921615766701689,-0.5570321583769222,-0.046792182496780965,-0.05555795617401721,-0.04207593195345394,7.493861224
11.23745819397993,0.734728710132676,0.9471209324668632,0.3628468026950928,3.081565025878409,1.1600246434552115,4.210778432260873,2.2458027151594573,0.9622303520112958,2.933491542743351,0.9678318658271771,0.02426559255413013,0.03851138469736237,1.0049366964969992,1,1,0.828420614,0.69125685,1,0.708821521,0.63838456,6,1,0.118288544,0.219112,1,0.249635736,0.64338269,1,0.148271098,0.88154458,4,4,1,0.9772751915,0.344055979,1,1,0.754618665,0.68985893,1,0.92086958,0.9789804,3,1,0.4925311695,0.032997413,1,0.80320391,0.004101,1,0.05353786,0.1268534,1,0.1727146,0.36727,1,0.4561613,0.247974,1,0.20598231,0.709211,1,0.57478598,0.2114866,1,0.70746493,0.7310762,1,0.783348675,0.7846366,1,0.973314149,0.58769631,1,0.98747636,0.9768005,2,1,0.767613157,0.85874833,-0.08259244082846051,-0.04246106927037996,0.45555594432324165,-0.6249711213418623,-0.025518875070152047,0.04218079835603805,-0.6911756319727851,-0.1253953741234537,0.004103569711436501,0.026567357449636776,-0.04931041507272638,-0.15510241707783787,0.004053878253955041,0.03061729802110727,0.06943465284663769,-0.5557791891268515,-0.04658418524195562,-0.055800383487236094,-0.04154096912781602,7.493861224
11.337792642140464,0.7343484149050742,0.9476530636109693,0.36262055399746923,3.0898209385197934,1.158604983114506,4.207239923928191,2.246225865808394,0.9621343901152589,2.9322233202902495,0.9648829421154262,0.024260810821570288,0.03851114927624051,1.0052080368711753,1,1,0.828420614,0.69125685,1,0.708821521,0.63838456,6,1,0.118288544,0.219112,1,0.249635736,0.64338269,1,0.148271098,0.88154458,4,4,1,0.9772751915,0.344055979,1,1,0.754618665,0.68985893,1,0.92086958,0.9789804,3,1,0.4925311695,0.032997413,1,0.80320391,0.004101,1,0.05353786,0.1268534,1,0.1727146,0.36727,1,0.4561613,0.247974,1,0.20598231,0.709211,1,0.57478598,0.2114866,1,0.70746493,0.7310762,1,0.783348675,0.7846366,1,0.973314149,0.58769631,1,0.98747636,0.9768005,2,1,0.767613157,0.85874833,-0.08290748523441172,-0.0435499739697317,0.45586700893981436,-0.6241186048713321,-0.02560424532430139,0.041296369398851285,-0.6896915847350882,-0.12518639029181555,0.004099670748762496,0.02657177616894861,-0.04906237484480419,-0.15426456193410396,0.004053888118486492,0.030624755781866464,0.06965102367575998,-0.5545526576308537,-0.04638024460393009,-0.05603856870361401,-0.041015502202591425,7.493861224
11.438127090300998,0.733975014921702,0.9481757349874558,0.36239809493030145,3.097947612981367,1.1572175901884123,4.203765004660901,2.2466334704382156,0.962045583863761,2.9309754249155917,0.9619963243214957,0.02425640723253458,0.03851120390479457,1.0054749604630386,1,1,0.828420614,0.69125685,1,0.708821521,0.63838456,6,1,0.118288544,0.219112,1,0.249635736,0.64338269,1,0.148271098,0.88154458,4,4,1,0.9772751915,0.344055979,1,1,0.754618665,0.68985893,1,0.92086958,0.9789804,3,1,0.4925311695,0.032997413,1,0.80320391,0.004101,1,0.05353786,0.1268534,1,0.1727146,0.36727,1,0.4561613,0.247974,1,0.20598231,0.709211,1,0.57478598,0.2114866,1,0.70746493,0.7310762,1,0.783348675,0.7846366,1,0.973314149,0.58769631,1,0.98747636,0.9768005,2,1,0.767613157,0.85874833,-0.08321681747790444,-0.04462079491996873,0.4561710033786366,-0.6232845078613027,-0.02568324972681446,0.04042675448898203,-0.6882360657892024,-0.12497887989720358,0.0040960944107468825,0.026576349743092535,-0.04881833196633334,-0.15344401683120018,0.004053914136865995,0.03063207409997938,0.06986524493780633,-0.5533519850414466,-0.046180248693278414,-0.05627258938594587,-0.04049937657426239,7.493861224
11.538461538461533,0.7336083635307138,0.9486890948666293,0.3621793501955249,3.1059469993559037,1.155861658050504,4.200352666202398,2.247026049558673,0.9619633076566777,2.9297475895398315,0.9591704389878462,0.024252349120783372,0.03851151510862433,1.005737464953607,1,1,0.828420614,0.69125685,1,0.708821521,0.63838456,6,1,0.118288544,0.219112,1,0.249635736,0.64338269,1,0.148271098,0.88154458,4,4,1,0.9772751915,0.344055979,1,1,0.754618665,0.68985893,1,0.92086958,0.9789804,3,1,0.4925311695,0.032997413,1,0.80320391,0.004101,1,0.05353786,0.1268534,1,0.1727146,0.36727,1,0.4561613,0.247974,1,0.20598231,0.709211,1,0.57478598,0.2114866,1,0.70746493,0.7310762,1,0.783348675,0.7846366,1,0.973314149,0.58769631,1,0.98747636,0.9768005,2,1,0.767613157,0.85874833,-0.08352055904835087,-0.045673842646457796,0.45646810438123797,-0.6224683699702389,-0.025756444828195613,0.03957165927870854,-0.6868085811235178,-0.12477292992908362,0.004092813073151735,0.02658105270050551,-0.04857825330228538,-0.1526403432015367,0.004053955945212764,0.03063925674607361,0.07007729177563321,-0.5521766078607364,-0.045984079543093914,-0.05650251356538638,-0.03999244582940609,7.493861224
11.638795986622068,0.7332483243237496,0.9491932943853948,0.3619642481055178,3.1138210213970328,1.1545363974536067,4.19700189393327,2.2474041139129195,0.9618870215210938,2.928539551160573,0.9564037662003736,0.02424860845484248,0.03851205449194255,1.0059955631037698,1,1,0.828420614,0.69125685,1,0.708821521,0.63838456,6,1,0.118288544,0.219112,1,0.249635736,0.64338269,1,0.148271098,0.88154458,4,4,1,0.9772751915,0.344055979,1,1,0.754618665,0.68985893,1,0.92086958,0.9789804,3,1,0.4925311695,0.032997413,1,0.80320391,0.004101,1,0.05353786,0.1268534,1,0.1727146,0.36727,1,0.4561613,0.247974,1,0.20598231,0.709211,1,0.57478598,0.2114866,1,0.70746493,0.7310762,1,0.783348675,0.7846366,1,0.973314149,0.58769631,1,0.98747636,0.9768005,2,1,0.767613157,0.85874833,-0.08381882294924825,-0.046709422273335854,0.4567584848811453,-0.6216697458263409,-0.025824311002706768,0.038730803533893576,-0.6854086292602881,-0.12456861100112704,0.004089803134562045,0.026585863595043897,-0.04834210139076789,-0.1518531191407705,0.004054012994974708,0.030646307370840203,0.07028714304528166,-0.5510259724810618,-0.04579162877314347,-0.056728412179323284,-0.039494560723901784,7.493861224
11.739130434782602,0.7328947726581589,0.949688490264403,0.3617527227898118,3.121571583430207,1.1532410331850667,4.19371165312449,2.2477681690436797,0.9618163152791852,2.9273510448947273,0.9536948556279997,0.024245163896631516,0.038512801542067966,1.0062492915173789,1,1,0.828420614,0.69125685,1,0.708821521,0.63838456,6,1,0.118288544,0.219112,1,0.249635736,0.64338269,1,0.148271098,0.88154458,4,4,1,0.9772751915,0.344055979,1,1,0.754618665,0.68985893,1,0.92086958,0.9789804,3,1,0.4925311695,0.032997413,1,0.80320391,0.004101,1,0.05353786,0.1268534,1,0.1727146,0.36727,1,0.4561613,0.247974,1,0.20598231,0.709211,1,0.57478598,0.2114866,1,0.70746493,0.7310762,1,0.783348675,0.7846366,1,0.973314149,0.58769631,1,0.98747636,0.9768005,2,1,0.767613157,0.85874833,-0.08411171243713755,-0.047727837804581674,0.45704231473675366,-0.6208882072518427,-0.025887213155446287,0.03790392976023882,-0.684035696268178,-0.12436591419639997,0.004087046600775801,0.02659076724111767,-0.048109830872309134,-0.15108194587634993,0.004054084653567245,0.030653228541936375,0.07049478191207231,-0.5498995275989513,-0.04560280233723446,-0.05695035896918571,-0.039005566499811795,7.493861224
11.839464882943137,0.7325475788010962,0.9501748323239759,0.3615447063725968,3.1292005577472177,1.1519748154468261,4.1904809463577175,2.248118698495088,0.9617507216257483,2.926181811952283,0.9510422756293823,0.024241991139977378,0.038513731947000286,1.006498673526739,1,1,0.828420614,0.69125685,1,0.708821521,0.63838456,6,1,0.118288544,0.219112,1,0.249635736,0.64338269,1,0.148271098,0.88154458,4,4,1,0.9772751915,0.344055979,1,1,0.754618665,0.68985893,1,0.92086958,0.9789804,3,1,0.4925311695,0.032997413,1,0.80320391,0.004101,1,0.05353786,0.1268534,1,0.1727146,0.36727,1,0.4561613,0.247974,1,0.20598231,0.709211,1,0.57478598,0.2114866,1,0.70746493,0.7310762,1,0.783348675,0.7846366,1,0.973314149,0.58769631,1,0.98747636,0.9768005,2,1,0.767613157,0.85874833,-0.08439933498538255,-0.04872938269289939,0.457319758237815,-0.620123333147774,-0.025945567013547888,0.037090772624363,-0.6826892893570093,-0.124164911108398,0.004084522977012242,0.026595745412598553,-0.04788140142354619,-0.15032642711043082,0.004054170358015235,0.030660023398822595,0.070700192227521,-0.5487967419286712,-0.045417501181196696,-0.05716842333123695,-0.03852531521310987,7.493861224
11.939799331103671,0.7322066189791422,0.9506524714898501,0.36134013407691723,3.136709793451513,1.1507370115504025,4.187308776335955,2.248456175285638,0.961689836432854,2.925031594267023,0.9484446445948644,0.024239069131736065,0.03851482516538546,1.006743743073449,1,1,0.828420614,0.69125685,1,0.708821521,0.63838456,6,1,0.118288544,0.219112,1,0.249635736,0.64338269,1,0.148271098,0.88154458,4,4,1,0.9772751915,0.344055979,1,1,0.754618665,0.68985893,1,0.92086958,0.9789804,3,1,0.4925311695,0.032997413,1,0.80320391,0.004101,1,0.05353786,0.1268534,1,0.1727146,0.36727,1,0.4561613,0.247974,1,0.20598231,0.709211,1,0.57478598,0.2114866,1,0.70746493,0.7310762,1,0.783348675,0.7846366,1,0.973314149,0.58769631,1,0.98747636,0.9768005,2,1,0.767613157,0.85874833,-0.084681793130435,-0.049714346493688666,0.4575909759251682,-0.6193747155375058,-0.025999732099962092,0.036291078906619756,-0.6813689152741289,-0.12396564666219412,0.004082214490458605,0.026600782869843718,-0.04765676940493868,-0.1495861819652327,0.0040542695305544225,0.030666694502420114,0.070903360704552,-0.5477170921601553,-0.04523563370937522,-0.057382674979173376,-0.03805365782819892,7.493861224
12.040133779264206,0.7318717723070484,0.9511215585400644,0.361138943127388,3.1441011154403857,1.149526907177812,4.184194152110517,2.2487810601621296,0.9616332963683599,2.923900135012145,0.9459006257411052,0.024236378838988677,0.03851606280259759,1.0069845402585569,1,1,0.828420614,0.69125685,1,0.708821521,0.63838456,6,1,0.118288544,0.219112,1,0.249635736,0.64338269,1,0.148271098,0.88154458,4,4,1,0.9772751915,0.344055979,1,1,0.754618665,0.68985893,1,0.92086958,0.9789804,3,1,0.4925311695,0.032997413,1,0.80320391,0.004101,1,0.05353786,0.1268534,1,0.1727146,0.36727,1,0.4561613,0.247974,1,0.20598231,0.709211,1,0.57478598,0.2114866,1,0.70746493,0.7310762,1,0.783348675,0.7846366,1,0.973314149,0.58769631,1,0.98747636,0.9768005,2,1,0.767613157,0.85874833,-0.08495918701612681,-0.05068301349803217,0.4578561243144552,-0.6186419587577068,-0.026050031644623273,0.03550460321170279,-0.6800740842110335,-0.12376815105310968,0.004080105007218261,0.026605866067917292,-0.047435889355587735,-0.14886084285348278,0.004054381533358832,0.030673244525071086,0.07110427656649404,-0.546660064571239,-0.04505711327474282,-0.05759318277575953,-0.03759044545533019,7.493861224
12.14046822742474,0.7315429204820064,0.951582243763181,0.3609410725912507,3.151376324512762,1.1483438060903173,4.181136090429655,2.249093801558923,0.9615807740706852,2.9227871786681914,0.9434089249451112,0.02423390300205298,0.03851742834166454,1.0072211103807578,1,1,0.828420614,0.69125685,1,0.708821521,0.63838456,6,1,0.118288544,0.219112,1,0.249635736,0.64338269,1,0.148271098,0.88154458,4,4,1,0.9772751915,0.344055979,1,1,0.754618665,0.68985893,1,0.92086958,0.9789804,3,1,0.4925311695,0.032997413,1,0.80320391,0.004101,1,0.05353786,0.1268534,1,0.1727146,0.36727,1,0.4561613,0.247974,1,0.20598231,0.709211,1,0.57478598,0.2114866,1,0.70746493,0.7310762,1,0.783348675,0.7846366,1,0.973314149,0.58769631,1,0.98747636,0.9768005,2,1,0.767613157,0.85874833,-0.08523161464694307,-0.05163566283120724,0.45811535595993835,-0.6179246788810873,-0.02609675687709756,0.034731107347319545,-0.6788043106824784,-0.12357244179037918,0.004078179826582054,0.026610982942410297,-0.047218714310810206,-0.1481500547332243,0.0040545056820219215,0.03067967623646438,0.07130293135924759,-0.5456251551061451,-0.04488185769196762,-0.05780001458541584,-0.03713552968810119,7.493861224
12.240802675585275,0.7312199475396922,0.9520346743503049,0.3607464625402154,3.1585371954587567,1.1471870306169552,4.178133626166756,2.2493948333553373,0.9615319473808905,2.9216924728678166,0.9409682782061792,0.02423162470787967,0.038518905774470286,1.0074534978292353,1,1,0.828420614,0.69125685,1,0.708821521,0.63838456,6,1,0.118288544,0.219112,1,0.249635736,0.64338269,1,0.148271098,0.88154458,4,4,1,0.9772751915,0.344055979,1,1,0.754618665,0.68985893,1,0.92086958,0.9789804,3,1,0.4925311695,0.032997413,1,0.80320391,0.004101,1,0.05353786,0.1268534,1,0.1727146,0.36727,1,0.4561613,0.247974,1,0.20598231,0.709211,1,0.57478598,0.2114866,1,0.70746493,0.7310762,1,0.783348675,0.7846366,1,0.973314149,0.58769631,1,0.98747636,0.9768005,2,1,0.767613157,0.85874833,-0.08549917209012037,-0.05257256831428314,0.4583688193474577,-0.6172225003661311,-0.02614019439854287,0.033970357047746313,-0.6775591193283574,-0.1233785596193715,0.0040764245883496905,0.026616121817460394,-0.04700519799793884,-0.1474534704185883,0.004054641428852743,0.030685991602900087,0.07149931792653402,-0.544611872310711,-0.04470978648847068,-0.05800323684805786,-0.036688765178775506,7.493861224
12.34113712374581,0.7309027394861881,0.9524789963405013,0.3605550545770236,3.1655854792044003,1.1460559205762764,4.175185804505297,2.2496845770571525,0.9614865207004752,2.9206157666704256,0.9385774599481025,0.024229528333606993,0.03852048044259127,1.0076817503148785,1,1,0.828420614,0.69125685,1,0.708821521,0.63838456,6,1,0.118288544,0.219112,1,0.249635736,0.64338269,1,0.148271098,0.88154458,4,4,1,0.9772751915,0.344055979,1,1,0.754618665,0.68985893,1,0.92086958,0.9789804,3,1,0.4925311695,0.032997413,1,0.80320391,0.004101,1,0.05353786,0.1268534,1,0.1727146,0.36727,1,0.4561613,0.247974,1,0.20598231,0.709211,1,0.57478598,0.2114866,1,0.70746493,0.7310762,1,0.783348675,0.7846366,1,0.973314149,0.58769631,1,0.98747636,0.9768005,2,1,0.767613157,0.85874833,-0.08576195378057005,-0.053493998764062356,0.4586166591306909,-0.6165350582564273,-0.02618060718124493,0.033222124032214584,-0.6763380408244255,-0.12318653728335427,0.004074825962267888,0.026621272077474167,-0.046795293258272586,-0.14677075381517624,0.004054788206049983,0.030692192659452833,0.07169343106673631,-0.5436197345276832,-0.044540822700453564,-0.058202914713170184,-0.036250007717228416,7.493861224
12.441471571906344,0.7305911877767415,0.9529153573039861,0.36036679248797543,3.172522903010204,1.144949832517374,4.172291670055245,2.249963444510187,0.9614442547244832,2.919556811947245,0.9362352897810448,0.024227601230784084,0.038522140660224205,1.0079059249405842,1,1,0.828420614,0.69125685,1,0.708821521,0.63838456,6,1,0.118288544,0.219112,1,0.249635736,0.64338269,1,0.148271098,0.88154458,4,4,1,0.9772751915,0.344055979,1,1,0.754618665,0.68985893,1,0.92086958,0.9789804,3,1,0.4925311695,0.032997413,1,0.80320391,0.004101,1,0.05353786,0.1268534,1,0.1727146,0.36727,1,0.4561613,0.247974,1,0.20598231,0.709211,1,0.57478598,0.2114866,1,0.70746493,0.7310762,1,0.783348675,0.7846366,1,0.973314149,0.58769631,1,0.98747636,0.9768005,2,1,0.767613157,0.85874833,-0.08602004963900256,-0.05440021758666291,0.4588590162974531,-0.6158620019802332,-0.02621820811725517,0.03248618855570773,-0.6751406033289382,-0.12299637732422797,0.0040733731555121985,0.02662642546092608,-0.046588950272831664,-0.14610158253457906,0.004054945208872104,0.030698282175895403,0.0718852685012738,-0.5426482689895478,-0.044374895534005976,-0.05839911451914637,-0.03581911158136031,7.493861224
12.541806020066879,0.730285182390531,0.953343899778582,0.36018162038629453,3.1793511696083465,1.1438681405632252,4.169450293327069,2.250231832138814,0.9614048905153629,2.9185153618509925,0.9339406104921013,0.024225829613653643,0.03852387368133471,1.0081260728251775,1,1,0.828420614,0.69125685,1,0.708821521,0.63838456,6,1,0.118288544,0.219112,1,0.249635736,0.64338269,1,0.148271098,0.88154458,4,4,1,0.9772751915,0.344055979,1,1,0.754618665,0.68985893,1,0.92086958,0.9789804,3,1,0.4925311695,0.032997413,1,0.80320391,0.004101,1,0.05353786,0.1268534,1,0.1727146,0.36727,1,0.4561613,0.247974,1,0.20598231,0.709211,1,0.57478598,0.2114866,1,0.70746493,0.7310762,1,0.783348675,0.7846366,1,0.973314149,0.58769631,1,0.98747636,0.9768005,2,1,0.767613157,0.85874833,-0.0862735508089344,-0.05529148360188285,0.45909602798491056,-0.6152029858862531,-0.02625322756430415,0.03176233215118507,-0.6739663519008099,-0.12280811203991782,0.0040720543426064695,0.02663157284577147,-0.04638612130744374,-0.14544563966531285,0.004055111883329883,0.03070426207992888,0.07207482832044554,-0.5416970147757905,-0.04421193344201457,-0.05859189891911759,-0.03539593601844093,7.493861224
12.642140468227414,0.7299846158603529,0.9537647651107692,0.3599994836973497,3.1860719580402845,1.1428102353396439,4.166660755192182,2.2504901247566886,0.9613681924802502,2.917491171848783,0.9316922993658756,0.024224200899792794,0.038525667948341155,1.00834224782731,1,1,0.828420614,0.69125685,1,0.708821521,0.63838456,6,1,0.118288544,0.219112,1,0.249635736,0.64338269,1,0.148271098,0.88154458,4,4,1,0.9772751915,0.344055979,1,1,0.754618665,0.68985893,1,0.92086958,0.9789804,3,1,0.4925311695,0.032997413,1,0.80320391,0.004101,1,0.05353786,0.1268534,1,0.1727146,0.36727,1,0.4561613,0.247974,1,0.20598231,0.709211,1,0.57478598,0.2114866,1,0.70746493,0.7310762,1,0.783348675,0.7846366,1,0.973314149,0.58769631,1,0.98747636,0.9768005,2,1,0.767613157,0.85874833,-0.08652254631841239,-0.05616805061208452,0.4593278277142599,-0.6145576745506731,-0.026285875112067814,0.031050341480914012,-0.6728148370000562,-0.12262176763166988,0.004070858705799374,0.026636706042369472,-0.04618675804141936,-0.14480261811551268,0.004055287622664935,0.03071013449401301,0.0722621103852954,-0.5407655208720727,-0.04405186796037064,-0.058781329841114116,-0.034980341452162556,7.493861224
12.742474916387948,0.7296893844233342,0.9541780939219299,0.3598203295239235,3.1926869239647995,1.1417755231912572,4.163922144539073,2.2507386965057257,0.9613339555881145,2.9164839999052674,0.9294892687696125,0.024222704128658058,0.0385275136920662,1.00855450805957,1,1,0.828420614,0.69125685,1,0.708821521,0.63838456,6,1,0.118288544,0.219112,1,0.249635736,0.64338269,1,0.148271098,0.88154458,4,4,1,0.9772751915,0.344055979,1,1,0.754618665,0.68985893,1,0.92086958,0.9789804,3,1,0.4925311695,0.032997413,1,0.80320391,0.004101,1,0.05353786,0.1268534,1,0.1727146,0.36727,1,0.4561613,0.247974,1,0.20598231,0.709211,1,0.57478598,0.2114866,1,0.70746493,0.7310762,1,0.783348675,0.7846366,1,0.973314149,0.58769631,1,0.98747636,0.9768005,2,1,0.767613157,0.85874833,-0.08676712212673954,-0.05703016800012484,0.45955454556251724,-0.6139257430713858,-0.0263163331616022,0.030350009764341657,-0.6716856127326567,-0.12243735921858079,0.00406977681535662,0.02664181827083384,-0.04599081110441011,-0.14417222096324683,0.004055471800893981,0.030715901346207886,0.07244711639702073,-0.5398533456398287,-0.043894634530764254,-0.058967468991512284,-0.03457218902223447,7.493861224
12.842809364548483,0.729399388672803,0.9545840264597238,0.3596441068109636,3.1991976999349583,1.1407634256057475,4.161233556635204,2.2509779115587865,0.9613020097011091,2.9154936066477686,0.9273304663281112,0.024221330213193244,0.038529403244494276,1.00876291679624,1,1,0.828420614,0.69125685,1,0.708821521,0.63838456,6,1,0.118288544,0.219112,1,0.249635736,0.64338269,1,0.148271098,0.88154458,4,4,1,0.9772751915,0.344055979,1,1,0.754618665,0.68985893,1,0.92086958,0.9789804,3,1,0.4925311695,0.032997413,1,0.80320391,0.004101,1,0.05353786,0.1268534,1,0.1727146,0.36727,1,0.4561613,0.247974,1,0.20598231,0.709211,1,0.57478598,0.2114866,1,0.70746493,0.7310762,1,0.783348675,0.7846366,1,0.973314149,0.58769631,1,0.98747636,0.9768005,2,1,0.767613157,0.85874833,-0.08700736058445191,-0.05787808099776359,0.45977630828867344,-0.6133068773026211,-0.026344753072059413,0.029661137422123618,-0.6705782355958823,-0.12225488715254507,0.004068800858411756,0.02664690441013918,-0.045798229805759594,-0.14355416162019896,0.004055663769874061,0.03072156428090489,0.07262984995032984,-0.5389600564398622,-0.04374017293769494,-0.05915037822531982,-0.03417134023740809,7.493861224
12.943143812709017,0.7291145269279709,0.9549826981827795,0.3594707641953271,3.205605894822247,1.1397733806359358,4.158594112185775,2.2512081196547546,0.9612721600105899,2.9145197544187424,0.9252148595760251,0.024220068662205517,0.03853132716899685,1.0089675303019678,1,1,0.828420614,0.69125685,1,0.708821521,0.63838456,6,1,0.118288544,0.219112,1,0.249635736,0.64338269,1,0.148271098,0.88154458,4,4,1,0.9772751915,0.344055979,1,1,0.754618665,0.68985893,1,0.92086958,0.9789804,3,1,0.4925311695,0.032997413,1,0.80320391,0.004101,1,0.05353786,0.1268534,1,0.1727146,0.36727,1,0.4561613,0.247974,1,0.20598231,0.709211,1,0.57478598,0.2114866,1,0.70746493,0.7310762,1,0.783348675,0.7846366,1,0.973314149,0.58769631,1,0.98747636,0.9768005,2,1,0.767613157,0.85874833,-0.0872433459260109,-0.058712029400040944,0.45999323902209877,-0.6127007680172492,-0.026371308150388906,0.028983523670558453,-0.6694922783411794,-0.12207437888779404,0.0040679217614276245,0.02665195791711266,-0.045608965924067435,-0.14294815794930332,0.00405586294965465,0.03072712530309686,0.07281031493985596,-0.5380852320984049,-0.043588421217127804,-0.05933011604023625,-0.033777661335490206,7.493861224
13.043478260869552,0.7288347008645233,0.955374243410097,0.35930025174551633,3.211913094681637,1.138804840971328,4.156002941413911,2.2514296603559925,0.9612442353283152,2.913562208212382,0.923141446866055,0.024218910258683356,0.038533277432497015,1.009168407735016,1,1,0.828420614,0.69125685,1,0.708821521,0.63838456,6,1,0.118288544,0.219112,1,0.249635736,0.64338269,1,0.148271098,0.88154458,4,4,1,0.9772751915,0.344055979,1,1,0.754618665,0.68985893,1,0.92086958,0.9789804,3,1,0.4925311695,0.032997413,1,0.80320391,0.004101,1,0.05353786,0.1268534,1,0.1727146,0.36727,1,0.4561613,0.247974,1,0.20598231,0.709211,1,0.57478598,0.2114866,1,0.70746493,0.7310762,1,0.783348675,0.7846366,1,0.973314149,0.58769631,1,0.98747636,0.9768005,2,1,0.767613157,0.85874833,-0.08747515960530527,-0.059532248814804234,0.46020545768509036,-0.6121071153501305,-0.026396150690201958,0.028316973322390693,-0.6684273182849738,-0.12189585443559725,0.004067131554176977,0.026656973352225062,-0.04542297064480738,-0.14235393660406948,0.0040560687546847135,0.030732586219637356,0.0729885167573876,-0.5372284605798412,-0.043439320568189665,-0.05950674061778721,-0.03339101967964331,7.493861224
13.143812709030087,0.7285598169424585,0.9557587967872008,0.3591325219676939,3.2181208643193466,1.1378572728400764,4.153459177298804,2.2516428647685034,0.9612181098313735,2.9126207344952273,0.9211092641970408,0.024217848146965166,0.03853524877429379,1.0093656156386979,1,1,0.828420614,0.69125685,1,0.708821521,0.63838456,6,1,0.118288544,0.219112,1,0.249635736,0.64338269,1,0.148271098,0.88154458,4,4,1,0.9772751915,0.344055979,1,1,0.754618665,0.68985893,1,0.92086958,0.9789804,3,1,0.4925311695,0.032997413,1,0.80320391,0.004101,1,0.05353786,0.1268534,1,0.1727146,0.36727,1,0.4561613,0.247974,1,0.20598231,0.709211,1,0.57478598,0.2114866,1,0.70746493,0.7310762,1,0.783348675,0.7846366,1,0.973314149,0.58769631,1,0.98747636,0.9768005,2,1,0.767613157,0.85874833,-0.08770287911280095,-0.06033897215292905,0.46041308123346514,-0.6115256302767,-0.02641939262690607,0.027661300719423965,-0.6673829335339252,-0.12171930095067118,0.004066424258609293,0.02666194746885543,-0.0452401929679464,-0.14177123572598246,0.004056280600194759,0.030737948344699353,0.07316446277080152,-0.5363893369075308,-0.043292817728806665,-0.05968031028699161,-0.03301128231059525,7.493861224
13.244147157190621,0.7282897812345669,0.9561364888758289,0.35896752713327834,3.2242307449229686,1.1369301575548545,4.150961975124147,2.2518480513715033,0.9611936392092664,2.911695102897554,0.9191173649093294,0.024216874523949106,0.03853723467142602,1.0095592148571237,1,1,0.828420614,0.69125685,1,0.708821521,0.63838456,6,1,0.118288544,0.219112,1,0.249635736,0.64338269,1,0.148271098,0.88154458,4,4,1,0.9772751915,0.344055979,1,1,0.754618665,0.68985893,1,0.92086958,0.9789804,3,1,0.4925311695,0.032997413,1,0.80320391,0.004101,1,0.05353786,0.1268534,1,0.1727146,0.36727,1,0.4561613,0.247974,1,0.20598231,0.709211,1,0.57478598,0.2114866,1,0.70746493,0.7310762,1,0.783348675,0.7846366,1,0.973314149,0.58769631,1,0.98747636,0.9768005,2,1,0.767613157,0.85874833,-0.08792658225973449,-0.061132426829829445,0.4606162233178407,-0.6109560290325184,-0.026441162342957458,0.027016319285824153,-0.666358715194241,-0.12154473389208453,0.004065793106785072,0.02666687600218793,-0.04506058412552094,-0.14119979722022571,0.004056497933535526,0.030743213252831816,0.07333816067106791,-0.5355674673507753,-0.043148858164130166,-0.05985088134487543,-0.03263832030171587,7.493861224
13.344481605351156,0.7280245022122369,0.9565074484771798,0.35880522067852555,3.230244255714445,1.1360229900634946,4.148510502018219,2.2520455286755086,0.9611706937065261,2.9107850853340413,0.9171648291150689,0.024215982357921967,0.03853922944948869,1.0097492673375923,1,1,0.828420614,0.69125685,1,0.708821521,0.63838456,6,1,0.118288544,0.219112,1,0.249635736,0.64338269,1,0.148271098,0.88154458,4,4,1,0.9772751915,0.344055979,1,1,0.754618665,0.68985893,1,0.92086958,0.9789804,3,1,0.4925311695,0.032997413,1,0.80320391,0.004101,1,0.05353786,0.1268534,1,0.1727146,0.36727,1,0.4561613,0.247974,1,0.20598231,0.709211,1,0.57478598,0.2114866,1,0.70746493,0.7310762,1,0.783348675,0.7846366,1,0.973314149,0.58769631,1,0.98747636,0.9768005,2,1,0.767613157,0.85874833,-0.08814634487029438,-0.061912836448645314,0.46081499460120756,-0.6103980356858107,-0.02646157527227022,0.02638184699922319,-0.6653542608193663,-0.12137216455927113,0.00406523199028528,0.026671755349278303,-0.044884095284977776,-0.1406393704694709,0.004056720221214123,0.03074838235528994,0.07350961924546956,-0.5347624669014548,-0.04300738958402983,-0.06001850926470054,-0.03227200646486683,7.493861224
13.44481605351169,0.7277638904039119,0.9568718027635722,0.35864555719388774,3.236162894356603,1.135135278766188,4.146103936424285,2.2522355953900575,0.9611491588798434,2.909890455758832,0.9152507641785407,0.02421516539188565,0.03854122824348937,1.0099358363077684,1,1,0.828420614,0.69125685,1,0.708821521,0.63838456,6,1,0.118288544,0.219112,1,0.249635736,0.64338269,1,0.148271098,0.88154458,4,4,1,0.9772751915,0.344055979,1,1,0.754618665,0.68985893,1,0.92086958,0.9789804,3,1,0.4925311695,0.032997413,1,0.80320391,0.004101,1,0.05353786,0.1268534,1,0.1727146,0.36727,1,0.4561613,0.247974,1,0.20598231,0.709211,1,0.57478598,0.2114866,1,0.70746493,0.7310762,1,0.783348675,0.7846366,1,0.973314149,0.58769631,1,0.98747636,0.9768005,2,1,0.767613157,0.85874833,-0.0883622410645627,-0.0626804208674776,0.461009502798983,-0.6098513822316867,-0.026480733226655118,0.02575770634912322,-0.6643691742294742,-0.12120159574337253,0.004064735440143276,0.02667658253818613,-0.04471067746118812,-0.14008971254186198,0.004056946927762522,0.030753457079157373,0.0736788484178077,-0.5339739589762993,-0.04286836197897825,-0.06018324858191815,-0.03191221522038967,7.493861224
13.545150501672225,0.7275078580763515,0.9572296774372107,0.3584884924283056,3.241988137376961,1.1342665453256355,4.143741467453033,2.252418540614313,0.9611289367323568,2.909010989906769,0.9133743053286717,0.024214418165761597,0.03854322698086946,1.0101189865302826,1,1,0.828420614,0.69125685,1,0.708821521,0.63838456,6,1,0.118288544,0.219112,1,0.249635736,0.64338269,1,0.148271098,0.88154458,4,4,1,0.9772751915,0.344055979,1,1,0.754618665,0.68985893,1,0.92086958,0.9789804,3,1,0.4925311695,0.032997413,1,0.80320391,0.004101,1,0.05353786,0.1268534,1,0.1727146,0.36727,1,0.4561613,0.247974,1,0.20598231,0.709211,1,0.57478598,0.2114866,1,0.70746493,0.7310762,1,0.783348675,0.7846366,1,0.973314149,0.58769631,1,0.98747636,0.9768005,2,1,0.767613157,0.85874833,-0.08857434352256399,-0.06343539627926298,0.4611998527206093,-0.6093158087167194,-0.026498723386725653,0.025143724353674513,-0.6634030652600051,-0.12103301701743652,0.004064298622225362,0.02668135521474851,-0.044540281401838355,-0.13955058844876225,0.004057177494069723,0.03075843904476444,0.07384585929934812,-0.5332015750928718,-0.04273172769545042,-0.060345152789104184,-0.03155882244032904,7.493861224
13.64548494983276,0.7272563195924376,0.9575811951901584,0.35833398269020245,3.2477214392625813,1.1334163237761357,4.141422300989449,2.2525946436427047,0.9611099261414324,2.9081464666935117,0.9115346051345459,0.02421373516547954,0.038545221562140505,1.0102987803026056,1,1,0.828420614,0.69125685,1,0.708821521,0.63838456,6,1,0.118288544,0.219112,1,0.249635736,0.64338269,1,0.148271098,0.88154458,4,4,1,0.9772751915,0.344055979,1,1,0.754618665,0.68985893,1,0.92086958,0.9789804,3,1,0.4925311695,0.032997413,1,0.80320391,0.004101,1,0.05353786,0.1268534,1,0.1727146,0.36727,1,0.4561613,0.247974,1,0.20598231,0.709211,1,0.57478598,0.2114866,1,0.70746493,0.7310762,1,0.783348675,0.7846366,1,0.973314149,0.58769631,1,0.98747636,0.9768005,2,1,0.767613157,0.85874833,-0.08878272318785263,-0.06417797493836663,0.46138614646476334,-0.6087910603752271,-0.026515635713865504,0.024539730218100964,-0.6624555529179945,-0.12086643613004266,0.004063916725762395,0.02668607098962933,-0.04437285904998878,-0.1390217674332989,0.00405741143974472,0.03076332944656518,0.07401066334473921,-0.5324449560306579,-0.042597439503656354,-0.06050427447190121,-0.031211706969172748,7.493861224
13.745819397993294,0.7270091910300435,0.9579264769018907,0.35818198527618217,3.253364233655412,1.1325841605717597,4.1391456548081536,2.252764174566033,0.9610920371440956,2.9072966670746307,0.9097308404522454,0.0242131114308184,0.03854720843246038,1.010475280413149,1,1,0.828420614,0.69125685,1,0.708821521,0.63838456,6,1,0.118288544,0.219112,1,0.249635736,0.64338269,1,0.148271098,0.88154458,4,4,1,0.9772751915,0.344055979,1,1,0.754618665,0.68985893,1,0.92086958,0.9789804,3,1,0.4925311695,0.032997413,1,0.80320391,0.004101,1,0.05353786,0.1268534,1,0.1727146,0.36727,1,0.4561613,0.247974,1,0.20598231,0.709211,1,0.57478598,0.2114866,1,0.70746493,0.7310762,1,0.783348675,0.7846366,1,0.973314149,0.58769631,1,0.98747636,0.9768005,2,1,0.767613157,0.85874833,-0.08898744958324811,-0.06490836554664903,0.4615684834088005,-0.6082768894458208,-0.02653155024152898,0.023945557010524254,-0.6615262628732945,-0.12070185419788704,0.004063585390109349,0.026690727894046713,-0.044208362449765504,-0.1385030255134089,0.004057648280543223,0.030768129573130965,0.07417327291322384,-0.5317037505717197,-0.04246545197890561,-0.06066066519983532,-0.030870749441296752,7.493861224
13.846153846153829,0.7267663889754447,0.9582656425821942,0.35803245823531954,3.2589179326619853,1.131769616705756,4.136910755739223,2.252927393662214,0.9610751968738742,2.9064613745359953,0.9079622178925997,0.024212542784296087,0.038549184749698394,1.0106485515268053,1,1,0.828420614,0.69125685,1,0.708821521,0.63838456,6,1,0.118288544,0.219112,1,0.249635736,0.64338269,1,0.148271098,0.88154458,4,4,1,0.9772751915,0.344055979,1,1,0.754618665,0.68985893,1,0.92086958,0.9789804,3,1,0.4925311695,0.032997413,1,0.80320391,0.004101,1,0.05353786,0.1268534,1,0.1727146,0.36727,1,0.4561613,0.247974,1,0.20598231,0.709211,1,0.57478598,0.2114866,1,0.70746493,0.7310762,1,0.783348675,0.7846366,1,0.973314149,0.58769631,1,0.98747636,0.9768005,2,1,0.767613157,0.85874833,-0.08918859181039929,-0.06562677201339018,0.46174695974436836,-0.6077730585909238,-0.02654653179366706,0.023361040740550454,-0.6606148251333335,-0.12053924836482377,0.004063300847050873,0.026695324516925804,-0.04404674336349512,-0.1379941471239271,0.0040578874805643865,0.030772841042924964,0.07433370193945305,-0.5309776162902315,-0.0423357218501319,-0.060814375488331074,-0.03053583134987381,7.493861224
13.946488294314364,0.7265278327318841,0.958598808958215,0.35788536046986147,3.2643839283315015,1.1309722626212642,4.134716847423024,2.2530845530008237,0.9610593285833258,2.90564037478456,0.9062279574617349,0.024212024954489382,0.03855114761668106,1.010818655634746,1,1,0.828420614,0.69125685,1,0.708821521,0.63838456,6,1,0.118288544,0.219112,1,0.249635736,0.64338269,1,0.148271098,0.88154458,4,4,1,0.9772751915,0.344055979,1,1,0.754618665,0.68985893,1,0.92086958,0.9789804,3,1,0.4925311695,0.032997413,1,0.80320391,0.004101,1,0.05353786,0.1268534,1,0.1727146,0.36727,1,0.4561613,0.247974,1,0.20598231,0.709211,1,0.57478598,0.2114866,1,0.70746493,0.7310762,1,0.783348675,0.7846366,1,0.973314149,0.58769631,1,0.98747636,0.9768005,2,1,0.767613157,0.85874833,-0.08938621672016323,-0.0663333957837079,0.46192166959252956,-0.6072793328333186,-0.026560648646845153,0.022786020752921576,-0.6597208796261969,-0.12037861737292443,0.004063059317626808,0.026699859387557708,-0.04388795469412826,-0.13749491998724478,0.004058128581928137,0.030777465142809324,0.07449196420721643,-0.5302662181912627,-0.04220820631982203,-0.06096545492190525,-0.030206837429606392,7.493861224
14.046822742474898,0.7262934431778187,0.9589260905834422,0.35774065163162616,3.2697635923002575,1.1301916801229597,4.132563186683121,2.253235896021469,0.9610443602725866,2.9048334559135185,0.9045272990708556,0.0242115539232568,0.03855309436726188,1.0109856539752384,1,1,0.828420614,0.69125685,1,0.708821521,0.63838456,6,1,0.118288544,0.219112,1,0.249635736,0.64338269,1,0.148271098,0.88154458,4,4,1,0.9772751915,0.344055979,1,1,0.754618665,0.68985893,1,0.92086958,0.9789804,3,1,0.4925311695,0.032997413,1,0.80320391,0.004101,1,0.05353786,0.1268534,1,0.1727146,0.36727,1,0.4561613,0.247974,1,0.20598231,0.709211,1,0.57478598,0.2114866,1,0.70746493,0.7310762,1,0.783348675,0.7846366,1,0.973314149,0.58769631,1,0.98747636,0.9768005,2,1,0.767613157,0.85874833,-0.08958038985845729,-0.06702843482469589,0.46209270458489804,-0.6067954829981221,-0.026573964854056165,0.02222033932252887,-0.6588440735738121,-0.12021996083274811,0.004062857240466629,0.02670433120643093,-0.043731949889171395,-0.1370051371739882,0.004058371143706481,0.030782003153939974,0.07464807407603863,-0.5295692291298064,-0.04208286370243808,-0.06111395209578324,-0.02988365456163211,7.493861224
14.147157190635433,0.7260631426446814,0.9592475998749517,0.357598292080572,3.2750582759940614,1.129427462158285,4.130449043362743,2.253381657728731,0.9610302243086879,2.9040404084231066,0.9028595020868259,0.024211125900522736,0.03855502253170814,1.0111496069853068,1,1,0.828420614,0.69125685,1,0.708821521,0.63838456,6,1,0.118288544,0.219112,1,0.249635736,0.64338269,1,0.148271098,0.88154458,4,4,1,0.9772751915,0.344055979,1,1,0.754618665,0.68985893,1,0.92086958,0.9789804,3,1,0.4925311695,0.032997413,1,0.80320391,0.004101,1,0.05353786,0.1268534,1,0.1727146,0.36727,1,0.4561613,0.247974,1,0.20598231,0.709211,1,0.57478598,0.2114866,1,0.70746493,0.7310762,1,0.783348675,0.7846366,1,0.973314149,0.58769631,1,0.98747636,0.9768005,2,1,0.767613157,0.85874833,-0.08977117556752345,-0.06771208362478809,0.4622601539115738,-0.6063212856485682,-0.026586540583387386,0.021663841492455482,-0.6579840613634462,-0.12006327872836842,0.004062691247092194,0.026708738817957104,-0.043578682958853476,-0.13652459697574518,0.004058614738910385,0.030786456376928797,0.0748020464613589,-0.5288863296880719,-0.041959653357313775,-0.06125991461186664,-0.02956617173674614,7.493861224
14.247491638795967,0.7258368550148019,0.9595634469192147,0.35745824285679173,3.280269310951145,1.1286792121386338,4.128373700909201,2.2535220650202534,0.9610168550993846,2.9032610252102313,0.9012238433799553,0.0242107372186359,0.03855692973283838,1.0113105738271637,1,1,0.828420614,0.69125685,1,0.708821521,0.63838456,6,1,0.118288544,0.219112,1,0.249635736,0.64338269,1,0.148271098,0.88154458,4,4,1,0.9772751915,0.344055979,1,1,0.754618665,0.68985893,1,0.92086958,0.9789804,3,1,0.4925311695,0.032997413,1,0.80320391,0.004101,1,0.05353786,0.1268534,1,0.1727146,0.36727,1,0.4561613,0.247974,1,0.20598231,0.709211,1,0.57478598,0.2114866,1,0.70746493,0.7310762,1,0.783348675,0.7846366,1,0.973314149,0.58769631,1,0.98747636,0.9768005,2,1,0.767613157,0.85874833,-0.08995863690480888,-0.06838453341006179,0.46242410446987964,-0.6058565222607704,-0.02659843418744412,0.021116374964498474,-0.6571405049586851,-0.11990857539816391,0.0040625580825802005,0.02671308112745876,-0.043428108626933415,-0.13605310230531692,0.004058858964048491,0.03079082609178843,0.07495389665352653,-0.528217207935791,-0.041838535469195026,-0.06140338908663345,-0.02925428024716059,7.493861224
14.347826086956502,0.7256145056657183,0.959873739607129,0.35732046567209425,3.2853980090199553,1.1279465438470608,4.126336455832729,2.2536573368905377,0.9610041898688074,2.902495101579659,0.8996196174434328,0.024210384368967785,0.03855881372830738,1.0114686125886672,1,1,0.828420614,0.69125685,1,0.708821521,0.63838456,6,1,0.118288544,0.219112,1,0.249635736,0.64338269,1,0.148271098,0.88154458,4,4,1,0.9772751915,0.344055979,1,1,0.754618665,0.68985893,1,0.92086958,0.9789804,3,1,0.4925311695,0.032997413,1,0.80320391,0.004101,1,0.05353786,0.1268534,1,0.1727146,0.36727,1,0.4561613,0.247974,1,0.20598231,0.709211,1,0.57478598,0.2114866,1,0.70746493,0.7310762,1,0.783348675,0.7846366,1,0.973314149,0.58769631,1,0.98747636,0.9768005,2,1,0.767613157,0.85874833,-0.0901428356890992,-0.06904597213729735,0.4625846408845828,-0.6054009794352937,-0.02660970151330877,0.02057779006626026,-0.6563130735176772,-0.11975585748101203,0.004062454634045212,0.02671735713527645,-0.043280182267727285,-0.13559046075652198,0.004059103436640021,0.030795113553875972,0.07510364035231404,-0.5275615592942202,-0.041719471099749494,-0.06154442119372183,-0.028947873553164416,7.493861224
14.448160535117037,0.7253960207287946,0.9601785905003466,0.3571849238972273,3.290445660710904,1.1272290922934665,4.124336593204214,2.253787683095191,0.9609922379966178,2.9017424353455237,0.8980461778526876,0.02421006737495625,0.03856067617394309,1.0116237953283629,1,1,0.828420614,0.69125685,1,0.708821521,0.63838456,6,1,0.118288544,0.219112,1,0.249635736,0.64338269,1,0.148271098,0.88154458,4,4,1,0.9772751915,0.344055979,1,1,0.754618665,0.68985893,1,0.92086958,0.9789804,3,1,0.4925311695,0.032997413,1,0.80320391,0.004101,1,0.05353786,0.1268534,1,0.1727146,0.36727,1,0.4561613,0.247974,1,0.20598231,0.709211,1,0.57478598,0.2114866,1,0.70746493,0.7310762,1,0.783348675,0.7846366,1,0.973314149,0.58769631,1,0.98747636,0.9768005,2,1,0.767613157,0.85874833,-0.09032383311469527,-0.06969658138432466,0.4627418431293939,-0.6049544698445815,-0.02662033421658505,0.02004794361030271,-0.6555014264134167,-0.11960500825946063,0.0040623806266142926,0.026721568947657186,-0.04313485508610854,-0.13513649795612742,0.00405934763469586,0.030799319870034703,0.07525129789608098,-0.5269190875553496,-0.041602428613728426,-0.06168305721972528,-0.028646840502787096,7.493861224
14.548494983277571,0.7251813287097959,0.9604781005108758,0.3570515801194994,3.2954135399070257,1.1265264868599467,4.122373444689746,2.253913308118334,0.9609809141822961,2.90100282662173,0.8965028363246229,0.024209781672380613,0.03856251356949288,1.0117761719866363,1,1,0.828420614,0.69125685,1,0.708821521,0.63838456,6,1,0.118288544,0.219112,1,0.249635736,0.64338269,1,0.148271098,0.88154458,4,4,1,0.9772751915,0.344055979,1,1,0.754618665,0.68985893,1,0.92086958,0.9789804,3,1,0.4925311695,0.032997413,1,0.80320391,0.004101,1,0.05353786,0.1268534,1,0.1727146,0.36727,1,0.4561613,0.247974,1,0.20598231,0.709211,1,0.57478598,0.2114866,1,0.70746493,0.7310762,1,0.783348675,0.7846366,1,0.973314149,0.58769631,1,0.98747636,0.9768005,2,1,0.767613157,0.85874833,-0.09050168840889505,-0.07033654392809163,0.4628957924111433,-0.6045167817419161,-0.026630408182883203,0.019526689346645254,-0.6547052534275659,-0.11945608747589187,0.004062332130921081,0.02672571453377823,-0.042992085683638215,-0.1346910251295233,0.0040595912802956005,0.030803446293619544,0.07539688404198347,-0.5262895019218676,-0.04148736814689813,-0.061819340403230505,-0.02835108144780618,7.493861224
14.648829431438106,0.7249703591372112,0.9607723717584978,0.35692039801615844,3.300302900572686,1.1258383718996128,4.120446342722116,2.2540344084665915,0.9609701688082062,2.900276078003843,0.8949889409709524,0.024209524451957697,0.03856432433382631,1.0119257986429586,1,1,0.828420614,0.69125685,1,0.708821521,0.63838456,6,1,0.118288544,0.219112,1,0.249635736,0.64338269,1,0.148271098,0.88154458,4,4,1,0.9772751915,0.344055979,1,1,0.754618665,0.68985893,1,0.92086958,0.9789804,3,1,0.4925311695,0.032997413,1,0.80320391,0.004101,1,0.05353786,0.1268534,1,0.1727146,0.36727,1,0.4561613,0.247974,1,0.20598231,0.709211,1,0.57478598,0.2114866,1,0.70746493,0.7310762,1,0.783348675,0.7846366,1,0.973314149,0.58769631,1,0.98747636,0.9768005,2,1,0.767613157,0.85874833,-0.090676459951751,-0.07096603785987299,0.46304656665633204,-0.6040877183554014,-0.026639967553371613,0.019013885285989796,-0.6539242429979963,-0.11930909638546217,0.004062306633240614,0.026729793386062035,-0.04285183100464324,-0.13425386428310881,0.004059834038792317,0.03080749398643111,0.0755404159285219,-0.5256725190545444,-0.04137425370586889,-0.06195331384042396,-0.028060495547351683,7.493861224
14.74916387959864,0.7247630428775018,0.9610615040644258,0.3567913418073694,3.305114977950009,1.1251644007221373,4.118554632921708,2.254151173705727,0.9609599516250323,2.8995619945314197,0.8935038540543271,0.024209292891052017,0.03856610683427446,1.0120727296859913,1,1,0.828420614,0.69125685,1,0.708821521,0.63838456,6,1,0.118288544,0.219112,1,0.249635736,0.64338269,1,0.148271098,0.88154458,4,4,1,0.9772751915,0.344055979,1,1,0.754618665,0.68985893,1,0.92086958,0.9789804,3,1,0.4925311695,0.032997413,1,0.80320391,0.004101,1,0.05353786,0.1268534,1,0.1727146,0.36727,1,0.4561613,0.247974,1,0.20598231,0.709211,1,0.57478598,0.2114866,1,0.70746493,0.7310762,1,0.783348675,0.7846366,1,0.973314149,0.58769631,1,0.98747636,0.9768005,2,1,0.767613157,0.85874833,-0.09084820501491164,-0.07158523825054008,0.463194241828971,-0.6036670868682614,-0.02664905703117748,0.01850939156135545,-0.6531580908158752,-0.1191640426426055,0.0040623016209624455,0.026733804943953964,-0.04271404884661334,-0.13382484107356907,0.004060075601749376,0.03081146408146343,0.07568191084091147,-0.5250678623113112,-0.04126304977116024,-0.06208501970666419,-0.02777498423033553,7.493861224
14.849498327759175,0.7245593120970146,0.9613455949135463,0.3566643762222384,3.30985098880406,1.1245042352204508,4.11669767417041,2.2542637867039605,0.9609502107674445,2.898860383696882,0.8920469510465965,0.02420908410462964,0.03856785933339772,1.0122170176329872,1,1,0.828420614,0.69125685,1,0.708821521,0.63838456,6,1,0.118288544,0.219112,1,0.249635736,0.64338269,1,0.148271098,0.88154458,4,4,1,0.9772751915,0.344055979,1,1,0.754618665,0.68985893,1,0.92086958,0.9789804,3,1,0.4925311695,0.032997413,1,0.80320391,0.004101,1,0.05353786,0.1268534,1,0.1727146,0.36727,1,0.4561613,0.247974,1,0.20598231,0.709211,1,0.57478598,0.2114866,1,0.70746493,0.7310762,1,0.783348675,0.7846366,1,0.973314149,0.58769631,1,0.98747636,0.9768005,2,1,0.767613157,0.85874833,-0.09101697979317358,-0.07219431721237601,0.46333889201237655,-0.6032546980812181,-0.026657722757077562,0.018013070295264333,-0.6524064998699592,-0.11902094174064981,0.004062314542600871,0.026737748551607453,-0.0425786979193396,-0.1334037845264774,0.004060315688570007,0.030815357681363398,0.07582138613791989,-0.5244752615816057,-0.04115372118507388,-0.06221449925880895,-0.02749445123273664,7.493861224
14.94983277591971,0.7243591004446113,0.9616247414035851,0.35653946699418076,3.3145121304830973,1.123857548599225,4.114874831445609,2.2543724234076876,0.9609409142840619,2.898171055828807,0.8906176320053145,0.02420889620548705,0.03856958118052936,1.012358717799698,1,1,0.828420614,0.69125685,1,0.708821521,0.63838456,6,1,0.118288544,0.219112,1,0.249635736,0.64338269,1,0.148271098,0.88154458,4,4,1,0.9772751915,0.344055979,1,1,0.754618665,0.68985893,1,0.92086958,0.9789804,3,1,0.4925311695,0.032997413,1,0.80320391,0.004101,1,0.05353786,0.1268534,1,0.1727146,0.36727,1,0.4561613,0.247974,1,0.20598231,0.709211,1,0.57478598,0.2114866,1,0.70746493,0.7310762,1,0.783348675,0.7846366,1,0.973314149,0.58769631,1,0.98747636,0.9768005,2,1,0.767613157,0.85874833,-0.09118283925318749,-0.07279344340080762,0.4634805888113266,-0.6028503720400968,-0.026665993155869594,0.017524787536183695,-0.6516691752138235,-0.11887978225463192,0.004062343663949156,0.02674162440853712,-0.04244573639343552,-0.13299053074329611,0.004060553998650306,0.030819175825069087,0.075958860419654,-0.5238944537252619,-0.04104623528899842,-0.062341793292675474,-0.027218800672846433,7.493861224
15.050167224080244,0.7241623436393223,0.9618990458404161,0.35641658232767265,3.319099577804404,1.1232240337953643,4.113085455368406,2.2544772517591207,0.9609321129827623,2.897493825162306,0.8892153555551023,0.024208731400079023,0.038571276287571746,1.012497901871297,1,1,0.828420614,0.69125685,1,0.708821521,0.63838456,6,1,0.118288544,0.219112,1,0.249635736,0.64338269,1,0.148271098,0.88154458,4,4,1,0.9772751915,0.344055979,1,1,0.754618665,0.68985893,1,0.92086958,0.9789804,3,1,0.4925311695,0.032997413,1,0.80320391,0.004101,1,0.05353786,0.1268534,1,0.1727146,0.36727,1,0.4561613,0.247974,1,0.20598231,0.709211,1,0.57478598,0.2114866,1,0.70746493,0.7310762,1,0.783348675,0.7846366,1,0.973314149,0.58769631,1,0.98747636,0.9768005,2,1,0.767613157,0.85874833,-0.09134583664663365,-0.07338278050302116,0.4636193995070301,-0.6024539546157961,-0.026673823027514754,0.01704441899220721,-0.6509458090492886,-0.11874042418566866,0.004062390568722013,0.026745436342453906,-0.042315117676768654,-0.1325849339273696,0.00406079007250265,0.030822919401482324,0.07609435697256806,-0.523325184120764,-0.040940568188573834,-0.06246694343437165,-0.026947931526032698,7.493861224
15.150501672240779,0.7239689772498841,0.9621685960540208,0.35629568763023106,3.32361449501577,1.1226033724348348,4.111328953864399,2.2545784365631203,0.9609237168295792,2.8968285061457117,0.8878395161456394,0.02420858497118799,0.038572940767675624,1.0126346097610066,1,1,0.828420614,0.69125685,1,0.708821521,0.63838456,6,1,0.118288544,0.219112,1,0.249635736,0.64338269,1,0.148271098,0.88154458,4,4,1,0.9772751915,0.344055979,1,1,0.754618665,0.68985893,1,0.92086958,0.9789804,3,1,0.4925311695,0.032997413,1,0.80320391,0.004101,1,0.05353786,0.1268534,1,0.1727146,0.36727,1,0.4561613,0.247974,1,0.20598231,0.709211,1,0.57478598,0.2114866,1,0.70746493,0.7310762,1,0.783348675,0.7846366,1,0.973314149,0.58769631,1,0.98747636,0.9768005,2,1,0.767613157,0.85874833,-0.0915060253496991,-0.07396249280986544,0.46375539385905845,-0.602065258146103,-0.026681292468623385,0.016571829437832974,-0.6502361329492929,-0.11860295916044539,0.004062451257677353,0.026749181948660352,-0.042186805410268036,-0.13218682666607545,0.004061023782775838,0.030826589459985523,0.07622789142608455,-0.5227672005220463,-0.04083668239967553,-0.06258998763967794,-0.026681757062265055,7.493861224
15.250836120401313,0.7237789385956508,0.9624334828160567,0.3561767501287804,3.3280580256309755,1.1219952617089153,4.10960472863411,2.254676135622612,0.9609156917548735,2.8961749167387665,0.8864895513270078,0.024208454973977275,0.03857457381749614,1.012768892041683,1,1,0.828420614,0.69125685,1,0.708821521,0.63838456,6,1,0.118288544,0.219112,1,0.249635736,0.64338269,1,0.148271098,0.88154458,4,4,1,0.9772751915,0.344055979,1,1,0.754618665,0.68985893,1,0.92086958,0.9789804,3,1,0.4925311695,0.032997413,1,0.80320391,0.004101,1,0.05353786,0.1268534,1,0.1727146,0.36727,1,0.4561613,0.247974,1,0.20598231,0.709211,1,0.57478598,0.2114866,1,0.70746493,0.7310762,1,0.783348675,0.7846366,1,0.973314149,0.58769631,1,0.98747636,0.9768005,2,1,0.767613157,0.85874833,-0.0916634572883227,-0.0745327403608087,0.4638886382164361,-0.601684113516433,-0.02668843178845226,0.016106890759806092,-0.649539871542574,-0.11846739378346038,0.004062523981347099,0.026752861271068008,-0.04206076025613298,-0.13179605468791955,0.004061254901293436,0.03083018692731411,0.07635948258127517,-0.5222202582037718,-0.04073454649775998,-0.06271096419667394,-0.02642018764667775,7.493861224
15.351170568561848,0.7235921661621056,0.9626937948832449,0.356059737525225,3.332431295608385,1.1213994063220547,4.107912193150158,2.2547705011394976,0.960908002932271,2.8955328774945737,0.8851649103127291,0.024208339440807337,0.038576174582375236,1.0129007977572433,1,1,0.828420614,0.69125685,1,0.708821521,0.63838456,6,1,0.118288544,0.219112,1,0.249635736,0.64338269,1,0.148271098,0.88154458,4,4,1,0.9772751915,0.344055979,1,1,0.754618665,0.68985893,1,0.92086958,0.9789804,3,1,0.4925311695,0.032997413,1,0.80320391,0.004101,1,0.05353786,0.1268534,1,0.1727146,0.36727,1,0.4561613,0.247974,1,0.20598231,0.709211,1,0.57478598,0.2114866,1,0.70746493,0.7310762,1,0.783348675,0.7846366,1,0.973314149,0.58769631,1,0.98747636,0.9768005,2,1,0.767613157,0.85874833,-0.09181818342239845,-0.07509368038339104,0.46401919728196195,-0.60131035503565,-0.026695271969469858,0.015649476701615983,-0.6488567556219578,-0.1183337409432843,0.004062606981540082,0.026756474301668904,-0.0419369436966765,-0.13141246670740486,0.004061483223143569,0.030833712686132927,0.07648914926559647,-0.5216841182990786,-0.04063412943701927,-0.06282991059903137,-0.02616313563410655,7.493861224
15.451505016722383,0.7234085995667333,0.9629496189952517,0.35594461797196775,3.336735413574878,1.1208155181742028,4.106250772601312,2.2548616799495838,0.9609006141981632,2.8949022115751872,0.8838650532589761,0.024208236352086458,0.03857774212543672,1.01303037432907,1,1,0.828420614,0.69125685,1,0.708821521,0.63838456,6,1,0.118288544,0.219112,1,0.249635736,0.64338269,1,0.148271098,0.88154458,4,4,1,0.9772751915,0.344055979,1,1,0.754618665,0.68985893,1,0.92086958,0.9789804,3,1,0.4925311695,0.032997413,1,0.80320391,0.004101,1,0.05353786,0.1268534,1,0.1727146,0.36727,1,0.4561613,0.247974,1,0.20598231,0.709211,1,0.57478598,0.2114866,1,0.70746493,0.7310762,1,0.783348675,0.7846366,1,0.973314149,0.58769631,1,0.98747636,0.9768005,2,1,0.767613157,0.85874833,-0.09197025377404666,-0.07564546733542077,0.4641471341818141,-0.6009438201905395,-0.026701845183783823,0.01519946276779649,-0.6481865220939991,-0.11820202088782716,0.004062698467426219,0.02676002095602285,-0.04181531806636779,-0.131035914215174,0.0040617085674491075,0.03083716757285007,0.07661691028198675,-0.5211585476447691,-0.04053540047860349,-0.06294686355505114,-0.02591051537118194,7.493861224
15.551839464882917,0.7232281802775995,0.9632010426108505,0.3558313610980329,3.340971479694859,1.120243322452526,4.104619892384478,2.254949810871977,0.9608935233300062,2.894282736343258,0.882589481890089,0.024208145379898856,0.03857927719131025,1.013157674929458,1,1,0.828420614,0.69125685,1,0.708821521,0.63838456,6,1,0.118288544,0.219112,1,0.249635736,0.64338269,1,0.148271098,0.88154458,4,4,1,0.9772751915,0.344055979,1,1,0.754618665,0.68985893,1,0.92086958,0.9789804,3,1,0.4925311695,0.032997413,1,0.80320391,0.004101,1,0.05353786,0.1268534,1,0.1727146,0.36727,1,0.4561613,0.247974,1,0.20598231,0.709211,1,0.57478598,0.2114866,1,0.70746493,0.7310762,1,0.783348675,0.7846366,1,0.973314149,0.58769631,1,0.98747636,0.9768005,2,1,0.767613157,0.85874833,-0.09211971683232834,-0.0761882552091715,0.4642725091307821,-0.6005843594760079,-0.0267081534086282,0.01475673023514279,-0.6475289123851748,-0.11807215063355647,0.004062798027817463,0.026763502490018937,-0.041695843116652864,-0.13066626167371398,0.004061930622823293,0.03084055295540722,0.07674278654214206,-0.5206433145093743,-0.0404383328327268,-0.06306185956389515,-0.02566224049443233,7.493861224
15.652173913043452,0.7230508514758814,0.9634481535298526,0.35571993784034267,3.345140584707261,1.1196825564337656,4.103018979621062,2.2550350253401823,0.9608867565426007,2.8936742645341824,0.8813377344741093,0.02420806761546263,0.03858078192883352,1.013282757362835,1,1,0.828420614,0.69125685,1,0.708821521,0.63838456,6,1,0.118288544,0.219112,1,0.249635736,0.64338269,1,0.148271098,0.88154458,4,4,1,0.9772751915,0.344055979,1,1,0.754618665,0.68985893,1,0.92086958,0.9789804,3,1,0.4925311695,0.032997413,1,0.80320391,0.004101,1,0.05353786,0.1268534,1,0.1727146,0.36727,1,0.4561613,0.247974,1,0.20598231,0.709211,1,0.57478598,0.2114866,1,0.70746493,0.7310762,1,0.783348675,0.7846366,1,0.973314149,0.58769631,1,0.98747636,0.9768005,2,1,0.767613157,0.85874833,-0.09226661966712757,-0.07672219727026786,0.4643953796946847,-0.6002318347686235,-0.026714173322619494,0.014321165493155874,-0.6468836726034359,-0.11794395993412277,0.004062906410070004,0.02676692127747469,-0.04157847652402796,-0.1303033848788709,0.004062148969292228,0.030843870654919198,0.07686680071573782,-0.5201381890036043,-0.040342903076993175,-0.06317493484548042,-0.025418224303619952,7.493861224
15.752508361203986,0.7228765556818927,0.9636910313788217,0.35561031715334906,3.3492437832755257,1.1191329492424773,4.101447498700685,2.2551174566069445,0.9608802564376421,2.8930766304581854,0.8801092876594913,0.024208000029159682,0.038582254281399636,1.013405660760274,1,1,0.828420614,0.69125685,1,0.708821521,0.63838456,6,1,0.118288544,0.219112,1,0.249635736,0.64338269,1,0.148271098,0.88154458,4,4,1,0.9772751915,0.344055979,1,1,0.754618665,0.68985893,1,0.92086958,0.9789804,3,1,0.4925311695,0.032997413,1,0.80320391,0.004101,1,0.05353786,0.1268534,1,0.1727146,0.36727,1,0.4561613,0.247974,1,0.20598231,0.709211,1,0.57478598,0.2114866,1,0.70746493,0.7310762,1,0.783348675,0.7846366,1,0.973314149,0.58769631,1,0.98747636,0.9768005,2,1,0.767613157,0.85874833,-0.09241100989580131,-0.07724743905414555,0.4645158052255823,-0.5998860877444123,-0.02671995598881549,0.013892647181659612,-0.6462505582857765,-0.1178175399905097,0.004063021031635368,0.026770276305300992,-0.04146318470021809,-0.12994713840346656,0.004062363561989404,0.03084712113860802,0.07698897038983654,-0.5196429557239641,-0.04024907953971135,-0.06328612358553137,-0.025178388169395216,7.493861224
15.852842809364521,0.7227052372977627,0.9639297569831581,0.3555024695811793,3.3532821238070274,1.1185942434751854,4.099904912020355,2.2551972301008734,0.9608740041818484,2.892489661177479,0.8789036630649176,0.024207941510293724,0.038583694099765455,1.0135264310484835,1,1,0.828420614,0.69125685,1,0.708821521,0.63838456,6,1,0.118288544,0.219112,1,0.249635736,0.64338269,1,0.148271098,0.88154458,4,4,1,0.9772751915,0.344055979,1,1,0.754618665,0.68985893,1,0.92086958,0.9789804,3,1,0.4925311695,0.032997413,1,0.80320391,0.004101,1,0.05353786,0.1268534,1,0.1727146,0.36727,1,0.4561613,0.247974,1,0.20598231,0.709211,1,0.57478598,0.2114866,1,0.70746493,0.7310762,1,0.783348675,0.7846366,1,0.973314149,0.58769631,1,0.98747636,0.9768005,2,1,0.767613157,0.85874833,-0.09255293357677175,-0.07776412614904038,0.46463384212366515,-0.5995469741243797,-0.026725518161804573,0.013471060154679693,-0.6456293290640547,-0.11769286238317678,0.004063140872805515,0.026773568083032606,-0.04134993095457101,-0.12959739100973305,0.004062574200266317,0.030850305502293035,0.077109315495275,-0.5191573995034104,-0.04015683494218769,-0.06339545988645545,-0.024942652278586386,7.493861224
15.953177257525056,0.7225368417877766,0.9641644095072741,0.3553963661367307,3.3572566396548744,1.1180661881937974,4.098390691880049,2.2552744666727516,0.9608679815037598,2.8919131853131823,0.8777203938451066,0.024207890987847754,0.03858510123824905,1.0136451130635156,1,1,0.828420614,0.69125685,1,0.708821521,0.63838456,6,1,0.118288544,0.219112,1,0.249635736,0.64338269,1,0.148271098,0.88154458,4,4,1,0.9772751915,0.344055979,1,1,0.754618665,0.68985893,1,0.92086958,0.9789804,3,1,0.4925311695,0.032997413,1,0.80320391,0.004101,1,0.05353786,0.1268534,1,0.1727146,0.36727,1,0.4561613,0.247974,1,0.20598231,0.709211,1,0.57478598,0.2114866,1,0.70746493,0.7310762,1,0.783348675,0.7846366,1,0.973314149,0.58769631,1,0.98747636,0.9768005,2,1,0.767613157,0.85874833,-0.09269243588854936,-0.07827240187188955,0.4647495453724806,-0.599214352904399,-0.026730876096363043,0.013056291098710426,-0.6450197502253987,-0.11756989677425889,0.004063264953963565,0.026776797114173106,-0.04123867914453522,-0.12925401458007582,0.0040627806905218205,0.030853424863735185,0.07722785597632631,-0.5186813095532317,-0.040066142451091746,-0.06350297718304093,-0.024710938458207488,7.493861224
16.05351170568559,0.7223713156514283,0.9643950664786005,0.3552919782872126,3.361168349424316,1.1175485386690815,4.096904320317501,2.255349282802937,0.960862170455348,2.8913470329805415,0.876559024269083,0.024207847418247885,0.03858647554094635,1.0137617505284091,1,1,0.828420614,0.69125685,1,0.708821521,0.63838456,6,1,0.118288544,0.219112,1,0.249635736,0.64338269,1,0.148271098,0.88154458,4,4,1,0.9772751915,0.344055979,1,1,0.754618665,0.68985893,1,0.92086958,0.9789804,3,1,0.4925311695,0.032997413,1,0.80320391,0.004101,1,0.05353786,0.1268534,1,0.1727146,0.36727,1,0.4561613,0.247974,1,0.20598231,0.709211,1,0.57478598,0.2114866,1,0.70746493,0.7310762,1,0.783348675,0.7846366,1,0.973314149,0.58769631,1,0.98747636,0.9768005,2,1,0.767613157,0.85874833,-0.09282956115205598,-0.07877240732452595,0.4648629685951402,-0.5988880861955208,-0.026736045759534366,0.012648228476197954,-0.6444215926471215,-0.11744861111243532,0.004063392325370042,0.026779963885423884,-0.041129393674624426,-0.12891688400649118,0.00406298284549925,0.030856480366034472,0.077344611760636,-0.5182144792689589,-0.039976975642110446,-0.06360870825571979,-0.024483170151753497,7.493861224
16.153846153846125,0.7222086068651874,0.9646218048901432,0.35518927846760745,3.365018228592965,1.1170410614076092,4.095445287951459,2.255421786606905,0.9608565719447498,2.8907910594948696,0.8754191000321976,0.02420781068079829,0.038587818090981565,1.0138763901027301,1,1,0.828420614,0.69125685,1,0.708821521,0.63838456,6,1,0.118288544,0.219112,1,0.249635736,0.64338269,1,0.148271098,0.88154458,4,4,1,0.9772751915,0.344055979,1,1,0.754618665,0.68985893,1,0.92086958,0.9789804,3,1,0.4925311695,0.032997413,1,0.80320391,0.004101,1,0.05353786,0.1268534,1,0.1727146,0.36727,1,0.4561613,0.247974,1,0.20598231,0.709211,1,0.57478598,0.2114866,1,0.70746493,0.7310762,1,0.783348675,0.7846366,1,0.973314149,0.58769631,1,0.98747636,0.9768005,2,1,0.767613157,0.85874833,-0.09296435246465684,-0.07926427531366886,0.4649741629528559,-0.5985680439573409,-0.026741026343415797,0.012246764532711563,-0.6438346141097813,-0.11732904698231561,0.0040635227787193876,0.026783069829501877,-0.04102204120277436,-0.12858587276423455,0.00406318057730878,0.030859472424812684,0.0774596042377299,-0.5177567263871541,-0.039889310813677636,-0.0637126854533292,-0.024259271330451138,7.493861224
16.25418060200666,0.7220486642702003,0.9648446998775366,0.3550882394069193,3.368807245642038,1.1165435272969644,4.094013095054768,2.255492083290153,0.9608511820554946,2.8902451156206177,0.8743001794065869,0.02420778043189681,0.038589129619379804,1.0139890762750163,1,1,0.828420614,0.69125685,1,0.708821521,0.63838456,6,1,0.118288544,0.219112,1,0.249635736,0.64338269,1,0.148271098,0.88154458,4,4,1,0.9772751915,0.344055979,1,1,0.754618665,0.68985893,1,0.92086958,0.9789804,3,1,0.4925311695,0.032997413,1,0.80320391,0.004101,1,0.05353786,0.1268534,1,0.1727146,0.36727,1,0.4561613,0.247974,1,0.20598231,0.709211,1,0.57478598,0.2114866,1,0.70746493,0.7310762,1,0.783348675,0.7846366,1,0.973314149,0.58769631,1,0.98747636,0.9768005,2,1,0.767613157,0.85874833,-0.09309685220740083,-0.07974813807804759,0.4650831786469075,-0.5982540977287931,-0.0267458213322036,0.011851792663179594,-0.6432585824880692,-0.11721122608589685,0.004063655935540707,0.0267861160985364,-0.04091658850702157,-0.12826085819097288,0.004063373779623824,0.03086240167842612,0.07757285434496458,-0.5173078673760594,-0.0398031240157285,-0.06381494044406033,-0.02403916779963755,7.493861224
16.354515050167194,0.7218914372805747,0.9650638241337884,0.35498883381550034,3.37253637856727,1.1160557083646523,4.0926072519492855,2.2555602777291783,0.9608459812045095,2.8897090340787703,0.8732018380538491,0.02420775558006518,0.038590409777809684,1.01409984904025,1,1,0.828420614,0.69125685,1,0.708821521,0.63838456,6,1,0.118288544,0.219112,1,0.249635736,0.64338269,1,0.148271098,0.88154458,4,4,1,0.9772751915,0.344055979,1,1,0.754618665,0.68985893,1,0.92086958,0.9789804,3,1,0.4925311695,0.032997413,1,0.80320391,0.004101,1,0.05353786,0.1268534,1,0.1727146,0.36727,1,0.4561613,0.247974,1,0.20598231,0.709211,1,0.57478598,0.2114866,1,0.70746493,0.7310762,1,0.783348675,0.7846366,1,0.973314149,0.58769631,1,0.98747636,0.9768005,2,1,0.767613157,0.85874833,-0.09322710228668385,-0.08022413079869928,0.4651900656288043,-0.5979461176953198,-0.026750448147520145,0.011463206189618935,-0.6426932862050134,-0.11709510811193269,0.004063790829263524,0.02678910300329657,-0.040813001519979686,-0.1279417238141196,0.004063562274083535,0.030865269416770702,0.07768438168528768,-0.5168677057455242,-0.039718389685818756,-0.06391550410990449,-0.02382278777668634,7.493861224
16.45484949832773,0.7217368765148189,0.965279249448294,0.3548910351121453,3.376206574890677,1.1155773849431037,4.091227277447876,2.255626468776661,0.9608409602709823,2.889182662872109,0.8721236555872801,0.024207735548692152,0.03859165889894684,1.0142087495971777,1,1,0.828420614,0.69125685,1,0.708821521,0.63838456,6,1,0.118288544,0.219112,1,0.249635736,0.64338269,1,0.148271098,0.88154458,4,4,1,0.9772751915,0.344055979,1,1,0.754618665,0.68985893,1,0.92086958,0.9789804,3,1,0.4925311695,0.032997413,1,0.80320391,0.004101,1,0.05353786,0.1268534,1,0.1727146,0.36727,1,0.4561613,0.247974,1,0.20598231,0.709211,1,0.57478598,0.2114866,1,0.70746493,0.7310762,1,0.783348675,0.7846366,1,0.973314149,0.58769631,1,0.98747636,0.9768005,2,1,0.767613157,0.85874833,-0.0933551436111516,-0.08069238303309434,0.46529487203034664,-0.5976439793990436,-0.026754914903482474,0.01108090120342009,-0.6421385080093089,-0.1169806965767961,0.004063926908854015,0.02679203136999008,-0.040711247726128275,-0.1276283531780462,0.004063745941247152,0.030868076522447233,0.07779420661622,-0.5164360604391951,-0.03963508391386528,-0.06401440685379,-0.02361006037126656,7.493861224
16.555183946488263,0.7215849335329859,0.9654910461879894,0.3547948171439224,3.3798187664052084,1.115108342753898,4.0898726991882715,2.2556907515837232,0.9608361109101407,2.888665853256215,0.8710652198140086,0.024207719806950773,0.03859287734698394,1.0143158182764986,1,1,0.828420614,0.69125685,1,0.708821521,0.63838456,6,1,0.118288544,0.219112,1,0.249635736,0.64338269,1,0.148271098,0.88154458,4,4,1,0.9772751915,0.344055979,1,1,0.754618665,0.68985893,1,0.92086958,0.9789804,3,1,0.4925311695,0.032997413,1,0.80320391,0.004101,1,0.05353786,0.1268534,1,0.1727146,0.36727,1,0.4561613,0.247974,1,0.20598231,0.709211,1,0.57478598,0.2114866,1,0.70746493,0.7310762,1,0.783348675,0.7846366,1,0.973314149,0.58769631,1,0.98747636,0.9768005,2,1,0.767613157,0.85874833,-0.0934810163094546,-0.08115302185599349,0.4653976448025079,-0.5973475611102148,-0.026759229023822106,0.01070477547013704,-0.6415940342829418,-0.11686800138822928,0.00406406366532161,0.026794902039471415,-0.04061129530141622,-0.12732063190568854,0.004063924672716261,0.030870823855219776,0.07790234946050256,-0.5160127553974851,-0.039553183222964416,-0.06411167850651056,-0.023400916097692237,7.493861224
16.655518394648798,0.7214355608126156,0.9656992833280037,0.35470015417496925,3.383373869304367,1.1146483726838017,4.088543053461755,2.255753217781439,0.9608314254305419,2.888158459821181,0.8700261262561617,0.02420770786315588,0.03859406551163095,1.0144210945436025,1,1,0.828420614,0.69125685,1,0.708821521,0.63838456,6,1,0.118288544,0.219112,1,0.249635736,0.64338269,1,0.148271098,0.88154458,4,4,1,0.9772751915,0.344055979,1,1,0.754618665,0.68985893,1,0.92086958,0.9789804,3,1,0.4925311695,0.032997413,1,0.80320391,0.004101,1,0.05353786,0.1268534,1,0.1727146,0.36727,1,0.4561613,0.247974,1,0.20598231,0.709211,1,0.57478598,0.2114866,1,0.70746493,0.7310762,1,0.783348675,0.7846366,1,0.973314149,0.58769631,1,0.98747636,0.9768005,2,1,0.767613157,0.85874833,-0.09360475975017868,-0.08160617187204333,0.46549842976450684,-0.5970567436903986,-0.02676339735105071,0.010334728385690273,-0.6410596548613432,-0.11675703970360463,0.004064200625953238,0.02679771586246786,-0.040513113122747246,-0.12701844756136677,0.004064098371016454,0.030873512250859367,0.07800883048532825,-0.5155976194889009,-0.03947266454752951,-0.06420734834034947,-0.023195286844654106,7.493861224
16.755852842809333,0.7212887121033401,0.9659040275138211,0.3546070211178135,3.386872817769151,1.1141972772131077,4.087237889500108,2.2558139508505257,0.9608268961906775,2.8876603028664123,0.8690060238307094,0.024207699274388286,0.038595223704556585,1.0145246165597988,1,1,0.828420614,0.69125685,1,0.708821521,0.63838456,6,1,0.118288544,0.219112,1,0.249635736,0.64338269,1,0.148271098,0.88154458,4,4,1,0.9772751915,0.344055979,1,1,0.754618665,0.68985893,1,0.92086958,0.9789804,3,1,0.4925311695,0.032997413,1,0.80320391,0.004101,1,0.05353786,0.1268534,1,0.1727146,0.36727,1,0.4561613,0.247974,1,0.20598231,0.709211,1,0.57478598,0.2114866,1,0.70746493,0.7310762,1,0.783348675,0.7846366,1,0.973314149,0.58769631,1,0.98747636,0.9768005,2,1,0.767613157,0.85874833,-0.09372641224808176,-0.08205196401217418,0.4655972701952815,-0.59677141554712,-0.02676742668325749,0.009970661880622789,-0.640535194383455,-0.11664762916488813,0.004064337388444375,0.026800473668408084,-0.040416666136041,-0.1267217053173536,0.004064266924763126,0.030876142684271884,0.07811367034253386,-0.5151904622789352,-0.039393505623668945,-0.0643014446509278,-0.022993106801312058,7.493861224
16.856187290969867,0.7211443417086276,0.9661053448674592,0.35451539307754826,3.390316502760653,1.1137548579960692,4.085956761131001,2.255873035124304,0.9608225163574999,2.8871712376100938,0.8680045297483123,0.024207693610030664,0.038596352332242574,1.0146264219944698,1,1,0.828420614,0.69125685,1,0.708821521,0.63838456,6,1,0.118288544,0.219112,1,0.249635736,0.64338269,1,0.148271098,0.88154458,4,4,1,0.9772751915,0.344055979,1,1,0.754618665,0.68985893,1,0.92086958,0.9789804,3,1,0.4925311695,0.032997413,1,0.80320391,0.004101,1,0.05353786,0.1268534,1,0.1727146,0.36727,1,0.4561613,0.247974,1,0.20598231,0.709211,1,0.57478598,0.2114866,1,0.70746493,0.7310762,1,0.783348675,0.7846366,1,0.973314149,0.58769631,1,0.98747636,0.9768005,2,1,0.767613157,0.85874833,-0.09384601165911288,-0.08249051943469399,0.46569420955476526,-0.5964914631640761,-0.02677132309930319,0.009612478638235,-0.6400204543083712,-0.11653976913063291,0.004064473541990556,0.02680317630899618,-0.04032192387480321,-0.12643029884381476,0.004064430253858562,0.030878715966895814,0.07821688920276088,-0.514791118258181,-0.03931568421156384,-0.06439399556229586,-0.022794310673736606,7.493861224
16.9565217391304,0.7210024047551168,0.9663033002677243,0.3544252455285388,3.3937057980727823,1.113320920791216,4.084699230060989,2.2559305522419617,0.9608182794112717,2.886691125055171,0.8670212647987421,0.024207690457728675,0.038597451814394244,1.014726547685724,1,1,0.828420614,0.69125685,1,0.708821521,0.63838456,6,1,0.118288544,0.219112,1,0.249635736,0.64338269,1,0.148271098,0.88154458,4,4,1,0.9772751915,0.344055979,1,1,0.754618665,0.68985893,1,0.92086958,0.9789804,3,1,0.4925311695,0.032997413,1,0.80320391,0.004101,1,0.05353786,0.1268534,1,0.1727146,0.36727,1,0.4561613,0.247974,1,0.20598231,0.709211,1,0.57478598,0.2114866,1,0.70746493,0.7310762,1,0.783348675,0.7846366,1,0.973314149,0.58769631,1,0.98747636,0.9768005,2,1,0.767613157,0.85874833,-0.09396359515728969,-0.0829219563454584,0.46578929040359507,-0.5962167749025982,-0.026775092399319744,0.009260082785349066,-0.6395152371652162,-0.11643348103814555,0.004064608692434156,0.026805824633020087,-0.040228856873383956,-0.12614412241654746,0.004064588290226542,0.030881232873041176,0.0783185070918434,-0.5143994280523383,-0.039239178393015384,-0.06448502870537848,-0.022598834395640477,7.493861224
17.056856187290936,0.7208628572973564,0.9664979570514461,0.35433655438570977,3.3970415718418994,1.1128952775000738,4.083464867220602,2.255986579693388,0.9608141788593577,2.8862198192456106,0.8660558685722439,0.024207689422281308,0.03859852254475758,1.014825029492959,1,1,0.828420614,0.69125685,1,0.708821521,0.63838456,6,1,0.118288544,0.219112,1,0.249635736,0.64338269,1,0.148271098,0.88154458,4,4,1,0.9772751915,0.344055979,1,1,0.754618665,0.68985893,1,0.92086958,0.9789804,3,1,0.4925311695,0.032997413,1,0.80320391,0.004101,1,0.05353786,0.1268534,1,0.1727146,0.36727,1,0.4561613,0.247974,1,0.20598231,0.709211,1,0.57478598,0.2114866,1,0.70746493,0.7310762,1,0.783348675,0.7846366,1,0.973314149,0.58769631,1,0.98747636,0.9768005,2,1,0.767613157,0.85874833,-0.09407919914792962,-0.08334639299374291,0.46588255395640377,-0.595947242594203,-0.026778740359327924,0.008913380170978646,-0.6390193570977329,-0.11632873865681681,0.004064742470068876,0.02680841947258642,-0.04013743509775164,-0.12586307615521375,0.0040647409692909885,0.030883694194544592,0.07841854402682974,-0.5140152301350456,-0.039163966689797824,-0.06457457108435782,-0.0224066154234015,7.493861224
17.15719063545147,0.7207256562111853,0.9666893772552957,0.35424929594046106,3.4003246793815576,1.1124777444927685,4.082253251620984,2.256041192049826,0.960810208218321,2.88575717556955,0.8651079889164731,0.024207690115451683,0.03859956490639091,1.014921902395866,1,1,0.828420614,0.69125685,1,0.708821521,0.63838456,6,1,0.118288544,0.219112,1,0.249635736,0.64338269,1,0.148271098,0.88154458,4,4,1,0.9772751915,0.344055979,1,1,0.754618665,0.68985893,1,0.92086958,0.9789804,3,1,0.4925311695,0.032997413,1,0.80320391,0.004101,1,0.05353786,0.1268534,1,0.1727146,0.36727,1,0.4561613,0.247974,1,0.20598231,0.709211,1,0.57478598,0.2114866,1,0.70746493,0.7310762,1,0.783348675,0.7846366,1,0.973314149,0.58769631,1,0.98747636,0.9768005,2,1,0.767613157,0.85874833,-0.09419285935597699,-0.0837639457641558,0.4659740404487005,-0.5956827602894395,-0.026782272747165603,0.008572278115816845,-0.6385326328098087,-0.11622551429553551,0.004064874515175086,0.02681096164409161,-0.040047628966973114,-0.12558706244038237,0.004064888235251911,0.030886100703737734,0.07851701989471016,-0.5136383660274724,-0.039090027951913076,-0.06466264918384113,-0.02221759249727373,7.493861224
17.257525083612006,0.7205907591713492,0.9668776216421586,0.3541634468505352,3.4035559634599597,1.1120681424134582,4.0810639702022655,2.2560944611241167,0.9608063608890891,2.8853030506743966,0.8641772816616216,0.024207692149396408,0.03860057926523408,1.0150172004952163,1,1,0.828420614,0.69125685,1,0.708821521,0.63838456,6,1,0.118288544,0.219112,1,0.249635736,0.64338269,1,0.148271098,0.88154458,4,4,1,0.9772751915,0.344055979,1,1,0.754618665,0.68985893,1,0.92086958,0.9789804,3,1,0.4925311695,0.032997413,1,0.80320391,0.004101,1,0.05353786,0.1268534,1,0.1727146,0.36727,1,0.4561613,0.247974,1,0.20598231,0.709211,1,0.57478598,0.2114866,1,0.70746493,0.7310762,1,0.783348675,0.7846366,1,0.973314149,0.58769631,1,0.98747636,0.9768005,2,1,0.767613157,0.85874833,-0.09430461084454478,-0.0841747292222228,0.4660637891795023,-0.5954232241384223,-0.026785695433543144,0.008236685372627228,-0.6380548875249463,-0.11612377886488234,0.004065004472430224,0.02681345194332295,-0.039959409342190555,-0.12531598584618028,0.004065030040863719,0.030888453152979,0.0786139544336858,-0.5132686801228841,-0.03901734133754853,-0.0647492889798682,-0.022031705615343844,7.493861224
17.35785953177254,0.7204581255174701,0.967062748671826,0.35407898494898493,3.406736226258379,1.1116663048343938,4.079896618527412,2.2561464496227583,0.9608026368545239,2.884857330025986,0.8632633980741664,0.024207695489159718,0.03860156613260494,1.015110957483411,1,1,0.828420614,0.69125685,1,0.708821521,0.63838456,6,1,0.118288544,0.219112,1,0.249635736,0.64338269,1,0.148271098,0.88154458,4,4,1,0.9772751915,0.344055979,1,1,0.754618665,0.68985893,1,0.92086958,0.9789804,3,1,0.4925311695,0.032997413,1,0.80320391,0.004101,1,0.05353786,0.1268534,1,0.1727146,0.36727,1,0.4561613,0.247974,1,0.20598231,0.709211,1,0.57478598,0.2114866,1,0.70746493,0.7310762,1,0.783348675,0.7846366,1,0.973314149,0.58769631,1,0.98747636,0.9768005,2,1,0.767613157,0.85874833,-0.09441448729752833,-0.08457885228762019,0.46615183661512627,-0.5951685402491016,-0.026789008433706907,0.00790651528857933,-0.6375859286682646,-0.11602359003267537,0.004065132290749382,0.026815891226409944,-0.03987275087144154,-0.12504974703774868,0.004065166262455752,0.0308907529505128,0.07870936798404082,-0.5129060443254301,-0.03894588748859529,-0.06483451521146627,-0.02184889704995041,7.493861224
17.458193979933075,0.7203277142817938,0.9672448168445077,0.35399588743617766,3.4098662918067157,1.111272058639305,4.07875079877489,2.2561972255911087,0.9607990275799393,2.884419867147092,0.8623660115167209,0.02420769965798348,0.038602525787986425,1.0152032056141767,1,1,0.828420614,0.69125685,1,0.708821521,0.63838456,6,1,0.118288544,0.219112,1,0.249635736,0.64338269,1,0.148271098,0.88154458,4,4,1,0.9772751915,0.344055979,1,1,0.754618665,0.68985893,1,0.92086958,0.9789804,3,1,0.4925311695,0.032997413,1,0.80320391,0.004101,1,0.05353786,0.1268534,1,0.1727146,0.36727,1,0.4561613,0.247974,1,0.20598231,0.709211,1,0.57478598,0.2114866,1,0.70746493,0.7310762,1,0.783348675,0.7846366,1,0.973314149,0.58769631,1,0.98747636,0.9768005,2,1,0.767613157,0.85874833,-0.09452252265345984,-0.08497642678460438,0.4662382206874246,-0.5949186070596446,-0.026792219340340817,0.00758167873761173,-0.6371255923334749,-0.11592489904809788,0.004065257547300409,0.026818280216517887,-0.03978762461281893,-0.12478825595068196,0.004065296885737656,0.030893000675371707,0.0788032797801943,-0.512550303409393,-0.03887564588644565,-0.0649183530147387,-0.02166910903351882,7.493861224
17.55852842809361,0.7201994855930431,0.9674238830323261,0.3539141321847152,3.4129469607952005,1.1108852380351568,4.077626120944423,2.2562468521248484,0.9607955268415244,2.8839905279146194,0.8614847974716655,0.024207704307209154,0.038603458543805695,1.015293976457548,1,1,0.828420614,0.69125685,1,0.708821521,0.63838456,6,1,0.118288544,0.219112,1,0.249635736,0.64338269,1,0.148271098,0.88154458,4,4,1,0.9772751915,0.344055979,1,1,0.754618665,0.68985893,1,0.92086958,0.9789804,3,1,0.4925311695,0.032997413,1,0.80320391,0.004101,1,0.05353786,0.1268534,1,0.1727146,0.36727,1,0.4561613,0.247974,1,0.20598231,0.709211,1,0.57478598,0.2114866,1,0.70746493,0.7310762,1,0.783348675,0.7846366,1,0.973314149,0.58769631,1,0.98747636,0.9768005,2,1,0.767613157,0.85874833,-0.09462874994252712,-0.08536756126055489,0.46632297772364073,-0.5946733280205856,-0.026795333690312395,0.007262089221495183,-0.6366737106871949,-0.11582769222932443,0.004065379932277367,0.026820619636747776,-0.039704003411199396,-0.12453142203427167,0.004065421869514333,0.03089519716287424,0.078895709167554,-0.5122013146825877,-0.038806596751402744,-0.06500082674605212,-0.021492285406172762,7.493861224
17.658862876254144,0.7200734003689349,0.9676000028444885,0.3538336974664265,3.4159790199402953,1.1105056815177914,4.076522202434041,2.2562953896188964,0.9607921284119931,2.883569181602876,0.860619437204531,0.024207709094472403,0.03860436468478944,1.015383300749894,1,1,0.828420614,0.69125685,1,0.708821521,0.63838456,6,1,0.118288544,0.219112,1,0.249635736,0.64338269,1,0.148271098,0.88154458,4,4,1,0.9772751915,0.344055979,1,1,0.754618665,0.68985893,1,0.92086958,0.9789804,3,1,0.4925311695,0.032997413,1,0.80320391,0.004101,1,0.05353786,0.1268534,1,0.1727146,0.36727,1,0.4561613,0.247974,1,0.20598231,0.709211,1,0.57478598,0.2114866,1,0.70746493,0.7310762,1,0.783348675,0.7846366,1,0.973314149,0.58769631,1,0.98747636,0.9768005,2,1,0.767613157,0.85874833,-0.09473320154129916,-0.08575236227423277,0.46640614311127365,-0.5944326089141363,-0.0267983570235808,0.006947661802620075,-0.6362301184360857,-0.11573196285233944,0.00406549914528926,0.026822910177693563,-0.03962186081022795,-0.12427915612103538,0.004065541172663452,0.030897343287046006,0.07898667533679649,-0.5118589398472848,-0.0387387206389479,-0.06508196023009899,-0.021318371255134694,7.493861224
17.75919732441468,0.7199494202577278,0.9677732306965223,0.3537545619089792,3.418963243411913,1.1101332313181043,4.075438667854141,2.256342896191889,0.9607888256587584,2.8831556996763097,0.8597696179873487,0.02420771366255427,0.03860524445467467,1.0154712083756334,1,1,0.828420614,0.69125685,1,0.708821521,0.63838456,6,1,0.118288544,0.219112,1,0.249635736,0.64338269,1,0.148271098,0.88154458,4,4,1,0.9772751915,0.344055979,1,1,0.754618665,0.68985893,1,0.92086958,0.9789804,3,1,0.4925311695,0.032997413,1,0.80320391,0.004101,1,0.05353786,0.1268534,1,0.1727146,0.36727,1,0.4561613,0.247974,1,0.20598231,0.709211,1,0.57478598,0.2114866,1,0.70746493,0.7310762,1,0.783348675,0.7846366,1,0.973314149,0.58769631,1,0.98747636,0.9768005,2,1,0.767613157,0.85874833,-0.09483590922114915,-0.08613093459537424,0.4664877514194275,-0.5941963574078706,-0.026801295240671985,0.006638312934384993,-0.6357946536096053,-0.11563770773725279,0.004065614877369901,0.026825152489056144,-0.03954117090504583,-0.1240313706043997,0.0040656547573570175,0.030899439932674855,0.07907619727389109,-0.5115230438173055,-0.03867199837115842,-0.0651617768004597,-0.021147312846357735,7.493861224
17.859531772575213,0.7198275077209997,0.9679436201335886,0.35367670440953763,3.421900394234818,1.1097677348479444,4.074375148664776,2.2563894263642523,0.9607856148095463,2.882749953999406,0.858935038395842,0.024207717801207375,0.0386060982704162,1.0155577289414754,1,1,0.828420614,0.69125685,1,0.708821521,0.63838456,6,1,0.118288544,0.219112,1,0.249635736,0.64338269,1,0.148271098,0.88154458,4,4,1,0.9772751915,0.344055979,1,1,0.754618665,0.68985893,1,0.92086958,0.9789804,3,1,0.4925311695,0.032997413,1,0.80320391,0.004101,1,0.05353786,0.1268534,1,0.1727146,0.36727,1,0.4561613,0.247974,1,0.20598231,0.709211,1,0.57478598,0.2114866,1,0.70746493,0.7310762,1,0.783348675,0.7846366,1,0.973314149,0.58769631,1,0.98747636,0.9768005,2,1,0.767613157,0.85874833,-0.0949369040796797,-0.08650338112303635,0.46656783608199714,-0.5939644843075733,-0.026804151697501166,0.00633396012367915,-0.6353671586606304,-0.11554490731059541,0.004065726942334397,0.026827347355333413,-0.03946190793074833,-0.12378798113447209,0.004065762604163971,0.030901487886573473,0.07916429422550636,-0.5111934943445344,-0.03860641123401087,-0.06524029956965993,-0.020979057305261173,7.493861224
17.959866220735748,0.7197076267396754,0.9681112259867644,0.3536001035667542,3.4247912331269004,1.109409055971178,4.073331281507964,2.2564350208286843,0.9607825187594632,2.882351804077957,0.8581154478474202,0.02420772262882033,0.03860692827880087,1.0156428958390402,1,1,0.828420614,0.69125685,1,0.708821521,0.63838456,6,1,0.118288544,0.219112,1,0.249635736,0.64338269,1,0.148271098,0.88154458,4,4,1,0.9772751915,0.344055979,1,1,0.754618665,0.68985893,1,0.92086958,0.9789804,3,1,0.4925311695,0.032997413,1,0.80320391,0.004101,1,0.05353786,0.1268534,1,0.1727146,0.36727,1,0.4561613,0.247974,1,0.20598231,0.709211,1,0.57478598,0.2114866,1,0.70746493,0.7310762,1,0.783348675,0.7846366,1,0.973314149,0.58769631,1,0.98747636,0.9768005,2,1,0.767613157,0.85874833,-0.09503621595583533,-0.08686980212846329,0.46664642692804326,-0.593736913043329,-0.0268069060259728,0.006034519710478081,-0.6349474889429638,-0.1154533809974354,0.00406583623722722,0.02682949697133107,-0.03938404333887202,-0.12354891919248237,0.004065864822329585,0.03090348705559237,0.07925098910181622,-0.5108701599283436,-0.03854194247594123,-0.06531755329778233,-0.02081355048745248,7.493861224
18.060200668896282,0.719589740642509,0.9682760980665188,0.3535247393366179,3.427636493001429,1.1090570409120122,4.072306712565109,2.256479737346944,0.9607795160382586,2.8819611349424523,0.8573105280495293,0.02420772706549298,0.038607733715175334,1.0157267342016485,1,1,0.828420614,0.69125685,1,0.708821521,0.63838456,6,1,0.118288544,0.219112,1,0.249635736,0.64338269,1,0.148271098,0.88154458,4,4,1,0.9772751915,0.344055979,1,1,0.754618665,0.68985893,1,0.92086958,0.9789804,3,1,0.4925311695,0.032997413,1,0.80320391,0.004101,1,0.05353786,0.1268534,1,0.1727146,0.36727,1,0.4561613,0.247974,1,0.20598231,0.709211,1,0.57478598,0.2114866,1,0.70746493,0.7310762,1,0.783348675,0.7846366,1,0.973314149,0.58769631,1,0.98747636,0.9768005,2,1,0.767613157,0.85874833,-0.09513387522883199,-0.08723029760438761,0.46672355765168716,-0.5935135511558507,-0.026809577326592837,0.005739913340723213,-0.6345354871298259,-0.11536321772514713,0.004065941874857641,0.026831601139772593,-0.03930755447163847,-0.12331409443844885,0.004065961320547576,0.03090543879634143,0.07933629831734196,-0.510552915652841,-0.03847857279850753,-0.06539355887962356,-0.020650743206270916,7.493861224
18.160535117056817,0.7194738139484277,0.9684382866608773,0.3534505915862645,3.4304369013642946,1.1087115474393756,4.071301093510044,2.256523624279948,0.9607766020687327,2.881577824391253,0.8565199949657485,0.02420773087407813,0.03860851490754693,1.0158092713269815,1,1,0.828420614,0.69125685,1,0.708821521,0.63838456,6,1,0.118288544,0.219112,1,0.249635736,0.64338269,1,0.148271098,0.88154458,4,4,1,0.9772751915,0.344055979,1,1,0.754618665,0.68985893,1,0.92086958,0.9789804,3,1,0.4925311695,0.032997413,1,0.80320391,0.004101,1,0.05353786,0.1268534,1,0.1727146,0.36727,1,0.4561613,0.247974,1,0.20598231,0.709211,1,0.57478598,0.2114866,1,0.70746493,0.7310762,1,0.783348675,0.7846366,1,0.973314149,0.58769631,1,0.98747636,0.9768005,2,1,0.767613157,0.85874833,-0.09522991129192182,-0.08758496528544246,0.4667992594174635,-0.5932943147763143,-0.026812169671359687,0.005450062313019588,-0.6341310051409375,-0.1152744046418257,0.004066043655854244,0.026833660552043156,-0.0392324170585977,-0.12308342711969766,0.004066052090850827,0.030907343902168496,0.07942024054924973,-0.5102416379656651,-0.038416284227411834,-0.0654683381282889,-0.020490585803480288,7.493861224
18.26086956521735,0.7193598118187311,0.9685978410042194,0.3533776404949658,3.433193174191107,1.1083724363721503,4.070314082466655,2.256566728278145,0.9607737716494144,2.881201752298066,0.8557435694696476,0.02420773379018027,0.03860927213260323,1.015890533721935,1,1,0.828420614,0.69125685,1,0.708821521,0.63838456,6,1,0.118288544,0.219112,1,0.249635736,0.64338269,1,0.148271098,0.88154458,4,4,1,0.9772751915,0.344055979,1,1,0.754618665,0.68985893,1,0.92086958,0.9789804,3,1,0.4925311695,0.032997413,1,0.80320391,0.004101,1,0.05353786,0.1268534,1,0.1727146,0.36727,1,0.4561613,0.247974,1,0.20598231,0.709211,1,0.57478598,0.2114866,1,0.70746493,0.7310762,1,0.783348675,0.7846366,1,0.973314149,0.58769631,1,0.98747636,0.9768005,2,1,0.767613157,0.85874833,-0.09532435300620234,-0.08793390124308842,0.4668735627216254,-0.5930791215535021,-0.026814687687640504,0.0051648891461433255,-0.633733897779551,-0.1151869331471187,0.004066141361183051,0.026835675851114023,-0.03915860734658605,-0.12285683876007605,0.004066137127386668,0.03090920317700202,0.07950283423082571,-0.509936206041784,-0.038355058993248425,-0.06554191242729468,-0.020333029661294577,7.493861224
18.361204013377886,0.7192477000368794,0.9687548092977041,0.3533058665473808,3.4359060160996893,1.1080395714015137,4.0693453438618095,2.2566090944315276,0.960771018825804,2.880832800634356,0.8549809769838598,0.02420773551545863,0.03861000560809359,1.015970547100424,1,1,0.828420614,0.69125685,1,0.708821521,0.63838456,6,1,0.118288544,0.219112,1,0.249635736,0.64338269,1,0.148271098,0.88154458,4,4,1,0.9772751915,0.344055979,1,1,0.754618665,0.68985893,1,0.92086958,0.9789804,3,1,0.4925311695,0.032997413,1,0.80320391,0.004101,1,0.05353786,0.1268534,1,0.1727146,0.36727,1,0.4561613,0.247974,1,0.20598231,0.709211,1,0.57478598,0.2114866,1,0.70746493,0.7310762,1,0.783348675,0.7846366,1,0.973314149,0.58769631,1,0.98747636,0.9768005,2,1,0.767613157,0.85874833,-0.09541722871736058,-0.08827719991190419,0.4669464974310715,-0.5928678905445126,-0.026817136672716346,0.004884317552659834,-0.6333440226140814,-0.11510079960672925,0.004066234746500745,0.02683764762548812,-0.03908610210327479,-0.12263425205807832,0.004066216425789674,0.030911017438038896,0.07958409753149126,-0.5096365016937583,-0.0382948795137823,-0.06561430273603486,-0.020178027182208957,7.493861224
18.46153846153842,0.7191374449882819,0.9689092387296953,0.35323525052680765,3.438576120522569,1.1077128189132808,4.068394548278296,2.256650766419635,0.9607683367616174,2.8804708534917527,0.8542319471191555,0.024207735710930236,0.03861071548521078,1.0160493363811862,1,1,0.828420614,0.69125685,1,0.708821521,0.63838456,6,1,0.118288544,0.219112,1,0.249635736,0.64338269,1,0.148271098,0.88154458,4,4,1,0.9772751915,0.344055979,1,1,0.754618665,0.68985893,1,0.92086958,0.9789804,3,1,0.4925311695,0.032997413,1,0.80320391,0.004101,1,0.05353786,0.1268534,1,0.1727146,0.36727,1,0.4561613,0.247974,1,0.20598231,0.709211,1,0.57478598,0.2114866,1,0.70746493,0.7310762,1,0.783348675,0.7846366,1,0.973314149,0.58769631,1,0.98747636,0.9768005,2,1,0.767613157,0.85874833,-0.09550856627241633,-0.08861495411531672,0.4670180928222732,-0.5926605421050417,-0.026819522708327437,0.004608272412545578,-0.6329612398597417,-0.11501600608181306,0.004066323536507974,0.026839576403145136,-0.039014878620717564,-0.12241559078497252,0.004066289982554896,0.030912787518429977,0.07966404833681917,-0.5093424092819938,-0.03823572837622469,-0.06568552959517593,-0.020025531768829374,7.493861224
18.561872909698955,0.7190290136400855,0.969061175496187,0.3531657735084355,3.441204169879475,1.1073920478102448,4.067461372307759,2.2566917866615612,0.9607657176100294,2.8801157971044606,0.8534962133135148,0.024207733990272963,0.03861140184097252,1.016126925685588,1,1,0.828420614,0.69125685,1,0.708821521,0.63838456,6,1,0.118288544,0.219112,1,0.249635736,0.64338269,1,0.148271098,0.88154458,4,4,1,0.9772751915,0.344055979,1,1,0.754618665,0.68985893,1,0.92086958,0.9789804,3,1,0.4925311695,0.032997413,1,0.80320391,0.004101,1,0.05353786,0.1268534,1,0.1727146,0.36727,1,0.4561613,0.247974,1,0.20598231,0.709211,1,0.57478598,0.2114866,1,0.70746493,0.7310762,1,0.783348675,0.7846366,1,0.973314149,0.58769631,1,0.98747636,0.9768005,2,1,0.767613157,0.85874833,-0.095598393036466,-0.08894725509079471,0.4670883776202016,-0.5924569977792524,-0.02682185277521809,0.004336679746807626,-0.632585412260183,-0.11493256107272476,0.0040664074193026145,0.026841462645486175,-0.03894491471889849,-0.12220077968292728,0.004066357794411472,0.03091451426996339,0.07974270422854884,-0.5090538156250037,-0.0381775883195119,-0.06575561313198286,-0.019875497803704012,7.493861224
18.66220735785949,0.7189223735209622,0.9692106648212295,0.3530974168525959,3.443790835749826,1.1070771293345205,4.066545498403626,2.256732196465963,0.9607631523849166,2.8797675198716695,0.8527735124712005,0.024207729913128605,0.03861206467060312,1.0162033383354283,1,1,0.828420614,0.69125685,1,0.708821521,0.63838456,6,1,0.118288544,0.219112,1,0.249635736,0.64338269,1,0.148271098,0.88154458,4,4,1,0.9772751915,0.344055979,1,1,0.754618665,0.68985893,1,0.92086958,0.9789804,3,1,0.4925311695,0.032997413,1,0.80320391,0.004101,1,0.05353786,0.1268534,1,0.1727146,0.36727,1,0.4561613,0.247974,1,0.20598231,0.709211,1,0.57478598,0.2114866,1,0.70746493,0.7310762,1,0.783348675,0.7846366,1,0.973314149,0.58769631,1,0.98747636,0.9768005,2,1,0.767613157,0.85874833,-0.09568673590942722,-0.08927419251451096,0.4671573800372545,-0.5922571801892735,-0.026824134867682647,0.004069466691103862,-0.6322164049691219,-0.11485048027658085,0.004066486040733064,0.026843306741277845,-0.03887618874928006,-0.12198974436313781,0.0040664198576965925,0.030916198565746372,0.07982008246460348,-0.5087706099096656,-0.03812044221658084,-0.06582457306557782,-0.019727880629152095,7.493861224
18.762541806020025,0.7188174931707454,0.9693577513022802,0.3530301623747882,3.4463367811089847,1.1067679433410977,4.065646615186985,2.2567720306002004,0.9607606416563914,2.8794259076831974,0.8520636028615208,0.02420772352280153,0.03861270454891338,1.016278598591494,1,1,0.828420614,0.69125685,1,0.708821521,0.63838456,6,1,0.118288544,0.219112,1,0.249635736,0.64338269,1,0.148271098,0.88154458,4,4,1,0.9772751915,0.344055979,1,1,0.754618665,0.68985893,1,0.92086958,0.9789804,3,1,0.4925311695,0.032997413,1,0.80320391,0.004101,1,0.05353786,0.1268534,1,0.1727146,0.36727,1,0.4561613,0.247974,1,0.20598231,0.709211,1,0.57478598,0.2114866,1,0.70746493,0.7310762,1,0.783348675,0.7846366,1,0.973314149,0.58769631,1,0.98747636,0.9768005,2,1,0.767613157,0.85874833,-0.09577362095355035,-0.0895958551492071,0.46722512639864533,-0.5920610182042081,-0.026826368478533924,0.003806562160388882,-0.6318540892887077,-0.11476972319133427,0.004066559445973346,0.026845109542650434,-0.0388086784433741,-0.12178241679597038,0.004066476201747141,0.03091784105715957,0.07989620132614511,-0.508492684116054,-0.038064274167973866,-0.06589242894500952,-0.019582636206239012,7.493861224
18.86287625418056,0.7187143446612559,0.9695024806879002,0.3529639932949629,3.4488426716619935,1.106464413009782,4.064764419749098,2.2568112872577966,0.9607582539622147,2.8790908185407544,0.8513663625103725,0.024207718283774615,0.03861332624077399,1.0163527410657351,1,1,0.828420614,0.69125685,1,0.708821521,0.63838456,6,1,0.118288544,0.219112,1,0.249635736,0.64338269,1,0.148271098,0.88154458,4,4,1,0.9772751915,0.344055979,1,1,0.754618665,0.68985893,1,0.92086958,0.9789804,3,1,0.4925311695,0.032997413,1,0.80320391,0.004101,1,0.05353786,0.1268534,1,0.1727146,0.36727,1,0.4561613,0.247974,1,0.20598231,0.709211,1,0.57478598,0.2114866,1,0.70746493,0.7310762,1,0.783348675,0.7846366,1,0.973314149,0.58769631,1,0.98747636,0.9768005,2,1,0.767613157,0.85874833,-0.09585907130511473,-0.08991233424305056,0.46729163353660064,-0.5918684753967902,-0.026828492634757506,0.003547900559758288,-0.6314983634092024,-0.11468984644641989,0.0040666304925520425,0.026846875290581763,-0.03874235466991627,-0.12157876545196517,0.004066527072192263,0.03091944084954866,0.07997108749085113,-0.5082199357106174,-0.03800907549441901,-0.06595920141402906,-0.019439719359341856,7.493861224
18.963210702341094,0.7186128951878552,0.9696448940972419,0.3528988910748128,3.451309139171617,1.1061663894932943,4.063898609418016,2.2568500278442225,0.960755932431767,2.8787621664322174,0.8506814628470006,0.024207711355855293,0.03861392674979447,1.0164257796412413,1,1,0.828420614,0.69125685,1,0.708821521,0.63838456,6,1,0.118288544,0.219112,1,0.249635736,0.64338269,1,0.148271098,0.88154458,4,4,1,0.9772751915,0.344055979,1,1,0.754618665,0.68985893,1,0.92086958,0.9789804,3,1,0.4925311695,0.032997413,1,0.80320391,0.004101,1,0.05353786,0.1268534,1,0.1727146,0.36727,1,0.4561613,0.247974,1,0.20598231,0.709211,1,0.57478598,0.2114866,1,0.70746493,0.7310762,1,0.783348675,0.7846366,1,0.973314149,0.58769631,1,0.98747636,0.9768005,2,1,0.767613157,0.85874833,-0.09594311414015932,-0.09022371241686311,0.4673569340653453,-0.5916794556642071,-0.02683055792996858,0.0032934094211012344,-0.6311490834360125,-0.11461115034063507,0.004066696860402397,0.026848601931483883,-0.0386772020583509,-0.12137869536503942,0.004066572323034541,0.030920999891114534,0.08004475160699948,-0.507952258369722,-0.03795482487846291,-0.06602490805855954,-0.01929908948427006,7.493861224
19.06354515050163,0.7185131147788303,0.9697850333859267,0.3528348383191812,3.453736815582287,1.1058737578704523,4.063048889062895,2.2568882853144565,0.9607536727309208,2.878439844086165,0.8500086687386915,0.02420770254349405,0.03861450631659609,1.0164977361076644,1,1,0.828420614,0.69125685,1,0.708821521,0.63838456,6,1,0.118288544,0.219112,1,0.249635736,0.64338269,1,0.148271098,0.88154458,4,4,1,0.9772751915,0.344055979,1,1,0.754618665,0.68985893,1,0.92086958,0.9789804,3,1,0.4925311695,0.032997413,1,0.80320391,0.004101,1,0.05353786,0.1268534,1,0.1727146,0.36727,1,0.4561613,0.247974,1,0.20598231,0.709211,1,0.57478598,0.2114866,1,0.70746493,0.7310762,1,0.783348675,0.7846366,1,0.973314149,0.58769631,1,0.98747636,0.9768005,2,1,0.767613157,0.85874833,-0.09602577428786896,-0.09053007394610313,0.46742105316548943,-0.5914938899672848,-0.026832568219922304,0.0030430207449974045,-0.6308061267195071,-0.11453362434954961,0.004066758403596708,0.026850290028654192,-0.03861320000150548,-0.12118214002656721,0.004066611975696494,0.030922518931550236,0.08011721076307837,-0.5076895503552938,-0.03790150662951852,-0.06608956724262477,-0.019160705249586574,7.493861224
19.163879598662163,0.7184149739721127,0.9699229395737687,0.352771817902815,3.4561263230766035,1.1055864053463353,4.062214968726765,2.2569260916789378,0.9607514698754198,2.878123746016609,0.8493477486255762,0.02420769162060109,0.038615065131937014,1.0165686316263118,1,1,0.828420614,0.69125685,1,0.708821521,0.63838456,6,1,0.118288544,0.219112,1,0.249635736,0.64338269,1,0.148271098,0.88154458,4,4,1,0.9772751915,0.344055979,1,1,0.754618665,0.68985893,1,0.92086958,0.9789804,3,1,0.4925311695,0.032997413,1,0.80320391,0.004101,1,0.05353786,0.1268534,1,0.1727146,0.36727,1,0.4561613,0.247974,1,0.20598231,0.709211,1,0.57478598,0.2114866,1,0.70746493,0.7310762,1,0.783348675,0.7846366,1,0.973314149,0.58769631,1,0.98747636,0.9768005,2,1,0.767613157,0.85874833,-0.0961070761552284,-0.09083150172691035,0.46748401555175373,-0.5913117103443826,-0.026834527938745523,0.002796667587106505,-0.630469372831977,-0.11445726225511832,0.004066814952533734,0.026851940099201135,-0.03855032832053695,-0.12098903387288515,0.004066646051623497,0.030923998730217797,0.08018848176692261,-0.5074317119027745,-0.03784910521870488,-0.0661531969719295,-0.01902452614919481,7.493861224
19.264214046822698,0.7183184437969009,0.9700586528664673,0.35270981296430604,3.458478274255882,1.105304221099805,4.061396563481222,2.256963478131789,0.9607493181443687,2.87781376852707,0.8486984742309698,0.024207678325974168,0.038615603331704995,1.0166384867347453,1,1,0.828420614,0.69125685,1,0.708821521,0.63838456,6,1,0.118288544,0.219112,1,0.249635736,0.64338269,1,0.148271098,0.88154458,4,4,1,0.9772751915,0.344055979,1,1,0.754618665,0.68985893,1,0.92086958,0.9789804,3,1,0.4925311695,0.032997413,1,0.80320391,0.004101,1,0.05353786,0.1268534,1,0.1727146,0.36727,1,0.4561613,0.247974,1,0.20598231,0.709211,1,0.57478598,0.2114866,1,0.70746493,0.7310762,1,0.783348675,0.7846366,1,0.973314149,0.58769631,1,0.98747636,0.9768005,2,1,0.767613157,0.85874833,-0.09618704374224685,-0.0911280773004367,0.4675458455063795,-0.5911328498200221,-0.026836442175898867,0.0025542840344854323,-0.6301387034643158,-0.11438206271013263,0.0040668663100374425,0.02685355261010096,-0.03848856726397193,-0.1207993122052439,0.004066674571790184,0.030925440057933448,0.08025858113106576,-0.5071786451333873,-0.037797605265463496,-0.06621581489968109,-0.01889051248091722,7.493861224
19.364548494983232,0.718223495755282,0.9701922126773017,0.3526488069000332,3.4607932723207013,1.1050270961310258,4.060593393281139,2.2570004751790425,0.9607472109937235,2.87750980971466,0.8480606202717117,0.024207662358726362,0.038616120991910016,1.0167073213513793,1,1,0.828420614,0.69125685,1,0.708821521,0.63838456,6,1,0.118288544,0.219112,1,0.249635736,0.64338269,1,0.148271098,0.88154458,4,4,1,0.9772751915,0.344055979,1,1,0.754618665,0.68985893,1,0.92086958,0.9789804,3,1,0.4925311695,0.032997413,1,0.80320391,0.004101,1,0.05353786,0.1268534,1,0.1727146,0.36727,1,0.4561613,0.247974,1,0.20598231,0.709211,1,0.57478598,0.2114866,1,0.70746493,0.7310762,1,0.783348675,0.7846366,1,0.973314149,0.58769631,1,0.98747636,0.9768005,2,1,0.767613157,0.85874833,-0.09626570065718298,-0.09141988087674924,0.46760656691253866,-0.5909572423132614,-0.026838316753137748,0.0023158051819056613,-0.629814002322715,-0.11430802981311716,0.0040669122474558395,0.026855127974253996,-0.038427897506746744,-0.12061291110975991,0.004066697556207007,0.03092684369875323,0.08032752505809121,-0.5069302539664087,-0.03774699152417105,-0.06627743833235922,-0.01875862532507211,7.493861224
19.464882943143767,0.718130101803854,0.9703236576488239,0.35258878335810356,3.463071911251453,1.104754923108986,4.059805182819362,2.257037112766864,0.9607451409697814,2.877211769474157,0.847433964168505,0.024207643373713894,0.038616618123676914,1.0167751547800796,1,1,0.828420614,0.69125685,1,0.708821521,0.63838456,6,1,0.118288544,0.219112,1,0.249635736,0.64338269,1,0.148271098,0.88154458,4,4,1,0.9772751915,0.344055979,1,1,0.754618665,0.68985893,1,0.92086958,0.9789804,3,1,0.4925311695,0.032997413,1,0.80320391,0.004101,1,0.05353786,0.1268534,1,0.1727146,0.36727,1,0.4561613,0.247974,1,0.20598231,0.709211,1,0.57478598,0.2114866,1,0.70746493,0.7310762,1,0.783348675,0.7846366,1,0.973314149,0.58769631,1,0.98747636,0.9768005,2,1,0.767613157,0.85874833,-0.0963430701317688,-0.09170699135832483,0.4676662032877439,-0.5907848225458134,-0.02684015830147446,0.002081167108170634,-0.6294951550253436,-0.11423517369327119,0.004066952500759585,0.026856666546540613,-0.03836830014924758,-0.12042976737736755,0.004066715023427123,0.03092821045176071,0.08039532942598315,-0.5066864440314311,-0.03769724887075554,-0.06633808423543547,-0.018628826523053088,7.493861224
19.5652173913043,0.7180382343353472,0.9704530256745527,0.35252972623229445,3.465314775988889,1.1044875962190173,4.0590316613814155,2.257073420409779,0.9607430996226708,2.876919549502084,0.8468182857562558,0.024207620976963915,0.038617094668238074,1.0168420057147625,1,1,0.828420614,0.69125685,1,0.708821521,0.63838456,6,1,0.118288544,0.219112,1,0.249635736,0.64338269,1,0.148271098,0.88154458,4,4,1,0.9772751915,0.344055979,1,1,0.754618665,0.68985893,1,0.92086958,0.9789804,3,1,0.4925311695,0.032997413,1,0.80320391,0.004101,1,0.05353786,0.1268534,1,0.1727146,0.36727,1,0.4561613,0.247974,1,0.20598231,0.709211,1,0.57478598,0.2114866,1,0.70746493,0.7310762,1,0.783348675,0.7846366,1,0.973314149,0.58769631,1,0.98747636,0.9768005,2,1,0.767613157,0.85874833,-0.09641917503643582,-0.09198948636314097,0.46772477781725863,-0.5906155259499335,-0.026841974338139396,0.0018503068524324817,-0.6291820489990414,-0.11416351110509826,0.004066986766640891,0.026858168619876742,-0.03830975671635073,-0.120249818423771,0.004066726990053443,0.030929541132855287,0.08046200977347823,-0.5064471225806304,-0.0376483622893099,-0.0663977692390435,-0.018501078655906,7.493861224
19.665551839464836,0.7179478670184033,0.9705803537684048,0.3524716199379056,3.467522434626149,1.1042250201163664,4.058272567546554,2.2571094186873557,0.9607410901448432,2.8766330539103593,0.8462133846830746,0.024207595366985527,0.03861755130488108,1.0169078940609864,1,1,0.828420614,0.69125685,1,0.708821521,0.63838456,6,1,0.118288544,0.219112,1,0.249635736,0.64338269,1,0.148271098,0.88154458,4,4,1,0.9772751915,0.344055979,1,1,0.754618665,0.68985893,1,0.92086958,0.9789804,3,1,0.4925311695,0.032997413,1,0.80320391,0.004101,1,0.05353786,0.1268534,1,0.1727146,0.36727,1,0.4561613,0.247974,1,0.20598231,0.709211,1,0.57478598,0.2114866,1,0.70746493,0.7310762,1,0.783348675,0.7846366,1,0.973314149,0.58769631,1,0.98747636,0.9768005,2,1,0.767613157,0.85874833,-0.09649403718462402,-0.09226744118183372,0.4677823113922627,-0.5904492944577393,-0.02684376202304284,0.0016231634925276683,-0.6288745762593106,-0.11409301637188518,0.004067015233072867,0.0268596350700309,-0.038252248650120835,-0.12007300713316266,0.004066733531394756,0.030930836155643723,0.080527583023354,-0.5062122049531899,-0.03760031840366129,-0.0664565097944691,-0.018375345173263224,7.493861224
19.76588628762537,0.7178589786308025,0.9707056774029974,0.35241445067098376,3.4696954027349394,1.1039671506438355,4.057527670794039,2.2571450806320232,0.960739184397388,2.8763521919662725,0.8456191595115234,0.024207570229074632,0.03861799309467633,1.016972849095651,1,1,0.828420614,0.69125685,1,0.708821521,0.63838456,6,1,0.118288544,0.219112,1,0.249635736,0.64338269,1,0.148271098,0.88154458,4,4,1,0.9772751915,0.344055979,1,1,0.754618665,0.68985893,1,0.92086958,0.9789804,3,1,0.4925311695,0.032997413,1,0.80320391,0.004101,1,0.05353786,0.1268534,1,0.1727146,0.36727,1,0.4561613,0.247974,1,0.20598231,0.709211,1,0.57478598,0.2114866,1,0.70746493,0.7310762,1,0.783348675,0.7846366,1,0.973314149,0.58769631,1,0.98747636,0.9768005,2,1,0.767613157,0.85874833,-0.09656767415725775,-0.0925409240240711,0.46783881368812785,-0.5902861028225435,-0.0268454574266489,0.0013996830674116723,-0.6285726462479557,-0.114023398733329,0.0040670409741947605,0.026861070263480263,-0.03819575503626976,-0.1198993038772074,0.0040667350553687635,0.03093209364598322,0.08059207526805329,-0.5059816438951943,-0.03755311239810932,-0.06651432285752124,-0.01825159104675378,7.493861224
19.866220735785905,0.7177715396269011,0.9708290329114212,0.35235820199559975,3.471834268417919,1.1037138523388637,4.056796695602532,2.257180466780475,0.9607373239137855,2.8760768685681093,0.845035330930208,0.024207542634675384,0.03861841676783508,1.017036881069416,1,1,0.828420614,0.69125685,1,0.708821521,0.63838456,6,1,0.118288544,0.219112,1,0.249635736,0.64338269,1,0.148271098,0.88154458,4,4,1,0.9772751915,0.344055979,1,1,0.754618665,0.68985893,1,0.92086958,0.9789804,3,1,0.4925311695,0.032997413,1,0.80320391,0.004101,1,0.05353786,0.1268534,1,0.1727146,0.36727,1,0.4561613,0.247974,1,0.20598231,0.709211,1,0.57478598,0.2114866,1,0.70746493,0.7310762,1,0.783348675,0.7846366,1,0.973314149,0.58769631,1,0.98747636,0.9768005,2,1,0.767613157,0.85874833,-0.09664011043055731,-0.0928100126936886,0.4678943143863269,-0.5901258665805216,-0.0268471125623283,0.0011798013273816021,-0.6282761406596515,-0.11395487939611826,0.004067061592035376,0.026862471912400335,-0.038140260518031543,-0.11972862946957158,0.004066731346190707,0.030933316022191445,0.08065549458862786,-0.5057553270524566,-0.037506723854217716,-0.06657122353554107,-0.01812978039830948,7.493861224
19.96655518394644,0.7176855246868803,0.9709504552790594,0.35230285896635366,3.473939575497968,1.1034650316384975,4.056079392279251,2.257215598893608,0.9607355061701034,2.8758069931763495,0.8444617005132556,0.024207512495719875,0.03861882262436834,1.01710000782104,1,1,0.828420614,0.69125685,1,0.708821521,0.63838456,6,1,0.118288544,0.219112,1,0.249635736,0.64338269,1,0.148271098,0.88154458,4,4,1,0.9772751915,0.344055979,1,1,0.754618665,0.68985893,1,0.92086958,0.9789804,3,1,0.4925311695,0.032997413,1,0.80320391,0.004101,1,0.05353786,0.1268534,1,0.1727146,0.36727,1,0.4561613,0.247974,1,0.20598231,0.709211,1,0.57478598,0.2114866,1,0.70746493,0.7310762,1,0.783348675,0.7846366,1,0.973314149,0.58769631,1,0.98747636,0.9768005,2,1,0.767613157,0.85874833,-0.0967113669799825,-0.09307477900072825,0.4679488339876255,-0.5899685280830009,-0.026848729675438054,0.0009634598493630797,-0.6279849555644135,-0.11388746516381776,0.004067077039749373,0.026863840571784592,-0.038085747879866294,-0.11956092719407294,0.004066722459440276,0.030934503831456156,0.08071785649204749,-0.505533172838617,-0.03746113936317619,-0.06662722730181037,-0.018009878680691482,7.493861224
20.066889632106975,0.7176009089192218,0.971069978835816,0.3522484068808373,3.4760118588785813,1.1032205966256792,4.055375515472311,2.2572504980963295,0.9607337284601227,2.875542477133319,0.8438980725333237,0.024207479715715283,0.03861921094898793,1.017162246780302,1,1,0.828420614,0.69125685,1,0.708821521,0.63838456,6,1,0.118288544,0.219112,1,0.249635736,0.64338269,1,0.148271098,0.88154458,4,4,1,0.9772751915,0.344055979,1,1,0.754618665,0.68985893,1,0.92086958,0.9789804,3,1,0.4925311695,0.032997413,1,0.80320391,0.004101,1,0.05353786,0.1268534,1,0.1727146,0.36727,1,0.4561613,0.247974,1,0.20598231,0.709211,1,0.57478598,0.2114866,1,0.70746493,0.7310762,1,0.783348675,0.7846366,1,0.973314149,0.58769631,1,0.98747636,0.9768005,2,1,0.767613157,0.85874833,-0.09678146442618019,-0.09333529347846359,0.46800239263215415,-0.5898140305095965,-0.02685031117350256,0.0007506011601607909,-0.6276989886067885,-0.11382116757728777,0.0040670872640578,0.026865176778483036,-0.0380322002763282,-0.11939614104134827,0.004066708452254495,0.030935657606128444,0.08077917624302466,-0.5053151014930286,-0.03741634570874264,-0.06668234933696976,-0.017891851993931285,7.493861224
20.16722408026751,0.717517667846386,0.9711876372770891,0.3521948312749085,3.478051644686658,1.1029804569198076,4.054684824048328,2.2572851849649886,0.9607319878689706,2.8752832336701455,0.8433442537555429,0.024207444188224386,0.03861958200994157,1.017223614981189,1,1,0.828420614,0.69125685,1,0.708821521,0.63838456,6,1,0.118288544,0.219112,1,0.249635736,0.64338269,1,0.148271098,0.88154458,4,4,1,0.9772751915,0.344055979,1,1,0.754618665,0.68985893,1,0.92086958,0.9789804,3,1,0.4925311695,0.032997413,1,0.80320391,0.004101,1,0.05353786,0.1268534,1,0.1727146,0.36727,1,0.4561613,0.247974,1,0.20598231,0.709211,1,0.57478598,0.2114866,1,0.70746493,0.7310762,1,0.783348675,0.7846366,1,0.973314149,0.58769631,1,0.98747636,0.9768005,2,1,0.767613157,0.85874833,-0.09685042304684888,-0.09359162539954702,0.46805501012338707,-0.5896623178033118,-0.026851859649670295,0.0005411687179854852,-0.6274181389161697,-0.11375600331108426,0.004067092203872982,0.026866481050322254,-0.037979601228711635,-0.11923421565207645,0.0040666893831224505,0.030936777863595666,0.0808394688575797,-0.5051010350239893,-0.0373723298611609,-0.06673660453517277,-0.017775667064619638,7.493861224
20.267558528428044,0.7174357773904904,0.9713034636847452,0.352142117917965,3.4800594504152946,1.1027445235672964,4.054007080970034,2.257319679614803,0.9607302812467551,2.8750291779137225,0.8428000532314616,0.024207405795346106,0.03861993605784786,1.0172841290750798,1,1,0.828420614,0.69125685,1,0.708821521,0.63838456,6,1,0.118288544,0.219112,1,0.249635736,0.64338269,1,0.148271098,0.88154458,4,4,1,0.9772751915,0.344055979,1,1,0.754618665,0.68985893,1,0.92086958,0.9789804,3,1,0.4925311695,0.032997413,1,0.80320391,0.004101,1,0.05353786,0.1268534,1,0.1727146,0.36727,1,0.4561613,0.247974,1,0.20598231,0.709211,1,0.57478598,0.2114866,1,0.70746493,0.7310762,1,0.783348675,0.7846366,1,0.973314149,0.58769631,1,0.98747636,0.9768005,2,1,0.767613157,0.85874833,-0.09691826278860272,-0.09384384279183822,0.46810670595212256,-0.589513334605485,-0.02685337790616893,0.0003351068939791979,-0.6271423070171105,-0.11369199457692947,0.004067091788923352,0.02686775388522502,-0.0379279346216993,-0.11907509626020274,0.004066665311680068,0.03093786510615791,0.08089874909660677,-0.504890897151979,-0.03732907897107596,-0.06679000751020175,-0.017661291225195552,7.493861224
20.36789297658858,0.7173552138589868,0.9714174905480929,0.3520902528082185,3.4820357850665733,1.1025127089321343,4.053342053173878,2.2573540017872866,0.9607286051821986,2.8747802268936633,0.8422652820929892,0.024207364406196027,0.03862027332453134,1.0173438053439339,1,1,0.828420614,0.69125685,1,0.708821521,0.63838456,6,1,0.118288544,0.219112,1,0.249635736,0.64338269,1,0.148271098,0.88154458,4,4,1,0.9772751915,0.344055979,1,1,0.754618665,0.68985893,1,0.92086958,0.9789804,3,1,0.4925311695,0.032997413,1,0.80320391,0.004101,1,0.05353786,0.1268534,1,0.1727146,0.36727,1,0.4561613,0.247974,1,0.20598231,0.709211,1,0.57478598,0.2114866,1,0.70746493,0.7310762,1,0.783348675,0.7846366,1,0.973314149,0.58769631,1,0.98747636,0.9768005,2,1,0.767613157,0.85874833,-0.09698500327883686,-0.09409201245392551,0.46815749932046213,-0.5893670261905948,-0.02685486897776157,0.00013236095374047352,-0.6268713947396414,-0.11362916953401836,0.004067085938378262,0.026868995760329684,-0.03787718470000795,-0.11891872863616212,0.004066636298504999,0.03093891982090731,0.08095703145943922,-0.5046846132528946,-0.03728658036345245,-0.06684257260154891,-0.017548692393234755,7.493861224
20.468227424749113,0.7172759539303402,0.971529749784857,0.35203922216796885,3.4839811492943555,1.1022849265864452,4.052689511447641,2.2573881709376806,0.960726955976272,2.874536299549265,0.841739753346341,0.02420731987538691,0.03862059402185754,1.0174026597134769,1,1,0.828420614,0.69125685,1,0.708821521,0.63838456,6,1,0.118288544,0.219112,1,0.249635736,0.64338269,1,0.148271098,0.88154458,4,4,1,0.9772751915,0.344055979,1,1,0.754618665,0.68985893,1,0.92086958,0.9789804,3,1,0.4925311695,0.032997413,1,0.80320391,0.004101,1,0.05353786,0.1268534,1,0.1727146,0.36727,1,0.4561613,0.247974,1,0.20598231,0.709211,1,0.57478598,0.2114866,1,0.70746493,0.7310762,1,0.783348675,0.7846366,1,0.973314149,0.58769631,1,0.98747636,0.9768005,2,1,0.767613157,0.85874833,-0.09705066383759198,-0.09433619997035048,0.4682074091657908,-0.5892233384009351,-0.026856336155202998,-0.00006712296114885774,-0.6266053051295857,-0.11356756270589008,0.004067074559472861,0.026870207131109262,-0.03782733606503613,-0.11876505903010343,0.004066602404911569,0.030939942479610114,0.08101433017741494,-0.504482110301284,-0.037244821531490224,-0.06689431388046152,-0.01743783905073859,7.493861224
20.568561872909648,0.7171979754519306,0.9716402722978396,0.3519890123856521,3.485896042247831,1.1020611005409093,4.052049234742417,2.2574221985975584,0.9607253356789689,2.8742973046015416,0.8412233098916209,0.024207272361546545,0.038620898625009246,1.0174607078913738,1,1,0.828420614,0.69125685,1,0.708821521,0.63838456,6,1,0.118288544,0.219112,1,0.249635736,0.64338269,1,0.148271098,0.88154458,4,4,1,0.9772751915,0.344055979,1,1,0.754618665,0.68985893,1,0.92086958,0.9789804,3,1,0.4925311695,0.032997413,1,0.80320391,0.004101,1,0.05353786,0.1268534,1,0.1727146,0.36727,1,0.4561613,0.247974,1,0.20598231,0.709211,1,0.57478598,0.2114866,1,0.70746493,0.7310762,1,0.783348675,0.7846366,1,0.973314149,0.58769631,1,0.98747636,0.9768005,2,1,0.767613157,0.85874833,-0.09711526281655469,-0.09457647144289849,0.46825645213828027,-0.589082224562,-0.026857777614764267,-0.00026339805966402174,-0.626343954575209,-0.11350710772714567,0.004067057818950066,0.026871388677098804,-0.03777837209200563,-0.11861404286841268,0.004066563689716163,0.03094093365615848,0.08107066057425821,-0.5042833134070697,-0.03720379059232881,-0.06694524547586023,-0.017328700681920495,7.493861224
20.668896321070182,0.7171212604906597,0.9717490862438085,0.3519396098102659,3.4877809869996246,1.101841200379288,4.051421026783359,2.257456059312652,0.9607237749421923,2.8740630947690677,0.8407159308261857,0.024207223533458676,0.038621188944660635,1.0175179658520557,1,1,0.828420614,0.69125685,1,0.708821521,0.63838456,6,1,0.118288544,0.219112,1,0.249635736,0.64338269,1,0.148271098,0.88154458,4,4,1,0.9772751915,0.344055979,1,1,0.754618665,0.68985893,1,0.92086958,0.9789804,3,1,0.4925311695,0.032997413,1,0.80320391,0.004101,1,0.05353786,0.1268534,1,0.1727146,0.36727,1,0.4561613,0.247974,1,0.20598231,0.709211,1,0.57478598,0.2114866,1,0.70746493,0.7310762,1,0.783348675,0.7846366,1,0.973314149,0.58769631,1,0.98747636,0.9768005,2,1,0.767613157,0.85874833,-0.09717881507187376,-0.09481289997951581,0.4683046349024934,-0.5889436717705099,-0.026859166087697672,-0.0004565177049484781,-0.6260873188158671,-0.11344723105320265,0.004067037171160401,0.026872542231569298,-0.03773026896634568,-0.11846567772750466,0.00406652019757554,0.03094189447035628,0.08112604421732095,-0.5040881329043088,-0.03716347802352482,-0.06699538278811679,-0.017221249482637813,7.493861224
20.769230769230717,0.7170457840850155,0.9718562234762361,0.35189100148279606,3.4896364380125298,1.1016251119723552,4.050804654616801,2.2574897975697805,0.960722249136057,2.873833634609129,0.8402173408588945,0.024207172142211075,0.03862146419179636,1.0175744481212485,1,1,0.828420614,0.69125685,1,0.708821521,0.63838456,6,1,0.118288544,0.219112,1,0.249635736,0.64338269,1,0.148271098,0.88154458,4,4,1,0.9772751915,0.344055979,1,1,0.754618665,0.68985893,1,0.92086958,0.9789804,3,1,0.4925311695,0.032997413,1,0.80320391,0.004101,1,0.05353786,0.1268534,1,0.1727146,0.36727,1,0.4561613,0.247974,1,0.20598231,0.709211,1,0.57478598,0.2114866,1,0.70746493,0.7310762,1,0.783348675,0.7846366,1,0.973314149,0.58769631,1,0.98747636,0.9768005,2,1,0.767613157,0.85874833,-0.0972413412821801,-0.09504554197141513,0.46835198246551324,-0.5888076042735402,-0.026860523485403798,-0.0006465325550948364,-0.6258352638921272,-0.11338834182287805,0.0040670115834417556,0.026873667369892093,-0.0376830175259697,-0.11831988221298564,0.004066472000694774,0.030942824961656304,0.0811804900071662,-0.5038965114088116,-0.03712387027011943,-0.06704473807021255,-0.01711545399833969,7.493861224
20.86956521739125,0.7169715248793329,0.9719617134789448,0.35184317443367624,3.49146286913192,1.1014127598177539,4.050199906624349,2.2575234266088247,0.9607207578126862,2.8736088414310523,0.8397273801533376,0.024207118215491527,0.03862172470568463,1.017630169427791,1,1,0.828420614,0.69125685,1,0.708821521,0.63838456,6,1,0.118288544,0.219112,1,0.249635736,0.64338269,1,0.148271098,0.88154458,4,4,1,0.9772751915,0.344055979,1,1,0.754618665,0.68985893,1,0.92086958,0.9789804,3,1,0.4925311695,0.032997413,1,0.80320391,0.004101,1,0.05353786,0.1268534,1,0.1727146,0.36727,1,0.4561613,0.247974,1,0.20598231,0.709211,1,0.57478598,0.2114866,1,0.70746493,0.7310762,1,0.783348675,0.7846366,1,0.973314149,0.58769631,1,0.98747636,0.9768005,2,1,0.767613157,0.85874833,-0.09730285913894676,-0.09527445961100256,0.4683985113708123,-0.5886739749165641,-0.0268618502063257,-0.0008334933094447106,-0.6255877062170758,-0.11333042089497702,0.004066981111484201,0.026874764641808546,-0.037636602549981746,-0.11817661066209684,0.004066419158919225,0.030943725630215108,0.08123401209062464,-0.503708379100644,-0.03708495579278481,-0.06709332462728862,-0.017011285114448604,7.493861224
20.969899665551786,0.71689846189021,0.972065585227392,0.3517961158890238,3.493260747169987,1.101204069911881,4.0496065748247565,2.2575569591275864,0.9607193006485093,2.873388633400091,0.839245892249082,0.02420706178759626,0.03862197082532529,1.0176851442214325,1,1,0.828420614,0.69125685,1,0.708821521,0.63838456,6,1,0.118288544,0.219112,1,0.249635736,0.64338269,1,0.148271098,0.88154458,4,4,1,0.9772751915,0.344055979,1,1,0.754618665,0.68985893,1,0.92086958,0.9789804,3,1,0.4925311695,0.032997413,1,0.80320391,0.004101,1,0.05353786,0.1268534,1,0.1727146,0.36727,1,0.4561613,0.247974,1,0.20598231,0.709211,1,0.57478598,0.2114866,1,0.70746493,0.7310762,1,0.783348675,0.7846366,1,0.973314149,0.58769631,1,0.98747636,0.9768005,2,1,0.767613157,0.85874833,-0.09736338602525663,-0.09549971410172453,0.4684442378334679,-0.5885427374145134,-0.02686314653832056,-0.0010174499023922756,-0.6253445640670208,-0.11327344787210425,0.004066945816640612,0.02687583459310026,-0.03759100901571394,-0.11803581839311778,0.004066361731525607,0.03094459697094179,0.08128662443696782,-0.5035236671691208,-0.03704672323143743,-0.06714115555490952,-0.016908714218385135,7.493861224
21.07023411371232,0.7168265744958039,0.9721678672075763,0.35174981326567695,3.4950305320783794,1.1009989696820557,4.049024454771294,2.257590407334805,0.9607178774449048,2.873172929490329,0.8387727239813502,0.02420700289933611,0.03862220288955194,1.0177393866865765,1,1,0.828420614,0.69125685,1,0.708821521,0.63838456,6,1,0.118288544,0.219112,1,0.249635736,0.64338269,1,0.148271098,0.88154458,4,4,1,0.9772751915,0.344055979,1,1,0.754618665,0.68985893,1,0.92086958,0.9789804,3,1,0.4925311695,0.032997413,1,0.80320391,0.004101,1,0.05353786,0.1268534,1,0.1727146,0.36727,1,0.4561613,0.247974,1,0.20598231,0.709211,1,0.57478598,0.2114866,1,0.70746493,0.7310762,1,0.783348675,0.7846366,1,0.973314149,0.58769631,1,0.98747636,0.9768005,2,1,0.767613157,0.85874833,-0.09742293902466947,-0.09572136567923206,0.4684891777550254,-0.5884138463173085,-0.026864412658087256,-0.0011984515227854153,-0.6251057575462271,-0.11321740105721467,0.004066905765766807,0.026876877765804285,-0.037546222088337744,-0.11789746168758208,0.004066299777002682,0.03094543947392657,0.08133834083756375,-0.5033423077408683,-0.0370091614012098,-0.06718824374637655,-0.01680771318089913,7.493861224
21.170568561872855,0.7167558424251274,0.9722685874349425,0.35170425416623186,3.4967726771208434,1.1007973879186819,4.048453345449104,2.2576237830031753,0.9607164881288422,2.872961649437583,0.8383077254006985,0.02420694159794269,0.03862242123713402,1.0177929107560237,1,1,0.828420614,0.69125685,1,0.708821521,0.63838456,6,1,0.118288544,0.219112,1,0.249635736,0.64338269,1,0.148271098,0.88154458,4,4,1,0.9772751915,0.344055979,1,1,0.754618665,0.68985893,1,0.92086958,0.9789804,3,1,0.4925311695,0.032997413,1,0.80320391,0.004101,1,0.05353786,0.1268534,1,0.1727146,0.36727,1,0.4561613,0.247974,1,0.20598231,0.709211,1,0.57478598,0.2114866,1,0.70746493,0.7310762,1,0.783348675,0.7846366,1,0.973314149,0.58769631,1,0.98747636,0.9768005,2,1,0.767613157,0.85874833,-0.09748153493008882,-0.09593947363230226,0.4685333467383618,-0.5882872569753077,-0.026865648630595595,-0.001376546633324427,-0.6248712085516526,-0.11316225741486408,0.0040668610310617345,0.026877894698428027,-0.03750222711047452,-0.11776149777249453,0.0040662333528318495,0.030946253624873146,0.08138917490552977,-0.5031642338078837,-0.03697225928842596,-0.06723460190001385,-0.016708254337401196,7.493861224
21.27090301003339,0.7166862457473446,0.9723677734732876,0.35165942637407926,3.4984876290458633,1.100599254707415,4.04789304917257,2.257657097522365,0.9607151327535266,2.8727547136923053,0.8378507496926954,0.024206877936974566,0.03862262620687894,1.017845730124716,1,1,0.828420614,0.69125685,1,0.708821521,0.63838456,6,1,0.118288544,0.219112,1,0.249635736,0.64338269,1,0.148271098,0.88154458,4,4,1,0.9772751915,0.344055979,1,1,0.754618665,0.68985893,1,0.92086958,0.9789804,3,1,0.4925311695,0.032997413,1,0.80320391,0.004101,1,0.05353786,0.1268534,1,0.1727146,0.36727,1,0.4561613,0.247974,1,0.20598231,0.709211,1,0.57478598,0.2114866,1,0.70746493,0.7310762,1,0.783348675,0.7846366,1,0.973314149,0.58769631,1,0.98747636,0.9768005,2,1,0.767613157,0.85874833,-0.09753919025262991,-0.0961540963235219,0.46857676010254884,-0.5881629255046812,-0.02686685440851322,-0.0015517829899662772,-0.624640840737682,-0.113107992536996,0.004066811689907544,0.02687888592616398,-0.037459009591806536,-0.1176278848025469,0.004066162515267825,0.03094703990553274,0.08143914007538833,-0.5029893791555955,-0.036936006046574654,-0.06728024252643022,-0.016610310469293288,7.493861224
21.371237458193924,0.7166177648610678,0.9724654524536661,0.3516153178484419,3.500175828259301,1.100404501361327,4.047343371482669,2.2576903619520317,0.9607138114990398,2.8725520433724876,0.8374016530975994,0.024206811976223413,0.0386228181377342,1.0178978582634788,1,1,0.828420614,0.69125685,1,0.708821521,0.63838456,6,1,0.118288544,0.219112,1,0.249635736,0.64338269,1,0.148271098,0.88154458,4,4,1,0.9772751915,0.344055979,1,1,0.754618665,0.68985893,1,0.92086958,0.9789804,3,1,0.4925311695,0.032997413,1,0.80320391,0.004101,1,0.05353786,0.1268534,1,0.1727146,0.36727,1,0.4561613,0.247974,1,0.20598231,0.709211,1,0.57478598,0.2114866,1,0.70746493,0.7310762,1,0.783348675,0.7846366,1,0.973314149,0.58769631,1,0.98747636,0.9768005,2,1,0.767613157,0.85874833,-0.09759592123048666,-0.09636529120974502,0.4686194328977169,-0.5880408087527054,-0.026868029831634166,-0.0017242076613224189,-0.6244145794808582,-0.11305458061311224,0.004066757824709805,0.026879851981104166,-0.037416555198687695,-0.11749658184233425,0.004066087319119269,0.030947798794140363,0.08148824960271944,-0.5028176782909246,-0.03690039099228293,-0.06732517795575521,-0.016513854785300652,7.493861224
21.47157190635446,0.7165503810187159,0.9725616496215495,0.35157191722361547,3.5018376958418496,1.1002130652317752,4.0468041252954166,2.2577235828409767,0.9607125236647764,2.8723535706577814,0.8369602913997438,0.024206743737212617,0.03862299727159856,1.0179493073383497,1,1,0.828420614,0.69125685,1,0.708821521,0.63838456,6,1,0.118288544,0.219112,1,0.249635736,0.64338269,1,0.148271098,0.88154458,4,4,1,0.9772751915,0.344055979,1,1,0.754618665,0.68985893,1,0.92086958,0.9789804,3,1,0.4925311695,0.032997413,1,0.80320391,0.004101,1,0.05353786,0.1268534,1,0.1727146,0.36727,1,0.4561613,0.247974,1,0.20598231,0.709211,1,0.57478598,0.2114866,1,0.70746493,0.7310762,1,0.783348675,0.7846366,1,0.973314149,0.58769631,1,0.98747636,0.9768005,2,1,0.767613157,0.85874833,-0.09765174339454141,-0.09657311408016489,0.4686613788509353,-0.5879208672915013,-0.026869175523235755,-0.0018938650770763399,-0.6241923468981239,-0.11300202582735341,0.004066699490389493,0.026880793293316475,-0.037374851419814614,-0.11736754674610395,0.004066007823425361,0.030948530885712616,0.08153651661328243,-0.5026490769989815,-0.03686540389546267,-0.06736941954015724,-0.016418862356116892,7.493861224
21.571906354514994,0.7164840780160047,0.9726563836791714,0.35152921540614407,3.5034735919202964,1.1000249051429365,4.046275144307248,2.2577567488268193,0.9607112644664468,2.8721592719199878,0.8365265089472548,0.024206673061995733,0.03862316344427664,1.0180000847467534,1,1,0.828420614,0.69125685,1,0.708821521,0.63838456,6,1,0.118288544,0.219112,1,0.249635736,0.64338269,1,0.148271098,0.88154458,4,4,1,0.9772751915,0.344055979,1,1,0.754618665,0.68985893,1,0.92086958,0.9789804,3,1,0.4925311695,0.032997413,1,0.80320391,0.004101,1,0.05353786,0.1268534,1,0.1727146,0.36727,1,0.4561613,0.247974,1,0.20598231,0.709211,1,0.57478598,0.2114866,1,0.70746493,0.7310762,1,0.783348675,0.7846366,1,0.973314149,0.58769631,1,0.98747636,0.9768005,2,1,0.767613157,0.85874833,-0.09770667016875756,-0.09677761659820916,0.46870260698432087,-0.5878030750115302,-0.026870295739549355,-0.0020607907844631956,-0.6239740460937608,-0.11295046218363325,0.004066636611435144,0.026881709876060672,-0.03733389288161604,-0.11724072945925806,0.004065924109973411,0.030949237273156613,0.0815839542598506,-0.5024835660442379,-0.036831035910033894,-0.06741297510477823,-0.016325314713728334,7.493861224
21.672240802675528,0.7164188355896471,0.9727496849353073,0.3514871993584178,3.505083977902757,1.0998399412217876,4.045756230522188,2.2577898828472,0.960710037457128,2.8719690390475283,0.8361001808305243,0.024206600160132673,0.03862331728413606,1.0180502066136654,1,1,0.828420614,0.69125685,1,0.708821521,0.63838456,6,1,0.118288544,0.219112,1,0.249635736,0.64338269,1,0.148271098,0.88154458,4,4,1,0.9772751915,0.344055979,1,1,0.754618665,0.68985893,1,0.92086958,0.9789804,3,1,0.4925311695,0.032997413,1,0.80320391,0.004101,1,0.05353786,0.1268534,1,0.1727146,0.36727,1,0.4561613,0.247974,1,0.20598231,0.709211,1,0.57478598,0.2114866,1,0.70746493,0.7310762,1,0.783348675,0.7846366,1,0.973314149,0.58769631,1,0.98747636,0.9768005,2,1,0.767613157,0.85874833,-0.09776071833965949,-0.09697885595344569,0.46874313479901164,-0.5876873817750223,-0.026871387319663098,-0.0022250357488142747,-0.6237596220614914,-0.11289976638377297,0.004066569380248776,0.026882602547300988,-0.03729366068999079,-0.11711609790148206,0.004065836210445014,0.030949918071230292,0.08163057511247923,-0.5023210501613158,-0.03679727594590343,-0.06745585886783306,-0.016233181928935747,7.493861224
21.772575250836063,0.7163546357276371,0.9728415779376423,0.35144585805014766,3.5066692612419645,1.0996581124650484,4.045247204369427,2.2578229921758886,0.9607088426174,2.871782802746128,0.8356811722779667,0.024206525083985023,0.03862345906285945,1.0180996848764363,1,1,0.828420614,0.69125685,1,0.708821521,0.63838456,6,1,0.118288544,0.219112,1,0.249635736,0.64338269,1,0.148271098,0.88154458,4,4,1,0.9772751915,0.344055979,1,1,0.754618665,0.68985893,1,0.92086958,0.9789804,3,1,0.4925311695,0.032997413,1,0.80320391,0.004101,1,0.05353786,0.1268534,1,0.1727146,0.36727,1,0.4561613,0.247974,1,0.20598231,0.709211,1,0.57478598,0.2114866,1,0.70746493,0.7310762,1,0.783348675,0.7846366,1,0.973314149,0.58769631,1,0.98747636,0.9768005,2,1,0.767613157,0.85874833,-0.09781390282876457,-0.0971768856363604,0.46878297566155824,-0.5875737491552235,-0.0268724502808535,-0.002386643088640561,-0.6235490032135429,-0.1128499290271816,0.004066497874840341,0.02688347175873884,-0.037254142220123077,-0.11699361311137296,0.004065744175846693,0.03095057383307326,0.08167639174252883,-0.5021614735448832,-0.03676411414015701,-0.06749808194098272,-0.016142439761480665,7.493861224
21.872909698996597,0.7162914607379933,0.9729320867743565,0.35140518064361403,3.5082298428270744,1.0994793591597478,4.044747889341904,2.257856083672807,0.9607076799748457,2.871600495014055,0.835269350888378,0.02420644788801857,0.03862358904476203,1.018148531226823,1,1,0.828420614,0.69125685,1,0.708821521,0.63838456,6,1,0.118288544,0.219112,1,0.249635736,0.64338269,1,0.148271098,0.88154458,4,4,1,0.9772751915,0.344055979,1,1,0.754618665,0.68985893,1,0.92086958,0.9789804,3,1,0.4925311695,0.032997413,1,0.80320391,0.004101,1,0.05353786,0.1268534,1,0.1727146,0.36727,1,0.4561613,0.247974,1,0.20598231,0.709211,1,0.57478598,0.2114866,1,0.70746493,0.7310762,1,0.783348675,0.7846366,1,0.973314149,0.58769631,1,0.98747636,0.9768005,2,1,0.767613157,0.85874833,-0.09786623829247476,-0.09737175826875477,0.4688221426557893,-0.587462139533264,-0.026873484598582187,-0.0025456551696800833,-0.623342119100319,-0.11280094181224687,0.004066422174777956,0.02688431795187985,-0.03721532509005221,-0.11687323677524239,0.004065648055129002,0.030951205120339872,0.081721416544766,-0.5020047816273374,-0.036731540797131035,-0.06753965522517691,-0.016053064424854213,7.493861224
21.973244147157132,0.716229293240244,0.9730212350870119,0.35136515649076594,3.5097661171025045,1.099303622835342,4.044258111911059,2.257889163819731,0.9607065496005708,2.871422049137724,0.8348645865365852,0.02420636862852789,0.038623707486495816,1.0181967571202566,1,1,0.828420614,0.69125685,1,0.708821521,0.63838456,6,1,0.118288544,0.219112,1,0.249635736,0.64338269,1,0.148271098,0.88154458,4,4,1,0.9772751915,0.344055979,1,1,0.754618665,0.68985893,1,0.92086958,0.9789804,3,1,0.4925311695,0.032997413,1,0.80320391,0.004101,1,0.05353786,0.1268534,1,0.1727146,0.36727,1,0.4561613,0.247974,1,0.20598231,0.709211,1,0.57478598,0.2114866,1,0.70746493,0.7310762,1,0.783348675,0.7846366,1,0.973314149,0.58769631,1,0.98747636,0.9768005,2,1,0.767613157,0.85874833,-0.09791773912913104,-0.097563525620045,0.46886064859330245,-0.587352516075657,-0.02687449020959154,-0.0027021136162370674,-0.6231389003549097,-0.11275279765849655,0.004066342360895835,0.026885141557842183,-0.037177197157137576,-0.11675493120073466,0.004065547894991436,0.03095181250413144,0.08176566173722061,-0.5018509210503359,-0.03669954638558959,-0.06758058941449707,-0.01596503257357318,7.493861224
22.073578595317667,0.7161681161569111,0.9731090460834384,0.35132577513032,3.5112784721867767,1.099130846215832,4.043777701441573,2.257922238755993,0.9607054516057223,2.8712473996873022,0.8344667512790969,0.024206287363360866,0.0386238146367539,1.0182443737851097,1,1,0.828420614,0.69125685,1,0.708821521,0.63838456,6,1,0.118288544,0.219112,1,0.249635736,0.64338269,1,0.148271098,0.88154458,4,4,1,0.9772751915,0.344055979,1,1,0.754618665,0.68985893,1,0.92086958,0.9789804,3,1,0.4925311695,0.032997413,1,0.80320391,0.004101,1,0.05353786,0.1268534,1,0.1727146,0.36727,1,0.4561613,0.247974,1,0.20598231,0.709211,1,0.57478598,0.2114866,1,0.70746493,0.7310762,1,0.783348675,0.7846366,1,0.973314149,0.58769631,1,0.98747636,0.9768005,2,1,0.767613157,0.85874833,-0.09796841948606838,-0.09775223862338533,0.46889850602395655,-0.5872448427117529,-0.026875467015002208,-0.0028560593225224196,-0.6229392786375896,-0.11270549083223358,0.004066258515002058,0.026885942997164843,-0.03713974651452401,-0.11663865929044492,0.004065443739687362,0.030952396565929977,0.08180913936104112,-0.5016998396363224,-0.036668121535902154,-0.06762089499998064,-0.015878321290453856,7.493861224
22.1739130434782,0.7161079127049951,0.9731955425506211,0.3512870262848592,3.5127672899913547,1.09896097317188,4.043306490106121,2.2579553143141844,0.9607043861380098,2.8710764825123105,0.8340757192597513,0.02420620415164328,0.038623910735974605,1.0182913922319645,1,1,0.828420614,0.69125685,1,0.708821521,0.63838456,6,1,0.118288544,0.219112,1,0.249635736,0.64338269,1,0.148271098,0.88154458,4,4,1,0.9772751915,0.344055979,1,1,0.754618665,0.68985893,1,0.92086958,0.9789804,3,1,0.4925311695,0.032997413,1,0.80320391,0.004101,1,0.05353786,0.1268534,1,0.1727146,0.36727,1,0.4561613,0.247974,1,0.20598231,0.709211,1,0.57478598,0.2114866,1,0.70746493,0.7310762,1,0.783348675,0.7846366,1,0.973314149,0.58769631,1,0.98747636,0.9768005,2,1,0.767613157,0.85874833,-0.09801829326666966,-0.09793794739161799,0.468935727246363,-0.5871390841111448,-0.026876414883407973,-0.0030075324639948775,-0.6227431865803288,-0.11265901707552883,0.004066170719586475,0.02688672267961562,-0.03710296148760711,-0.11652438451553687,0.004065335630828924,0.030952957898534084,0.08185186128035232,-0.5015514863600539,-0.03663725703721987,-0.06766058227342864,-0.015792908073887446,7.493861224
22.274247491638736,0.716048666387459,0.9732807468675869,0.351248899857932,3.5142329463394852,1.0987939486729272,4.042844312800115,2.2579883960558567,0.9607033533782238,2.8709092347372285,0.8336913666153672,0.024206119053503356,0.03862399601604576,1.0183378232628792,1,1,0.828420614,0.69125685,1,0.708821521,0.63838456,6,1,0.118288544,0.219112,1,0.249635736,0.64338269,1,0.148271098,0.88154458,4,4,1,0.9772751915,0.344055979,1,1,0.754618665,0.68985893,1,0.92086958,0.9789804,3,1,0.4925311695,0.032997413,1,0.80320391,0.004101,1,0.05353786,0.1268534,1,0.1727146,0.36727,1,0.4561613,0.247974,1,0.20598231,0.709211,1,0.57478598,0.2114866,1,0.70746493,0.7310762,1,0.783348675,0.7846366,1,0.973314149,0.58769631,1,0.98747636,0.9768005,2,1,0.767613157,0.85874833,-0.09806737413742006,-0.09812070123305827,0.46897232431837754,-0.5870352056610322,-0.0268773336539726,-0.003156572508700828,-0.622550557731294,-0.11261337373844782,0.004066079057528531,0.026887481003999028,-0.037066830630498926,-0.11641207088936079,0.004065223607192027,0.03095349710699602,0.08189383918211135,-0.5014058113201323,-0.036606943834651906,-0.06769966133119487,-0.015708770825113794,7.493861224
22.37458193979927,0.7159903610463931,0.9733646810743168,0.3512113852961467,3.515675815770051,1.0986297206396074,4.042391010390068,2.2580214866946267,0.9607023520182668,2.8707455870484706,0.8333135821773904,0.02420603206287085,0.03862407071775152,1.0183836766883105,1,1,0.828420614,0.69125685,1,0.708821521,0.63838456,6,1,0.118288544,0.219112,1,0.249635736,0.64338269,1,0.148271098,0.88154458,4,4,1,0.9772751915,0.344055979,1,1,0.754618665,0.68985893,1,0.92086958,0.9789804,3,1,0.4925311695,0.032997413,1,0.80320391,0.004101,1,0.05353786,0.1268534,1,0.1727146,0.36727,1,0.4561613,0.247974,1,0.20598231,0.709211,1,0.57478598,0.2114866,1,0.70746493,0.7310762,1,0.783348675,0.7846366,1,0.973314149,0.58769631,1,0.98747636,0.9768005,2,1,0.767613157,0.85874833,-0.09811567548386535,-0.09830054825264845,0.46900830865121435,-0.5869331735253631,-0.026878224490414437,-0.003303220710911825,-0.6223613346161527,-0.11256851382086097,0.004065983563022693,0.026888218390793688,-0.03703134199915026,-0.11630168657790863,0.004065107765770416,0.03095401445563431,0.08193508516069692,-0.5012627619232548,-0.03657717236085145,-0.06773814275487655,-0.015625887780172598,7.493861224
22.474916387959805,0.7159329810191092,0.9734473670341546,0.3511744698915799,3.5170962841596936,1.0984682449673402,4.041946438525024,2.258054579159416,0.9607013752051524,2.8705854431173248,0.8329422961897225,0.024205942928592013,0.038624135137827774,1.018428959221776,1,1,0.828420614,0.69125685,1,0.708821521,0.63838456,6,1,0.118288544,0.219112,1,0.249635736,0.64338269,1,0.148271098,0.88154458,4,4,1,0.9772751915,0.344055979,1,1,0.754618665,0.68985893,1,0.92086958,0.9789804,3,1,0.4925311695,0.032997413,1,0.80320391,0.004101,1,0.05353786,0.1268534,1,0.1727146,0.36727,1,0.4561613,0.247974,1,0.20598231,0.709211,1,0.57478598,0.2114866,1,0.70746493,0.7310762,1,0.783348675,0.7846366,1,0.973314149,0.58769631,1,0.98747636,0.9768005,2,1,0.767613157,0.85874833,-0.09816321028129926,-0.09847753425602856,0.46904368990871614,-0.5868329548428661,-0.026879093489332484,-0.0034475267471811843,-0.6221754903445547,-0.11252422300107456,0.004065884091096664,0.026888935369563022,-0.03699648121737237,-0.11619321357936319,0.004064988425045175,0.030954508924601457,0.0819756132782905,-0.5011222727483342,-0.03654793075686913,-0.06777603942162652,-0.015544237349528922,7.493861224
22.57525083612034,0.7158765104493607,0.973528825828784,0.3511381457823147,3.5184946971708624,1.098309464520177,4.041510430785052,2.2580876854443903,0.9607004272848778,2.870428764613681,0.8325773611458053,0.024205851892272135,0.03862418943298387,1.0184736832278822,1,1,0.828420614,0.69125685,1,0.708821521,0.63838456,6,1,0.118288544,0.219112,1,0.249635736,0.64338269,1,0.148271098,0.88154458,4,4,1,0.9772751915,0.344055979,1,1,0.754618665,0.68985893,1,0.92086958,0.9789804,3,1,0.4925311695,0.032997413,1,0.80320391,0.004101,1,0.05353786,0.1268534,1,0.1727146,0.36727,1,0.4561613,0.247974,1,0.20598231,0.709211,1,0.57478598,0.2114866,1,0.70746493,0.7310762,1,0.783348675,0.7846366,1,0.973314149,0.58769631,1,0.98747636,0.9768005,2,1,0.767613157,0.85874833,-0.09820999166536315,-0.09865170733876327,0.46907848061005497,-0.5867345168006779,-0.02687993678441214,-0.0035895213505339196,-0.6219929390348398,-0.11248062819080307,0.004065780855338166,0.02688963221669198,-0.036962239451012846,-0.11608660758720335,0.004064865449273732,0.030954982114166446,0.08201543311574339,-0.5009843072876865,-0.03651921221011878,-0.0678133590421966,-0.015463798715518284,7.493861224
22.675585284280874,0.7158209339391935,0.9736090783709502,0.35110240315095753,3.519871410530029,1.0981533294281418,4.041082834286806,2.2581208086732674,0.9606995075414665,2.8702754886703685,0.8322186672799721,0.024205758971472747,0.038624233809565436,1.0185178582484498,1,1,0.828420614,0.69125685,1,0.708821521,0.63838456,6,1,0.118288544,0.219112,1,0.249635736,0.64338269,1,0.148271098,0.88154458,4,4,1,0.9772751915,0.344055979,1,1,0.754618665,0.68985893,1,0.92086958,0.9789804,3,1,0.4925311695,0.032997413,1,0.80320391,0.004101,1,0.05353786,0.1268534,1,0.1727146,0.36727,1,0.4561613,0.247974,1,0.20598231,0.709211,1,0.57478598,0.2114866,1,0.70746493,0.7310762,1,0.783348675,0.7846366,1,0.973314149,0.58769631,1,0.98747636,0.9768005,2,1,0.767613157,0.85874833,-0.09825603239203984,-0.09882311346730566,0.46911269168234093,-0.5866378274860553,-0.026880755012605007,-0.0037292428981512415,-0.6218136226598077,-0.11243770424510924,0.004065673905321379,0.02689030930668781,-0.036928605660065617,-0.11598183690106559,0.004064738904047292,0.030955434456291522,0.08205455603278367,-0.5008488173706995,-0.03649100782549053,-0.06785011141197456,-0.015384551227299204,7.493861224
22.77591973244141,0.7157662363387377,0.9736881452341424,0.35106723229819475,3.521226774826595,1.097999790825407,4.040663498697397,2.258153951678185,0.9606986151589287,2.870125553085881,0.8318661071703234,0.024205664178281593,0.03862426846524051,1.0185614936027454,1,1,0.828420614,0.69125685,1,0.708821521,0.63838456,6,1,0.118288544,0.219112,1,0.249635736,0.64338269,1,0.148271098,0.88154458,4,4,1,0.9772751915,0.344055979,1,1,0.754618665,0.68985893,1,0.92086958,0.9789804,3,1,0.4925311695,0.032997413,1,0.80320391,0.004101,1,0.05353786,0.1268534,1,0.1727146,0.36727,1,0.4561613,0.247974,1,0.20598231,0.709211,1,0.57478598,0.2114866,1,0.70746493,0.7310762,1,0.783348675,0.7846366,1,0.973314149,0.58769631,1,0.98747636,0.9768005,2,1,0.767613157,0.85874833,-0.09830134501179388,-0.09899179784686296,0.46914633383266335,-0.5865428555971297,-0.026881548899837182,-0.003866729305626926,-0.6216374844493884,-0.1123954247895198,0.00406556328583263,0.026890967004628844,-0.036895568960456426,-0.11587887050795079,0.004064608855813709,0.03095586637299466,0.08209299325580527,-0.5007157555196935,-0.036463308799006944,-0.06788630620118741,-0.015306474569037665,7.493861224
22.876254180601943,0.7157124027379251,0.9737660466656912,0.35103262363749244,3.5225611356494335,1.09784880080959,4.040252276161739,2.2581871170255328,0.960697749212045,2.869978896290854,0.8315195756851657,0.02420556751878437,0.03862429358877078,1.0186045983937548,1,1,0.828420614,0.69125685,1,0.708821521,0.63838456,6,1,0.118288544,0.219112,1,0.249635736,0.64338269,1,0.148271098,0.88154458,4,4,1,0.9772751915,0.344055979,1,1,0.754618665,0.68985893,1,0.92086958,0.9789804,3,1,0.4925311695,0.032997413,1,0.80320391,0.004101,1,0.05353786,0.1268534,1,0.1727146,0.36727,1,0.4561613,0.247974,1,0.20598231,0.709211,1,0.57478598,0.2114866,1,0.70746493,0.7310762,1,0.783348675,0.7846366,1,0.973314149,0.58769631,1,0.98747636,0.9768005,2,1,0.767613157,0.85874833,-0.09834594187643286,-0.09915780493451909,0.4691794175570091,-0.5864495704204462,-0.02688231926920881,-0.004002018047688738,-0.6214644688658244,-0.1123537621917845,0.004065449036393963,0.026891605666095098,-0.0368631186177758,-0.11577767806958278,0.004064475371914136,0.03095627827596463,0.08213075587993307,-0.500585074907141,-0.03643610641248385,-0.0679219529611581,-0.01522954874697302,7.493861224
22.976588628762478,0.7156594184582069,0.9738428025998679,0.35099856768979637,3.5238748337234282,1.0977003124010498,4.039849021229893,2.2582203070417837,0.9606969086571477,2.869835457314546,0.8311789699294494,0.024205468992536394,0.03862430935978281,1.0186471815144584,1,1,0.828420614,0.69125685,1,0.708821521,0.63838456,6,1,0.118288544,0.219112,1,0.249635736,0.64338269,1,0.148271098,0.88154458,4,4,1,0.9772751915,0.344055979,1,1,0.754618665,0.68985893,1,0.92086958,0.9789804,3,1,0.4925311695,0.032997413,1,0.80320391,0.004101,1,0.05353786,0.1268534,1,0.1727146,0.36727,1,0.4561613,0.247974,1,0.20598231,0.709211,1,0.57478598,0.2114866,1,0.70746493,0.7310762,1,0.783348675,0.7846366,1,0.973314149,0.58769631,1,0.98747636,0.9768005,2,1,0.767613157,0.85874833,-0.09838983514596933,-0.09932117845221922,0.4692119531491812,-0.5863579418084806,-0.026883067049194076,-0.004135146178914306,-0.6212945215788341,-0.1123126875360918,0.004065331190786628,0.026892225637098657,-0.03683124404101107,-0.1156782299097665,0.00406433852061968,0.030956670566177985,0.08216785487108874,-0.5004567293128865,-0.03640939202819449,-0.06795706113054734,-0.015153754076483783,7.493861224
23.076923076923013,0.7156072690442709,0.9739184326709821,0.3509650550782318,3.5251682050460165,1.097554279502185,4.039453590784402,2.258253523839326,0.9606960923229046,2.8696951757513167,0.8308441891912077,0.024205368592034333,0.038624315948539344,1.0186892516541035,1,1,0.828420614,0.69125685,1,0.708821521,0.63838456,6,1,0.118288544,0.219112,1,0.249635736,0.64338269,1,0.148271098,0.88154458,4,4,1,0.9772751915,0.344055979,1,1,0.754618665,0.68985893,1,0.92086958,0.9789804,3,1,0.4925311695,0.032997413,1,0.80320391,0.004101,1,0.05353786,0.1268534,1,0.1727146,0.36727,1,0.4561613,0.247974,1,0.20598231,0.709211,1,0.57478598,0.2114866,1,0.70746493,0.7310762,1,0.783348675,0.7846366,1,0.973314149,0.58769631,1,0.98747636,0.9768005,2,1,0.767613157,0.85874833,-0.09843303679548199,-0.09948196139961807,0.4692439507097172,-0.5862679401571247,-0.026883793281841428,-0.004266150354452103,-0.6211275894407864,-0.112272170599653,0.0040652097765747006,0.026892827254014026,-0.03679993477627913,-0.11558049700174675,0.004064198371168091,0.030957043633517034,0.08220430106805643,-0.5003306730813624,-0.03638315708352957,-0.06799164004158276,-0.015079071169153413,7.493861224
23.177257525083547,0.7155559402557589,0.9739929562264805,0.3509320765228031,3.526441581023728,1.0974106568567306,4.039065843967641,2.258286769342292,0.9606952989011007,2.869557991727108,0.8305151348879957,0.02420526630218789,0.03862431351571054,1.018730817304479,1,1,0.828420614,0.69125685,1,0.708821521,0.63838456,6,1,0.118288544,0.219112,1,0.249635736,0.64338269,1,0.148271098,0.88154458,4,4,1,0.9772751915,0.344055979,1,1,0.754618665,0.68985893,1,0.92086958,0.9789804,3,1,0.4925311695,0.032997413,1,0.80320391,0.004101,1,0.05353786,0.1268534,1,0.1727146,0.36727,1,0.4561613,0.247974,1,0.20598231,0.709211,1,0.57478598,0.2114866,1,0.70746493,0.7310762,1,0.783348675,0.7846366,1,0.973314149,0.58769631,1,0.98747636,0.9768005,2,1,0.767613157,0.85874833,-0.09847555862197699,-0.09964019606679753,0.46927542015480805,-0.5861795363831448,-0.026884499130973682,-0.0043950668507397594,-0.6209636204618723,-0.11223217983158706,0.004065084814628556,0.026893410843508277,-0.03676918050055894,-0.1154844509555667,0.004064054993800534,0.030957397856389388,0.08224010518454922,-0.5002068610788146,-0.036357393085660994,-0.06802569892627597,-0.015005480919835557,7.493861224
23.277591973244082,0.7155054186692223,0.9740663905466017,0.3508996242381274,3.527695268722974,1.0972694007500834,4.0386856469860355,2.258320044906236,0.9606945285725806,2.8694238603379083,0.830191697138893,0.024205162194887008,0.03862430232503685,1.018771886889612,1,1,0.828420614,0.69125685,1,0.708821521,0.63838456,6,1,0.118288544,0.219112,1,0.249635736,0.64338269,1,0.148271098,0.88154458,4,4,1,0.9772751915,0.344055979,1,1,0.754618665,0.68985893,1,0.92086958,0.9789804,3,1,0.4925311695,0.032997413,1,0.80320391,0.004101,1,0.05353786,0.1268534,1,0.1727146,0.36727,1,0.4561613,0.247974,1,0.20598231,0.709211,1,0.57478598,0.2114866,1,0.70746493,0.7310762,1,0.783348675,0.7846366,1,0.973314149,0.58769631,1,0.98747636,0.9768005,2,1,0.767613157,0.85874833,-0.09851741174571582,-0.09979592402317206,0.46930637106284767,-0.5860927014741306,-0.026885184435706644,-0.004521926101624052,-0.6208025562288055,-0.1121927551519204,0.004064956405204906,0.026893976775810114,-0.03673897281159755,-0.11539005896541088,0.004063908460479031,0.03095773350615383,0.08227527686632402,-0.5000852595179817,-0.036332093107936725,-0.06805924515222572,-0.014932966264703196,7.493861224
23.377926421404617,0.7154556930302699,0.9741387468592647,0.3508676950559826,3.528929506674345,1.0971304706206146,4.038312883909678,2.2583533504384947,0.9606937866433688,2.869292783879318,0.8298737248946836,0.024205056640474492,0.038624282994774974,1.018812469047194,1,1,0.828420614,0.69125685,1,0.708821521,0.63838456,6,1,0.118288544,0.219112,1,0.249635736,0.64338269,1,0.148271098,0.88154458,4,4,1,0.9772751915,0.344055979,1,1,0.754618665,0.68985893,1,0.92086958,0.9789804,3,1,0.4925311695,0.032997413,1,0.80320391,0.004101,1,0.05353786,0.1268534,1,0.1727146,0.36727,1,0.4561613,0.247974,1,0.20598231,0.709211,1,0.57478598,0.2114866,1,0.70746493,0.7310762,1,0.783348675,0.7846366,1,0.973314149,0.58769631,1,0.98747636,0.9768005,2,1,0.767613157,0.85874833,-0.09855860549006834,-0.09994918608807624,0.46933681232137586,-0.5860074055132647,-0.026885844475659892,-0.004646740492004087,-0.6206443150340002,-0.11215417033902941,0.004064824920434806,0.026894525583570198,-0.036709309225938624,-0.11529727256101921,0.004063758846435107,0.030958050534614076,0.08230982258662872,-0.4999658701426779,-0.03630725513243016,-0.06809228028253644,-0.0148615161164517,7.493861224
23.47826086956515,0.7154067481951129,0.9742100481341895,0.3508362765096934,3.5301446621655748,1.0969938216720554,4.037947408248013,2.2583866884508557,0.9606930673237354,2.8691646683311363,0.8295611584845535,0.02420494936439741,0.03862425537820978,1.018852571411185,1,1,0.828420614,0.69125685,1,0.708821521,0.63838456,6,1,0.118288544,0.219112,1,0.249635736,0.64338269,1,0.148271098,0.88154458,4,4,1,0.9772751915,0.344055979,1,1,0.754618665,0.68985893,1,0.92086958,0.9789804,3,1,0.4925311695,0.032997413,1,0.80320391,0.004101,1,0.05353786,0.1268534,1,0.1727146,0.36727,1,0.4561613,0.247974,1,0.20598231,0.709211,1,0.57478598,0.2114866,1,0.70746493,0.7310762,1,0.783348675,0.7846366,1,0.973314149,0.58769631,1,0.98747636,0.9768005,2,1,0.767613157,0.85874833,-0.09859915240046124,-0.10010002257200235,0.46936675374579256,-0.585923621894811,-0.026886484401531074,-0.004769558755369774,-0.6204888667690378,-0.11211621102831248,0.0040646901456867085,0.026895057432952788,-0.03668017536456486,-0.11520607756406157,0.004063606223460419,0.030958349517396344,0.08234375501692665,-0.49984862243997097,-0.036282867155725596,-0.06812481763426226,-0.014791107793025615,7.493861224
23.578595317725686,0.715358571072113,0.9742803116098724,0.35080536050844213,3.5313410374915075,1.0968594120578552,4.037589090426915,2.258420060125338,0.9606923696618236,2.8690394644260784,0.8292538991614513,0.02420484037386238,0.038624219664121925,1.018892201821462,1,1,0.828420614,0.69125685,1,0.708821521,0.63838456,6,1,0.118288544,0.219112,1,0.249635736,0.64338269,1,0.148271098,0.88154458,4,4,1,0.9772751915,0.344055979,1,1,0.754618665,0.68985893,1,0.92086958,0.9789804,3,1,0.4925311695,0.032997413,1,0.80320391,0.004101,1,0.05353786,0.1268534,1,0.1727146,0.36727,1,0.4561613,0.247974,1,0.20598231,0.709211,1,0.57478598,0.2114866,1,0.70746493,0.7310762,1,0.783348675,0.7846366,1,0.973314149,0.58769631,1,0.98747636,0.9768005,2,1,0.767613157,0.85874833,-0.09863906332227756,-0.10024847305148987,0.4693962045051792,-0.5858413231332491,-0.026887105060117267,-0.004890412519542808,-0.6203361592240628,-0.11207888463613136,0.004064552123017907,0.02689557264361114,-0.03665156245937207,-0.11511644493521861,0.004063450666584088,0.030958630725364075,0.0823770838156826,-0.4997334795554842,-0.036258921825524926,-0.06815686502278495,-0.014721724271817394,7.493861224
23.67892976588622,0.7153111487863872,0.9743495541764358,0.3507749391311453,3.5325189296305726,1.0967272006217603,4.0372378031141585,2.258453466556104,0.960691692638601,2.868917124285673,0.8289518490929296,0.024204729672581745,0.03862417603855017,1.0189313679605536,1,1,0.828420614,0.69125685,1,0.708821521,0.63838456,6,1,0.118288544,0.219112,1,0.249635736,0.64338269,1,0.148271098,0.88154458,4,4,1,0.9772751915,0.344055979,1,1,0.754618665,0.68985893,1,0.92086958,0.9789804,3,1,0.4925311695,0.032997413,1,0.80320391,0.004101,1,0.05353786,0.1268534,1,0.1727146,0.36727,1,0.4561613,0.247974,1,0.20598231,0.709211,1,0.57478598,0.2114866,1,0.70746493,0.7310762,1,0.783348675,0.7846366,1,0.973314149,0.58769631,1,0.98747636,0.9768005,2,1,0.767613157,0.85874833,-0.09867834892133576,-0.10039457645715733,0.4694251736173648,-0.5857604821207296,-0.026887707357976742,-0.005009332748836526,-0.6201861406877902,-0.11204220235599704,0.004064410891539139,0.026896071528923378,-0.036623461968976534,-0.1150283458518532,0.004063292252068718,0.030958894409309975,0.08240981845970163,-0.49962040571232635,-0.03623541193896607,-0.06818843006899311,-0.01465334887423031,7.493861224
23.779264214046755,0.7152644686736676,0.974417792382433,0.3507450046260772,3.533678630311545,1.096597146859712,4.036893421163866,2.25848690877386,0.9606910351643797,2.8687976014375236,0.8286549112606499,0.02420461726057901,0.038624124684958815,1.0189700773603465,1,1,0.828420614,0.69125685,1,0.708821521,0.63838456,6,1,0.118288544,0.219112,1,0.249635736,0.64338269,1,0.148271098,0.88154458,4,4,1,0.9772751915,0.344055979,1,1,0.754618665,0.68985893,1,0.92086958,0.9789804,3,1,0.4925311695,0.032997413,1,0.80320391,0.004101,1,0.05353786,0.1268534,1,0.1727146,0.36727,1,0.4561613,0.247974,1,0.20598231,0.709211,1,0.57478598,0.2114866,1,0.70746493,0.7310762,1,0.783348675,0.7846366,1,0.973314149,0.58769631,1,0.98747636,0.9768005,2,1,0.767613157,0.85874833,-0.09871701968897661,-0.10053837108603902,0.4694536699572748,-0.5856810721029104,-0.026888292264524938,-0.005126349745528058,-0.6200387598961576,-0.11200617940781266,0.004064266487242035,0.026896554396109773,-0.03659586557875033,-0.11494175167768247,0.004063131057449414,0.030959140799251703,0.08244196824287947,-0.4995093662064436,-0.03621233044255523,-0.06821952019924005,-0.014585965258959277,7.493861224
23.87959866220729,0.7152185182741587,0.9744850424416531,0.35071554941049304,3.5348204260803033,1.096469210881743,4.036555821560968,2.2585203877702695,0.9606903960753377,2.8686808508325745,0.8283629893598886,0.02420450313399424,0.038624065784405096,1.0190083374087924,1,1,0.828420614,0.69125685,1,0.708821521,0.63838456,6,1,0.118288544,0.219112,1,0.249635736,0.64338269,1,0.148271098,0.88154458,4,4,1,0.9772751915,0.344055979,1,1,0.754618665,0.68985893,1,0.92086958,0.9789804,3,1,0.4925311695,0.032997413,1,0.80320391,0.004101,1,0.05353786,0.1268534,1,0.1727146,0.36727,1,0.4561613,0.247974,1,0.20598231,0.709211,1,0.57478598,0.2114866,1,0.70746493,0.7310762,1,0.783348675,0.7846366,1,0.973314149,0.58769631,1,0.98747636,0.9768005,2,1,0.767613157,0.85874833,-0.09875508594715121,-0.10067989461382543,0.46948170226527947,-0.5856030666547789,-0.026888860815128868,-0.005241493151330934,-0.6198939659809786,-0.11197083528900675,0.004064118942826302,0.026897021546349972,-0.03656876520085678,-0.11485663393245035,0.004062967161572758,0.030959370103728207,0.08247354227495135,-0.4994003274019785,-0.03618967043209986,-0.06825014264529178,-0.014519557415270778,7.493861224
23.979933110367824,0.715173285326398,0.9745513202399256,0.35068656607025234,3.535944598366587,1.0963433533738758,4.036224883365657,2.2585539045223526,0.9606897741300385,2.8685668288623756,0.8280759876990414,0.02420438728488947,0.03862399951570659,1.0190461553566152,1,1,0.828420614,0.69125685,1,0.708821521,0.63838456,6,1,0.118288544,0.219112,1,0.249635736,0.64338269,1,0.148271098,0.88154458,4,4,1,0.9772751915,0.344055979,1,1,0.754618665,0.68985893,1,0.92086958,0.9789804,3,1,0.4925311695,0.032997413,1,0.80320391,0.004101,1,0.05353786,0.1268534,1,0.1727146,0.36727,1,0.4561613,0.247974,1,0.20598231,0.709211,1,0.57478598,0.2114866,1,0.70746493,0.7310762,1,0.783348675,0.7846366,1,0.973314149,0.58769631,1,0.98747636,0.9768005,2,1,0.767613157,0.85874833,-0.09879255785350816,-0.10081918410701396,0.4695092791555433,-0.5855264396564501,-0.026889414114203203,-0.00535479194886701,-0.6197517084185975,-0.11193619402748567,0.004063968287527024,0.026897473274900087,-0.0365421529742862,-0.11477296426159936,0.00406280064463586,0.030959582509097902,0.0825045494802425,-0.49929325672662284,-0.03616742515263993,-0.06828030444426714,-0.014454109656283798,7.493861224
24.08026755852836,0.7151287577611141,0.9746166413419256,0.3506580473594424,3.537051423550756,1.0962195355600186,4.035900487657848,2.258587460016897,0.960689168005953,2.868455493376345,0.8277938110991295,0.024204269701054118,0.03862392605560865,1.0190835383240184,1,1,0.828420614,0.69125685,1,0.708821521,0.63838456,6,1,0.118288544,0.219112,1,0.249635736,0.64338269,1,0.148271098,0.88154458,4,4,1,0.9772751915,0.344055979,1,1,0.754618665,0.68985893,1,0.92086958,0.9789804,3,1,0.4925311695,0.032997413,1,0.80320391,0.004101,1,0.05353786,0.1268534,1,0.1727146,0.36727,1,0.4561613,0.247974,1,0.20598231,0.709211,1,0.57478598,0.2114866,1,0.70746493,0.7310762,1,0.783348675,0.7846366,1,0.973314149,0.58769631,1,0.98747636,0.9768005,2,1,0.767613157,0.85874833,-0.09882944540648064,-0.10095627603496948,0.46953640912437317,-0.5854511652689489,-0.02688995333830535,-0.00546627446313952,-0.6196119369785476,-0.11190228443634043,0.004063814546941977,0.02689790987120976,-0.036516021264891285,-0.11469071440594289,0.0040626315882253804,0.030959778178836703,0.08253499859641783,-0.49918812266697143,-0.03614558799837986,-0.06831001243856838,-0.01438960661224975,7.493861224
24.180602006688893,0.7150849239789817,0.9746810224915892,0.3506299846794212,3.538141188770769,1.0960977227441677,4.0355825190285195,2.2586210529970314,0.9606885784824025,2.868346782939537,0.8275163927453515,0.024204150472713383,0.03862384555168357,1.0191204932118825,1,1,0.828420614,0.69125685,1,0.708821521,0.63838456,6,1,0.118288544,0.219112,1,0.249635736,0.64338269,1,0.148271098,0.88154458,4,4,1,0.9772751915,0.344055979,1,1,0.754618665,0.68985893,1,0.92086958,0.9789804,3,1,0.4925311695,0.032997413,1,0.80320391,0.004101,1,0.05353786,0.1268534,1,0.1727146,0.36727,1,0.4561613,0.247974,1,0.20598231,0.709211,1,0.57478598,0.2114866,1,0.70746493,0.7310762,1,0.783348675,0.7846366,1,0.973314149,0.58769631,1,0.98747636,0.9768005,2,1,0.767613157,0.85874833,-0.09886575821518873,-0.10109120531191007,0.4695630997740799,-0.585377221120214,-0.02689047779413012,-0.005575974307106435,-0.619474618404841,-0.11186901698008844,0.004063657828671748,0.02689833164487463,-0.036490360062689964,-0.11460986581891539,0.004062460016715244,0.03095995766673644,0.08256489951346818,-0.4990848811985904,-0.036124151267662996,-0.06833927554612018,-0.014326031748927326,7.493861224
24.280936454849428,0.7150417733685476,0.9747444843760863,0.3506023652714902,3.539214221044978,1.095977890881446,4.035270868379696,2.2586546757818216,0.9606880124731579,2.8682405785284235,0.827243745685323,0.024204029989673755,0.03862375807216149,1.0191570265321659,1,1,0.828420614,0.69125685,1,0.708821521,0.63838456,6,1,0.118288544,0.219112,1,0.249635736,0.64338269,1,0.148271098,0.88154458,4,4,1,0.9772751915,0.344055979,1,1,0.754618665,0.68985893,1,0.92086958,0.9789804,3,1,0.4925311695,0.032997413,1,0.80320391,0.004101,1,0.05353786,0.1268534,1,0.1727146,0.36727,1,0.4561613,0.247974,1,0.20598231,0.709211,1,0.57478598,0.2114866,1,0.70746493,0.7310762,1,0.783348675,0.7846366,1,0.973314149,0.58769631,1,0.98747636,0.9768005,2,1,0.767613157,0.85874833,-0.09890150507037898,-0.10122400350919103,0.46958935637318455,-0.5853045942085877,-0.026890981331003094,-0.005683941355806077,-0.6193397672526411,-0.11183595609573604,0.0040634984805553165,0.02689873897342427,-0.03646515217732521,-0.114530427445416,0.004062285789048778,0.030960122680076627,0.08259426574650375,-0.49898345074020245,-0.036103103864743025,-0.0683681089510429,-0.014263364638225307,7.493861224
24.381270903009963,0.7149992937614473,0.9748070382765562,0.35057518581374525,3.5402707465877477,1.0958599945244667,4.034965419036391,2.2586883346593245,0.9606874634716799,2.868136889182308,0.8269757127777209,0.024203907985187838,0.038623663849934146,1.0191931452686636,1,1,0.828420614,0.69125685,1,0.708821521,0.63838456,6,1,0.118288544,0.219112,1,0.249635736,0.64338269,1,0.148271098,0.88154458,4,4,1,0.9772751915,0.344055979,1,1,0.754618665,0.68985893,1,0.92086958,0.9789804,3,1,0.4925311695,0.032997413,1,0.80320391,0.004101,1,0.05353786,0.1268534,1,0.1727146,0.36727,1,0.4561613,0.247974,1,0.20598231,0.709211,1,0.57478598,0.2114866,1,0.70746493,0.7310762,1,0.783348675,0.7846366,1,0.973314149,0.58769631,1,0.98747636,0.9768005,2,1,0.767613157,0.85874833,-0.09893669605257549,-0.10135470754602394,0.46961518887975506,-0.5852332521712356,-0.02689146973731482,-0.005790188594896106,-0.6192072962114401,-0.11180342391535047,0.004063336323147426,0.02689913207142608,-0.036440396512078754,-0.11445234942157811,0.004062109123159831,0.03096027237789145,0.08262310244992527,-0.49888383345164744,-0.036082442432295636,-0.06839651380219053,-0.014201594140285434,7.493861224
24.481605351170497,0.7149574739573986,0.9748686993914839,0.35054843886368275,3.541311031211115,1.0957439987060877,4.034666060482669,2.2587220296025814,0.960686931041102,2.8680356669354072,0.8267122158034832,0.024203784488873382,0.038623563039607026,1.0192288560321885,1,1,0.828420614,0.69125685,1,0.708821521,0.63838456,6,1,0.118288544,0.219112,1,0.249635736,0.64338269,1,0.148271098,0.88154458,4,4,1,0.9772751915,0.344055979,1,1,0.754618665,0.68985893,1,0.92086958,0.9789804,3,1,0.4925311695,0.032997413,1,0.80320391,0.004101,1,0.05353786,0.1268534,1,0.1727146,0.36727,1,0.4561613,0.247974,1,0.20598231,0.709211,1,0.57478598,0.2114866,1,0.70746493,0.7310762,1,0.783348675,0.7846366,1,0.973314149,0.58769631,1,0.98747636,0.9768005,2,1,0.767613157,0.85874833,-0.09897134044032285,-0.10148335105808404,0.4696406049555117,-0.5851631718803649,-0.026891943401713192,-0.00589474511787369,-0.6190771652367077,-0.11177140050888701,0.004063171414626539,0.02689951122095497,-0.03641608485875525,-0.11437560905922278,0.00406193007318759,0.03096040706055693,0.0826514183653102,-0.49878599428535497,-0.03606216025169362,-0.0684244974545905,-0.014140705246963203,7.493861224
24.581939799331032,0.7149163029363781,0.9749294827309927,0.35052211704459163,3.5423353370523847,1.0956298690432962,4.034372684046886,2.2587557605658013,0.9606864147906506,2.8679368639933585,0.8264531784020941,0.024203659532171788,0.038623455792747306,1.0192641653302514,1,1,0.828420614,0.69125685,1,0.708821521,0.63838456,6,1,0.118288544,0.219112,1,0.249635736,0.64338269,1,0.148271098,0.88154458,4,4,1,0.9772751915,0.344055979,1,1,0.754618665,0.68985893,1,0.92086958,0.9789804,3,1,0.4925311695,0.032997413,1,0.80320391,0.004101,1,0.05353786,0.1268534,1,0.1727146,0.36727,1,0.4561613,0.247974,1,0.20598231,0.709211,1,0.57478598,0.2114866,1,0.70746493,0.7310762,1,0.783348675,0.7846366,1,0.973314149,0.58769631,1,0.98747636,0.9768005,2,1,0.767613157,0.85874833,-0.09900544736283567,-0.10160996707592163,0.46966561213418523,-0.5850943305806338,-0.026892402671840787,-0.005997639761045281,-0.618949335426858,-0.11173986381751488,0.004063003814344775,0.026899876700565237,-0.036392209064087966,-0.11430018425187183,0.004061748690975947,0.030960527029387758,0.08267922212995138,-0.49868989833239996,-0.03604225067080791,-0.06845206721815567,-0.014080683136116434,7.493861224
24.682274247491566,0.71487576985341,0.9749894031285391,0.35049621304019724,3.5433439226924297,1.0955175717108303,4.034085182851209,2.258789527501313,0.9606859143793244,2.8678404326825047,0.8261985260626192,0.024203533148503566,0.038623342257961914,1.019299079573457,1,1,0.828420614,0.69125685,1,0.708821521,0.63838456,6,1,0.118288544,0.219112,1,0.249635736,0.64338269,1,0.148271098,0.88154458,4,4,1,0.9772751915,0.344055979,1,1,0.754618665,0.68985893,1,0.92086958,0.9789804,3,1,0.4925311695,0.032997413,1,0.80320391,0.004101,1,0.05353786,0.1268534,1,0.1727146,0.36727,1,0.4561613,0.247974,1,0.20598231,0.709211,1,0.57478598,0.2114866,1,0.70746493,0.7310762,1,0.783348675,0.7846366,1,0.973314149,0.58769631,1,0.98747636,0.9768005,2,1,0.767613157,0.85874833,-0.09903902580431545,-0.10173458803303492,0.46969021782729653,-0.5850267058754244,-0.026892847851061608,-0.006098901124465872,-0.6188237690266951,-0.1117087895076545,0.004062833582936229,0.02690022878549099,-0.03636876102125125,-0.11422605347601075,0.0040615650259202135,0.030960632587290315,0.08270652227999326,-0.49859551077343167,-0.03602270709986466,-0.06847923036499542,-0.014021513160057508,7.493861224
24.7826086956521,0.7148358640333545,0.9750484752526098,0.35047071958930576,3.544337043273994,1.095407073414801,4.0338034517611385,2.258823330376507,0.960685429519575,2.8677463253991804,0.8259481861147433,0.024203405373423813,0.0386232225809757,1.0193336050818953,1,1,0.828420614,0.69125685,1,0.708821521,0.63838456,6,1,0.118288544,0.219112,1,0.249635736,0.64338269,1,0.148271098,0.88154458,4,4,1,0.9772751915,0.344055979,1,1,0.754618665,0.68985893,1,0.92086958,0.9789804,3,1,0.4925311695,0.032997413,1,0.80320391,0.004101,1,0.05353786,0.1268534,1,0.1727146,0.36727,1,0.4561613,0.247974,1,0.20598231,0.709211,1,0.57478598,0.2114866,1,0.70746493,0.7310762,1,0.783348675,0.7846366,1,0.973314149,0.58769631,1,0.98747636,0.9768005,2,1,0.767613157,0.85874833,-0.099072084608268,-0.1018572457738629,0.4697144293299361,-0.5849602757131047,-0.026893279195186026,-0.006198557592873799,-0.6187004294308607,-0.11167815082623589,0.004062660782425231,0.026900567747846535,-0.036345732661373586,-0.1141531957923538,0.004061379124813906,0.03096072403941584,0.08273332725357296,-0.4985027968296136,-0.03600352300729881,-0.06850599413672093,-0.013963180834002609,7.493861224
24.882943143812636,0.714796574965697,0.9751067136184166,0.35044562948044794,3.5453149506199897,1.095298341366312,4.033527387335029,2.258857169190787,0.9606849599809871,2.8676544945589977,0.8257020877198062,0.02420327624477769,0.038623096904709504,1.019367748091539,1,1,0.828420614,0.69125685,1,0.708821521,0.63838456,6,1,0.118288544,0.219112,1,0.249635736,0.64338269,1,0.148271098,0.88154458,4,4,1,0.9772751915,0.344055979,1,1,0.754618665,0.68985893,1,0.92086958,0.9789804,3,1,0.4925311695,0.032997413,1,0.80320391,0.004101,1,0.05353786,0.1268534,1,0.1727146,0.36727,1,0.4561613,0.247974,1,0.20598231,0.709211,1,0.57478598,0.2114866,1,0.70746493,0.7310762,1,0.783348675,0.7846366,1,0.973314149,0.58769631,1,0.98747636,0.9768005,2,1,0.767613157,0.85874833,-0.09910463248182022,-0.10197797156169741,0.4697382538265446,-0.5848950183732806,-0.02689369690919796,-0.006296637356628887,-0.6185792811872783,-0.1116479184571273,0.004062485476334671,0.026900893856826622,-0.03632311594504989,-0.1140815908471072,0.004061191031695468,0.030960801693814502,0.08275964539395664,-0.4984117217135542,-0.03598469191561049,-0.0685323657517416,-0.013905671824523402,7.493861224
24.98327759197317,0.7147578922993358,0.9751641325995924,0.3504209355465235,3.5462778933518004,1.095191343255083,4.0332568877736135,2.2588910439925143,0.960684505593959,2.867564892546131,0.8254601618618398,0.024203145802855885,0.03862296536935835,1.0194015147606361,1,1,0.828420614,0.69125685,1,0.708821521,0.63838456,6,1,0.118288544,0.219112,1,0.249635736,0.64338269,1,0.148271098,0.88154458,4,4,1,0.9772751915,0.344055979,1,1,0.754618665,0.68985893,1,0.92086958,0.9789804,3,1,0.4925311695,0.032997413,1,0.80320391,0.004101,1,0.05353786,0.1268534,1,0.1727146,0.36727,1,0.4561613,0.247974,1,0.20598231,0.709211,1,0.57478598,0.2114866,1,0.70746493,0.7310762,1,0.783348675,0.7846366,1,0.973314149,0.58769631,1,0.98747636,0.9768005,2,1,0.767613157,0.85874833,-0.09913667800003834,-0.10209679608652023,0.46976169839669224,-0.5848309124530366,-0.026894101143979388,-0.006393168432648588,-0.6184602900006055,-0.11161806037870603,0.004062307729794198,0.026901207378906673,-0.03630090285385418,-0.11401121887323354,0.004061000787695031,0.030960865862089612,0.08278548495267951,-0.4983222505802427,-0.03596620739722034,-0.06855835241255653,-0.013848971937997057,7.493861224
25.083612040133705,0.7147198065163168,0.9752207432381919,0.3503966331141834,3.547226092681814,1.0950860495885106,4.032991856114323,2.2589249529071282,0.9606840659877366,2.867477495591742,0.8252223218743193,0.024203014069497174,0.038622828111139554,1.019434910526023,1,1,0.828420614,0.69125685,1,0.708821521,0.63838456,6,1,0.118288544,0.219112,1,0.249635736,0.64338269,1,0.148271098,0.88154458,4,4,1,0.9772751915,0.344055979,1,1,0.754618665,0.68985893,1,0.92086958,0.9789804,3,1,0.4925311695,0.032997413,1,0.80320391,0.004101,1,0.05353786,0.1268534,1,0.1727146,0.36727,1,0.4561613,0.247974,1,0.20598231,0.709211,1,0.57478598,0.2114866,1,0.70746493,0.7310762,1,0.783348675,0.7846366,1,0.973314149,0.58769631,1,0.98747636,0.9768005,2,1,0.767613157,0.85874833,-0.09916822904779166,-0.10221375185956216,0.4697847695025622,-0.5847679380797242,-0.02689449222936313,-0.006488169089524876,-0.6183434069167575,-0.11158864721509243,0.004062127587306591,0.02690150851372247,-0.03627908862616902,-0.11394205313452146,0.004060808454003742,0.030960916870220137,0.08281085267300387,-0.4982343673790324,-0.03594806506829007,-0.06858395796809913,-0.013793070270655572,7.493861224
25.18394648829424,0.7146823099508595,0.975276548426401,0.3503727237016217,3.548159705834569,1.094982437233725,4.03273220507583,2.258958889153802,0.9606836401933477,2.867392339822079,0.8249884340679403,0.02420288101648401,0.038622685260364595,1.0194679391288244,1,1,0.828420614,0.69125685,1,0.708821521,0.63838456,6,1,0.118288544,0.219112,1,0.249635736,0.64338269,1,0.148271098,0.88154458,4,4,1,0.9772751915,0.344055979,1,1,0.754618665,0.68985893,1,0.92086958,0.9789804,3,1,0.4925311695,0.032997413,1,0.80320391,0.004101,1,0.05353786,0.1268534,1,0.1727146,0.36727,1,0.4561613,0.247974,1,0.20598231,0.709211,1,0.57478598,0.2114866,1,0.70746493,0.7310762,1,0.783348675,0.7846366,1,0.973314149,0.58769631,1,0.98747636,0.9768005,2,1,0.767613157,0.85874833,-0.09919929197557076,-0.10232887683358427,0.469807472212844,-0.5847060787487244,-0.026894871027372425,-0.0065816333924844095,-0.6182285444623896,-0.11156001131378712,0.00406194503915136,0.026901797297259215,-0.03625767664298096,-0.11387404852628455,0.004060614146603395,0.030960955074567184,0.08283575165137191,-0.49814810331816184,-0.0359302655986532,-0.06860917787554038,-0.013737963966533706,7.493861224
25.284280936454774,0.7146453912939292,0.9753315688083809,0.3503491951632555,3.549079022872621,1.0948804702633452,4.0324778307688325,2.258992857144829,0.9606832287953992,2.8673093277074826,0.8247584751173899,0.024202746735940195,0.03862253695227158,1.0195006078776576,1,1,0.828420614,0.69125685,1,0.708821521,0.63838456,6,1,0.118288544,0.219112,1,0.249635736,0.64338269,1,0.148271098,0.88154458,4,4,1,0.9772751915,0.344055979,1,1,0.754618665,0.68985893,1,0.92086958,0.9789804,3,1,0.4925311695,0.032997413,1,0.80320391,0.004101,1,0.05353786,0.1268534,1,0.1727146,0.36727,1,0.4561613,0.247974,1,0.20598231,0.709211,1,0.57478598,0.2114866,1,0.70746493,0.7310762,1,0.783348675,0.7846366,1,0.973314149,0.58769631,1,0.98747636,0.9768005,2,1,0.767613157,0.85874833,-0.09922987615201295,-0.10244219510289143,0.4698298143996579,-0.5846453113905785,-0.026895237017925733,-0.006673608819834476,-0.6181157045662395,-0.11153189350857895,0.004061760202159509,0.026902074122158483,-0.036236652184594764,-0.11380720268701819,0.004060417849134227,0.03096098078030625,0.08286019282061707,-0.4980633839744746,-0.035912798551341996,-0.06863402625567777,-0.01368363264001038,7.493861224
25.38461538461531,0.714609041142735,0.9753858165976885,0.35032604176750765,3.5499842677965843,1.0947801192816589,4.032228639192532,2.259026856231214,0.9606828317624067,2.8672284237849652,0.8245323728077457,0.024202611268244353,0.03862238331622268,1.0195329223364662,1,1,0.828420614,0.69125685,1,0.708821521,0.63838456,6,1,0.118288544,0.219112,1,0.249635736,0.64338269,1,0.148271098,0.88154458,4,4,1,0.9772751915,0.344055979,1,1,0.754618665,0.68985893,1,0.92086958,0.9789804,3,1,0.4925311695,0.032997413,1,0.80320391,0.004101,1,0.05353786,0.1268534,1,0.1727146,0.36727,1,0.4561613,0.247974,1,0.20598231,0.709211,1,0.57478598,0.2114866,1,0.70746493,0.7310762,1,0.783348675,0.7846366,1,0.973314149,0.58769631,1,0.98747636,0.9768005,2,1,0.767613157,0.85874833,-0.0992599893665842,-0.10255373643192034,0.46985180250395714,-0.5845856163914651,-0.026895590229032207,-0.006764117776888012,-0.6180048491420513,-0.11150430601670003,0.0040615731370331545,0.026902339211677985,-0.03621600896512012,-0.11374149417141677,0.00406021960191617,0.030960994325258395,0.08288418333817443,-0.4979801838809661,-0.03589565872455647,-0.068658508533678,-0.013630064230486849,7.493861224
25.484949832775843,0.7145732502699383,0.9754393037262671,0.3503032579525905,3.550875660488785,1.09468135538634,4.0319845379373,2.259060885774344,0.9606824491256297,2.867149593790203,0.8243100554951215,0.024202474655692672,0.03862222447916237,1.0195648879831334,1,1,0.828420614,0.69125685,1,0.708821521,0.63838456,6,1,0.118288544,0.219112,1,0.249635736,0.64338269,1,0.148271098,0.88154458,4,4,1,0.9772751915,0.344055979,1,1,0.754618665,0.68985893,1,0.92086958,0.9789804,3,1,0.4925311695,0.032997413,1,0.80320391,0.004101,1,0.05353786,0.1268534,1,0.1727146,0.36727,1,0.4561613,0.247974,1,0.20598231,0.709211,1,0.57478598,0.2114866,1,0.70746493,0.7310762,1,0.783348675,0.7846366,1,0.973314149,0.58769631,1,0.98747636,0.9768005,2,1,0.767613157,0.85874833,-0.09928963926340206,-0.10266353020171404,0.46987344285858823,-0.5845269744625634,-0.026895930632882536,-0.006853182005233105,-0.6178959402967146,-0.1114772642184465,0.004061383905237373,0.026902592783374354,-0.03619574087836608,-0.11367690165868372,0.004060019443028395,0.030960996054712142,0.08290773019741576,-0.4978984784396012,-0.03587884106957273,-0.06868262994795693,-0.013577246955451261,7.493861224
25.585284280936378,0.7145380096205248,0.975492041846318,0.35028083832868184,3.5517534167569225,1.094584150149327,4.031745436144156,2.259094945156832,0.9606820809819373,2.86707280468024,0.8240914520379834,0.02420233694258978,0.038622060565691424,1.0195965102138826,1,1,0.828420614,0.69125685,1,0.708821521,0.63838456,6,1,0.118288544,0.219112,1,0.249635736,0.64338269,1,0.148271098,0.88154458,4,4,1,0.9772751915,0.344055979,1,1,0.754618665,0.68985893,1,0.92086958,0.9789804,3,1,0.4925311695,0.032997413,1,0.80320391,0.004101,1,0.05353786,0.1268534,1,0.1727146,0.36727,1,0.4561613,0.247974,1,0.20598231,0.709211,1,0.57478598,0.2114866,1,0.70746493,0.7310762,1,0.783348675,0.7846366,1,0.973314149,0.58769631,1,0.98747636,0.9768005,2,1,0.767613157,0.85874833,-0.09931883334382696,-0.1027716054251061,0.46989474169248063,-0.5844693666300482,-0.026896258143299545,-0.00694082257422779,-0.6177889402851826,-0.11145078684730203,0.004061192569039966,0.026902835049106278,-0.036175841999307845,-0.1136134039306092,0.004059817408226999,0.030960986322112652,0.08293084022643199,-0.4978182439302399,-0.03586234069272842,-0.06870639554719354,-0.013525169308630125,7.493861224
25.685618729096912,0.7145033103086763,0.9755440423321742,0.3502587776801005,3.5526177483777364,1.0944884755977025,4.031511244464242,2.2591290337933647,0.9606817274966728,2.8669980246561897,0.8238764917284671,0.024202198175339616,0.038621891698141,1.0196277943476766,1,1,0.828420614,0.69125685,1,0.708821521,0.63838456,6,1,0.118288544,0.219112,1,0.249635736,0.64338269,1,0.148271098,0.88154458,4,4,1,0.9772751915,0.344055979,1,1,0.754618665,0.68985893,1,0.92086958,0.9789804,3,1,0.4925311695,0.032997413,1,0.80320391,0.004101,1,0.05353786,0.1268534,1,0.1727146,0.36727,1,0.4561613,0.247974,1,0.20598231,0.709211,1,0.57478598,0.2114866,1,0.70746493,0.7310762,1,0.783348675,0.7846366,1,0.973314149,0.58769631,1,0.98747636,0.9768005,2,1,0.767613157,0.85874833,-0.09934757896905388,-0.10287799076185467,0.46991570513483616,-0.5844127742250897,-0.02689657261318923,-0.0070270598724955224,-0.6176838114653793,-0.11142489618103557,0.004060999191551194,0.026903066215037574,-0.0361563065855533,-0.11355097984964718,0.004059613530862706,0.030960965489750913,0.0829535200868165,-0.49773945751956283,-0.035846152857407554,-0.06872981018734026,-0.013473820058138686,7.493861224
25.785953177257447,0.7144691436146416,0.9755953162821719,0.35023707096748186,3.553468863140671,1.0943943041945718,4.031281875018302,2.2591631511415446,0.9606813889065194,2.866925223185943,0.8236651042236941,0.02420205840253632,0.038621717996646675,1.0196587456306172,1,1,0.828420614,0.69125685,1,0.708821521,0.63838456,6,1,0.118288544,0.219112,1,0.249635736,0.64338269,1,0.148271098,0.88154458,4,4,1,0.9772751915,0.344055979,1,1,0.754618665,0.68985893,1,0.92086958,0.9789804,3,1,0.4925311695,0.032997413,1,0.80320391,0.004101,1,0.05353786,0.1268534,1,0.1727146,0.36727,1,0.4561613,0.247974,1,0.20598231,0.709211,1,0.57478598,0.2114866,1,0.70746493,0.7310762,1,0.783348675,0.7846366,1,0.973314149,0.58769631,1,0.98747636,0.9768005,2,1,0.767613157,0.85874833,-0.09937588336270442,-0.10298271453372965,0.46993633921931893,-0.5843571788738373,-0.02689687383199213,-0.0071119135994204274,-0.6175805162531165,-0.11139961823377309,0.0040608038367635005,0.026903286481640226,-0.036137129078810115,-0.11348960833699234,0.0040594078417985485,0.030960933929453358,0.08297577627244679,-0.49766209726999855,-0.035830272986027034,-0.06875287852862755,-0.013423188244632067,7.493861224
25.88628762541798,0.7144355009816097,0.9756458745205229,0.3502157133299536,3.55430696489154,1.0943016088199427,4.031057241356157,2.259197296712738,0.9606810655223652,2.86685437102687,0.8234572194770887,0.024201917675055102,0.03862153957922245,1.0196893692403446,1,1,0.828420614,0.69125685,1,0.708821521,0.63838456,6,1,0.118288544,0.219112,1,0.249635736,0.64338269,1,0.148271098,0.88154458,4,4,1,0.9772751915,0.344055979,1,1,0.754618665,0.68985893,1,0.92086958,0.9789804,3,1,0.4925311695,0.032997413,1,0.80320391,0.004101,1,0.05353786,0.1268534,1,0.1727146,0.36727,1,0.4561613,0.247974,1,0.20598231,0.709211,1,0.57478598,0.2114866,1,0.70746493,0.7310762,1,0.783348675,0.7846366,1,0.973314149,0.58769631,1,0.98747636,0.9768005,2,1,0.767613157,0.85874833,-0.09940375361341736,-0.10308580473955309,0.4699566498882447,-0.5843025624874054,-0.026897161523133928,-0.0071954027566421,-0.6174790170769988,-0.1113749829489783,0.004060606569591285,0.026903496043697357,-0.036118304106352694,-0.1134292683506575,0.00405920036932754,0.030960892023272416,0.08299761510826764,-0.4975861421486476,-0.03581469666202064,-0.06877560503256558,-0.013373263179457195,7.493861224
25.986622073578516,0.7144023734286229,0.9756957308712578,0.35019469663432595,3.5551322794678515,1.094210365753244,4.030837258863745,2.2592314666917424,0.960680756163931,2.8667854114308406,0.8232528023253942,0.024201775985336807,0.038621356591353274,1.0197196695550301,1,1,0.828420614,0.69125685,1,0.708821521,0.63838456,6,1,0.118288544,0.219112,1,0.249635736,0.64338269,1,0.148271098,0.88154458,4,4,1,0.9772751915,0.344055979,1,1,0.754618665,0.68985893,1,0.92086958,0.9789804,3,1,0.4925311695,0.032997413,1,0.80320391,0.004101,1,0.05353786,0.1268534,1,0.1727146,0.36727,1,0.4561613,0.247974,1,0.20598231,0.709211,1,0.57478598,0.2114866,1,0.70746493,0.7310762,1,0.783348675,0.7846366,1,0.973314149,0.58769631,1,0.98747636,0.9768005,2,1,0.767613157,0.85874833,-0.09943119716120297,-0.10318728470249716,0.46997664233907516,-0.5842489091157856,-0.02689743673662215,-0.00727755913761885,-0.617379298388459,-0.11135086309641373,0.004060407417811329,0.02690369519599764,-0.03609982306310022,-0.11336995107312225,0.004058991206972959,0.03096083972120471,0.08301904534700244,-0.4975115533674246,-0.03579941649162599,-0.06879799835871564,-0.013324031211710552,7.493861224
26.08695652173905,0.7143697508412507,0.9757449061171276,0.35017400530145043,3.5559450860541717,1.0941205582841984,4.030621845263853,2.259265649846565,0.9606804562661115,2.866718225316686,0.8230518943303449,0.024201633193943552,0.03862116924176668,1.0197496492684197,1,1,0.828420614,0.69125685,1,0.708821521,0.63838456,6,1,0.118288544,0.219112,1,0.249635736,0.64338269,1,0.148271098,0.88154458,4,4,1,0.9772751915,0.344055979,1,1,0.754618665,0.68985893,1,0.92086958,0.9789804,3,1,0.4925311695,0.032997413,1,0.80320391,0.004101,1,0.05353786,0.1268534,1,0.1727146,0.36727,1,0.4561613,0.247974,1,0.20598231,0.709211,1,0.57478598,0.2114866,1,0.70746493,0.7310762,1,0.783348675,0.7846366,1,0.973314149,0.58769631,1,0.98747636,0.9768005,2,1,0.767613157,0.85874833,-0.09945822238506419,-0.10328716778977864,0.4699963202332327,-0.5841962071935674,-0.026897703533696027,-0.00735844364281224,-0.6172813932887005,-0.11132677927354573,0.004060206326027792,0.02690388446113348,-0.036081669977897135,-0.11331167465487371,0.004058780595501233,0.030960776006274907,0.08304008130970059,-0.49743825181516166,-0.035784418308313914,-0.06882007668199225,-0.013275471818916973,7.493861224
26.187290969899585,0.7143376262473625,0.9757934040256102,0.3501536416099054,3.556745527506448,1.0940321546993796,4.030410917296108,2.259299852387869,0.9606801693729892,2.8666528424524853,0.8228543597727673,0.024201489475203713,0.038620977586212704,1.0197793147828864,1,1,0.828420614,0.69125685,1,0.708821521,0.63838456,6,1,0.118288544,0.219112,1,0.249635736,0.64338269,1,0.148271098,0.88154458,4,4,1,0.9772751915,0.344055979,1,1,0.754618665,0.68985893,1,0.92086958,0.9789804,3,1,0.4925311695,0.032997413,1,0.80320391,0.004101,1,0.05353786,0.1268534,1,0.1727146,0.36727,1,0.4561613,0.247974,1,0.20598231,0.709211,1,0.57478598,0.2114866,1,0.70746493,0.7310762,1,0.783348675,0.7846366,1,0.973314149,0.58769631,1,0.98747636,0.9768005,2,1,0.767613157,0.85874833,-0.09948483506085748,-0.10338548943970638,0.47001569051950953,-0.5841444358710606,-0.02689795876144563,-0.007438047365029288,-0.6171852218762619,-0.1113030820736709,0.0040600034348816025,0.02690406381507028,-0.03606384657030948,-0.11325439472770277,0.004058568425433428,0.03096070214101368,0.08306072384838398,-0.49736625486076713,-0.0357697041843722,-0.06884183545090788,-0.013227581280780942,7.493861224
26.28762541806012,0.7143059914167416,0.9758412359898314,0.3501335996968114,3.5575338053627346,1.0939451308657848,4.0302043940466525,2.2593340724438957,0.9606798953317004,2.8665892244779236,0.8226601465451249,0.02420134485942449,0.038620781749814884,1.0198086706761245,1,1,0.828420614,0.69125685,1,0.708821521,0.63838456,6,1,0.118288544,0.219112,1,0.249635736,0.64338269,1,0.148271098,0.88154458,4,4,1,0.9772751915,0.344055979,1,1,0.754618665,0.68985893,1,0.92086958,0.9789804,3,1,0.4925311695,0.032997413,1,0.80320391,0.004101,1,0.05353786,0.1268534,1,0.1727146,0.36727,1,0.4561613,0.247974,1,0.20598231,0.709211,1,0.57478598,0.2114866,1,0.70746493,0.7310762,1,0.783348675,0.7846366,1,0.973314149,0.58769631,1,0.98747636,0.9768005,2,1,0.767613157,0.85874833,-0.09951104200666427,-0.10348227429381274,0.4700347584857361,-0.5840935790391066,-0.026898202555862283,-0.007516393222857243,-0.617090757279406,-0.11127973776315514,0.004059798794198578,0.026904233483027902,-0.03604634650372107,-0.11319809632219632,0.004058354748124925,0.0309606183324765,0.08308097990751334,-0.49729553578413177,-0.03575526878683721,-0.0688632805155927,-0.013180348346860216,7.493861224
26.387959866220655,0.7142748382323972,0.9758884133290657,0.35011387368719293,3.5583101189464412,1.0938594631468401,4.030002195854203,2.259368308053012,0.9606796339864128,2.8665273327543046,0.8224692045147741,0.024201199376100768,0.03862058185766766,1.0198377214364585,1,1,0.828420614,0.69125685,1,0.708821521,0.63838456,6,1,0.118288544,0.219112,1,0.249635736,0.64338269,1,0.148271098,0.88154458,4,4,1,0.9772751915,0.344055979,1,1,0.754618665,0.68985893,1,0.92086958,0.9789804,3,1,0.4925311695,0.032997413,1,0.80320391,0.004101,1,0.05353786,0.1268534,1,0.1727146,0.36727,1,0.4561613,0.247974,1,0.20598231,0.709211,1,0.57478598,0.2114866,1,0.70746493,0.7310762,1,0.783348675,0.7846366,1,0.973314149,0.58769631,1,0.98747636,0.9768005,2,1,0.767613157,0.85874833,-0.09953684994676681,-0.10357754648622908,0.47005352931096955,-0.5840436209326261,-0.026898435055578873,-0.007593504182166866,-0.6169979737005664,-0.11125670806307486,0.0040595924527022445,0.02690439369071184,-0.036029163434910194,-0.11314276510851987,0.004058139615911033,0.03096052477558424,0.08310085640810805,-0.49722606772521005,-0.03574110677047382,-0.0688844177689516,-0.013133761839638547,7.493861224
26.48829431438119,0.7142441586857523,0.9759349473000496,0.3500944576861919,3.5590746654847027,1.09377512839194,4.02980424427082,2.2594025571647753,0.9606793851766661,2.86646712830411,0.8222814855552688,0.02420105305383056,0.038620378034995614,1.0198664714651198,1,1,0.828420614,0.69125685,1,0.708821521,0.63838456,6,1,0.118288544,0.219112,1,0.249635736,0.64338269,1,0.148271098,0.88154458,4,4,1,0.9772751915,0.344055979,1,1,0.754618665,0.68985893,1,0.92086958,0.9789804,3,1,0.4925311695,0.032997413,1,0.80320391,0.004101,1,0.05353786,0.1268534,1,0.1727146,0.36727,1,0.4561613,0.247974,1,0.20598231,0.709211,1,0.57478598,0.2114866,1,0.70746493,0.7310762,1,0.783348675,0.7846366,1,0.973314149,0.58769631,1,0.98747636,0.9768005,2,1,0.767613157,0.85874833,-0.09956226551563563,-0.10367132964539871,0.47007200806778526,-0.583994546126019,-0.02689865640334488,-0.007669403286552745,-0.6169068464348952,-0.11123394987705293,0.004059384457943606,0.02690454466462025,-0.036012291005651176,-0.11308838740972099,0.0040579230822206155,0.030960421652540385,0.08312036025402347,-0.49715782363908256,-0.0357272127706999,-0.06890525315631779,-0.013087810643355069,7.493861224
26.588628762541724,0.7142139448718298,0.9759808491082936,0.35007534577128063,3.559827640226746,1.0936921039259875,4.02961046202268,2.259436817640993,0.9606791487357125,2.866408571750559,0.8220969435776649,0.02420090592023046,0.038620170407312665,1.0198949250785252,1,1,0.828420614,0.69125685,1,0.708821521,0.63838456,6,1,0.118288544,0.219112,1,0.249635736,0.64338269,1,0.148271098,0.88154458,4,4,1,0.9772751915,0.344055979,1,1,0.754618665,0.68985893,1,0.92086958,0.9789804,3,1,0.4925311695,0.032997413,1,0.80320391,0.004101,1,0.05353786,0.1268534,1,0.1727146,0.36727,1,0.4561613,0.247974,1,0.20598231,0.709211,1,0.57478598,0.2114866,1,0.70746493,0.7310762,1,0.783348675,0.7846366,1,0.973314149,0.58769631,1,0.98747636,0.9768005,2,1,0.767613157,0.85874833,-0.09958729526191668,-0.1037636468957388,0.470090199724569,-0.5839463395285533,-0.026898866747503636,-0.0077441136877720584,-0.6168173518888076,-0.11121141501968168,0.004059174856231008,0.026904686632350856,-0.03599572283431496,-0.11303495021503362,0.004057705201689764,0.030960309132248925,0.08313949833822909,-0.49709077625101816,-0.03571358139651193,-0.06892579268510207,-0.013042483692832896,7.493861224
26.68896321070226,0.7141841889844394,0.9760261299193963,0.3500565319844751,3.5605692365622557,1.0936103675389324,4.029420772970838,2.2594710872567836,0.9606789244888573,2.866351623257172,0.8219155345618253,0.024200758001851057,0.03861995910058126,1.0199230865105553,1,1,0.828420614,0.69125685,1,0.708821521,0.63838456,6,1,0.118288544,0.219112,1,0.249635736,0.64338269,1,0.148271098,0.88154458,4,4,1,0.9772751915,0.344055979,1,1,0.754618665,0.68985893,1,0.92086958,0.9789804,3,1,0.4925311695,0.032997413,1,0.80320391,0.004101,1,0.05353786,0.1268534,1,0.1727146,0.36727,1,0.4561613,0.247974,1,0.20598231,0.709211,1,0.57478598,0.2114866,1,0.70746493,0.7310762,1,0.783348675,0.7846366,1,0.973314149,0.58769631,1,0.98747636,0.9768005,2,1,0.767613157,0.85874833,-0.09961194565241871,-0.10385452085925229,0.4701081091478094,-0.5838989863797546,-0.026899066243468384,-0.007817658676184891,-0.6167294675985251,-0.11118904994553613,0.004058963692559911,0.026904819822907815,-0.03597945250747131,-0.1129824411931819,0.004057486030275427,0.030960187369732106,0.083158277549087,-0.4970248980115404,-0.03570020722341105,-0.06894604243443914,-0.012997769962307393,7.493861224
26.789297658862793,0.7141548833113649,0.9760708008703561,0.3500380103245482,3.5612996461397417,1.0935298974753114,4.029235102071999,2.259505363701637,0.9606787122517993,2.866296242467325,0.8217372165877238,0.024200609324092414,0.03861974424137162,1.0199509599148309,1,1,0.828420614,0.69125685,1,0.708821521,0.63838456,6,1,0.118288544,0.219112,1,0.249635736,0.64338269,1,0.148271098,0.88154458,4,4,1,0.9772751915,0.344055979,1,1,0.754618665,0.68985893,1,0.92086958,0.9789804,3,1,0.4925311695,0.032997413,1,0.80320391,0.004101,1,0.05353786,0.1268534,1,0.1727146,0.36727,1,0.4561613,0.247974,1,0.20598231,0.709211,1,0.57478598,0.2114866,1,0.70746493,0.7310762,1,0.783348675,0.7846366,1,0.973314149,0.58769631,1,0.98747636,0.9768005,2,1,0.767613157,0.85874833,-0.09963622307610076,-0.10394397365709251,0.47012574110438954,-0.5838524722447955,-0.02689925505519808,-0.007890061711192997,-0.6166431722486205,-0.11116679547874275,0.00405875101054274,0.02690494446700859,-0.0359634735714896,-0.11293084870568393,0.004057265625369084,0.03096005650554881,0.08317670477662986,-0.4969601610514871,-0.03568708478632676,-0.06896600856482915,-0.012953658454255779,7.493861224
26.889632107023328,0.7141260212792083,0.9761148673908692,0.3500197796629807,3.562019014619859,1.093450671315289,4.029053380771306,2.259539646279514,0.9606785115860731,2.8662424310116053,0.8215619034227359,0.024200459912684515,0.0386195259125713,1.0199785493103646,1,1,0.828420614,0.69125685,1,0.708821521,0.63838456,6,1,0.118288544,0.219112,1,0.249635736,0.64338269,1,0.148271098,0.88154458,4,4,1,0.9772751915,0.344055979,1,1,0.754618665,0.68985893,1,0.92086958,0.9789804,3,1,0.4925311695,0.032997413,1,0.80320391,0.004101,1,0.05353786,0.1268534,1,0.1727146,0.36727,1,0.4561613,0.247974,1,0.20598231,0.709211,1,0.57478598,0.2114866,1,0.70746493,0.7310762,1,0.783348675,0.7846366,1,0.973314149,0.58769631,1,0.98747636,0.9768005,2,1,0.767613157,0.85874833,-0.09966013297850118,-0.10403203222731627,0.4701431005067644,-0.5838067812376595,-0.026899433572763365,-0.007961327204291102,-0.6165584173154439,-0.11114481412414001,0.004058536862666176,0.026905060642709613,-0.03594778494219919,-0.1128801449541166,0.004057044014561249,0.030959916815425634,0.08319478328897373,-0.49689656705536533,-0.03567421298537865,-0.06898569074954025,-0.012910143806981744,7.493861224
26.989966555183862,0.7140975984374928,0.9761583238538964,0.3500018483749854,3.5627273999960503,1.0933726649198474,4.028875552080782,2.259573937510622,0.9606783215685459,2.8661902725518362,0.821389420796559,0.02420030979507718,0.03861930411166701,1.0200058585304879,1,1,0.828420614,0.69125685,1,0.708821521,0.63838456,6,1,0.118288544,0.219112,1,0.249635736,0.64338269,1,0.148271098,0.88154458,4,4,1,0.9772751915,0.344055979,1,1,0.754618665,0.68985893,1,0.92086958,0.9789804,3,1,0.4925311695,0.032997413,1,0.80320391,0.004101,1,0.05353786,0.1268534,1,0.1727146,0.36727,1,0.4561613,0.247974,1,0.20598231,0.709211,1,0.57478598,0.2114866,1,0.70746493,0.7310762,1,0.783348675,0.7846366,1,0.973314149,0.58769631,1,0.98747636,0.9768005,2,1,0.767613157,0.85874833,-0.09968367904648678,-0.10411873335120403,0.4701601926440824,-0.5837618943462146,-0.02689960261740776,-0.008031422415928802,-0.616475100352555,-0.11112370434747376,0.004058321319950889,0.026905168130007893,-0.03593239600101672,-0.11283027010338675,0.004056821166220399,0.030959768851175296,0.08321250931878532,-0.49683417540338404,-0.03566159923627232,-0.06900507598740041,-0.012867231577053051,7.493861224
27.090301003344397,0.7140696054739334,0.9762011914239165,0.3499842015903034,3.563425067727484,1.0932958597915077,4.02870153441877,2.25960823183438,0.9606781424049655,2.8661396496573115,0.8212198152716074,0.0242001589899485,0.03861907904648072,1.0200328916016856,1,1,0.828420614,0.69125685,1,0.708821521,0.63838456,6,1,0.118288544,0.219112,1,0.249635736,0.64338269,1,0.148271098,0.88154458,4,4,1,0.9772751915,0.344055979,1,1,0.754618665,0.68985893,1,0.92086958,0.9789804,3,1,0.4925311695,0.032997413,1,0.80320391,0.004101,1,0.05353786,0.1268534,1,0.1727146,0.36727,1,0.4561613,0.247974,1,0.20598231,0.709211,1,0.57478598,0.2114866,1,0.70746493,0.7310762,1,0.783348675,0.7846366,1,0.973314149,0.58769631,1,0.98747636,0.9768005,2,1,0.767613157,0.85874833,-0.0997068689945464,-0.1042040882929347,0.47017702156936314,-0.58371780121273,-0.026899762006092454,-0.008100405475446548,-0.6163932536955228,-0.11110298687148923,0.004058104403206357,0.02690526743971579,-0.03591729055804144,-0.11278124444925688,0.004056597198069181,0.030959612441262233,0.08322989620709859,-0.4967729041786648,-0.03564923011916887,-0.06902418235531649,-0.012824900865047617,7.493861224
27.19063545150493,0.7140420355032153,0.9762434785309201,0.3499668353982218,3.5641121825849997,1.0932202353614275,4.028531259315312,2.2596425274163088,0.9606779737405069,2.86609053952845,0.8210530315561053,0.024200007517994986,0.03861885082646886,1.0200596523523944,1,1,0.828420614,0.69125685,1,0.708821521,0.63838456,6,1,0.118288544,0.219112,1,0.249635736,0.64338269,1,0.148271098,0.88154458,4,4,1,0.9772751915,0.344055979,1,1,0.754618665,0.68985893,1,0.92086958,0.9789804,3,1,0.4925311695,0.032997413,1,0.80320391,0.004101,1,0.05353786,0.1268534,1,0.1727146,0.36727,1,0.4561613,0.247974,1,0.20598231,0.709211,1,0.57478598,0.2114866,1,0.70746493,0.7310762,1,0.783348675,0.7846366,1,0.973314149,0.58769631,1,0.98747636,0.9768005,2,1,0.767613157,0.85874833,-0.09972970852661656,-0.10428811973357643,0.47019359178948683,-0.583674487815224,-0.02689991205447928,-0.008168291670215266,-0.6163128473147252,-0.11108268570054447,0.004057886154721926,0.026905358738947865,-0.03590246449127138,-0.112733051237256,0.004056372159466994,0.030959447733987483,0.083246949187322,-0.4967127380108072,-0.03563710203437753,-0.06904301330841145,-0.012783143346548842,7.493861224
27.290969899665466,0.7140148817677474,0.9762851933194522,0.34994974607705365,3.564788905746435,1.0931457714019912,4.02836465949914,2.25967682243519,0.9606778151890627,2.866042920887997,0.8208890140567398,0.024199855398425996,0.03861861956004331,1.020086144539063,1,1,0.828420614,0.69125685,1,0.708821521,0.63838456,6,1,0.118288544,0.219112,1,0.249635736,0.64338269,1,0.148271098,0.88154458,4,4,1,0.9772751915,0.344055979,1,1,0.754618665,0.68985893,1,0.92086958,0.9789804,3,1,0.4925311695,0.032997413,1,0.80320391,0.004101,1,0.05353786,0.1268534,1,0.1727146,0.36727,1,0.4561613,0.247974,1,0.20598231,0.709211,1,0.57478598,0.2114866,1,0.70746493,0.7310762,1,0.783348675,0.7846366,1,0.973314149,0.58769631,1,0.98747636,0.9768005,2,1,0.767613157,0.85874833,-0.09975220324082534,-0.10437085015838665,0.4702099077365669,-0.5836319403364449,-0.026900053106059696,-0.008235095548684068,-0.61623385085869,-0.11106283044289533,0.004057666615621756,0.02690544218955302,-0.035887913894940726,-0.11268567354323245,0.004056146100049516,0.03095927486855342,0.08326367332598872,-0.4966536626329632,-0.035625211549327185,-0.06906157206922325,-0.012741950979010985,7.493861224
27.391304347826,0.7139881376357068,0.9763263436444386,0.3499329300997525,3.5654553947942405,1.093072448013331,4.028201668873228,2.259711115088752,0.9606776663309228,2.8659967740364465,0.8207277067835524,0.02419970264888347,0.03861838535460964,1.0201123718482752,1,1,0.828420614,0.69125685,1,0.708821521,0.63838456,6,1,0.118288544,0.219112,1,0.249635736,0.64338269,1,0.148271098,0.88154458,4,4,1,0.9772751915,0.344055979,1,1,0.754618665,0.68985893,1,0.92086958,0.9789804,3,1,0.4925311695,0.032997413,1,0.80320391,0.004101,1,0.05353786,0.1268534,1,0.1727146,0.36727,1,0.4561613,0.247974,1,0.20598231,0.709211,1,0.57478598,0.2114866,1,0.70746493,0.7310762,1,0.783348675,0.7846366,1,0.973314149,0.58769631,1,0.98747636,0.9768005,2,1,0.767613157,0.85874833,-0.09977435863111128,-0.10445230187316656,0.470225973770903,-0.583590145154395,-0.0269001855342188,-0.008300830898433142,-0.6161562335954098,-0.1110434566677081,0.004057445825822813,0.026905517948000855,-0.03587363508586955,-0.11263909424075202,0.004055919069757063,0.030959093974892243,0.08328007351915662,-0.49659566491833806,-0.03561355540350075,-0.06907986161944973,-0.012701316005880536,7.493861224
27.491638795986535,0.7139617965990822,0.9763669370670107,0.3499163841395272,3.566111803713093,1.0930002456098489,4.028042222490352,2.2597454035993563,0.9606775267104529,2.8659520809074626,0.8205690532548325,0.02419954928536162,0.03861814831660534,1.0201383378988738,1,1,0.828420614,0.69125685,1,0.708821521,0.63838456,6,1,0.118288544,0.219112,1,0.249635736,0.64338269,1,0.148271098,0.88154458,4,4,1,0.9772751915,0.344055979,1,1,0.754618665,0.68985893,1,0.92086958,0.9789804,3,1,0.4925311695,0.032997413,1,0.80320391,0.004101,1,0.05353786,0.1268534,1,0.1727146,0.36727,1,0.4561613,0.247974,1,0.20598231,0.709211,1,0.57478598,0.2114866,1,0.70746493,0.7310762,1,0.783348675,0.7846366,1,0.973314149,0.58769631,1,0.98747636,0.9768005,2,1,0.767613157,0.85874833,-0.09979618008884528,-0.10453249702059475,0.47024179418393475,-0.5835490888328552,-0.02690030974430102,-0.008365510724223979,-0.6160799643536543,-0.11102460626267785,0.004057223823992796,0.02690558616526806,-0.035859624609811125,-0.11259329596849552,0.00405569111886298,0.030958905173494436,0.08329615448880445,-0.49653873291667994,-0.03560213051337213,-0.06909788469168904,-0.012661230960719139,7.493861224
27.59197324414707,0.713935852271718,0.9764069808503317,0.3499001050754567,3.56675828288751,1.09292914490674,4.027886256528635,2.25977968621968,0.9606773958337752,2.8659088251233027,0.8204129964020088,0.024199395322126616,0.03861790855153801,1.0201640462440846,1,1,0.828420614,0.69125685,1,0.708821521,0.63838456,6,1,0.118288544,0.219112,1,0.249635736,0.64338269,1,0.148271098,0.88154458,4,4,1,0.9772751915,0.344055979,1,1,0.754618665,0.68985893,1,0.92086958,0.9789804,3,1,0.4925311695,0.032997413,1,0.80320391,0.004101,1,0.05353786,0.1268534,1,0.1727146,0.36727,1,0.4561613,0.247974,1,0.20598231,0.709211,1,0.57478598,0.2114866,1,0.70746493,0.7310762,1,0.783348675,0.7846366,1,0.973314149,0.58769631,1,0.98747636,0.9768005,2,1,0.767613157,0.85874833,-0.0998176729044501,-0.10461145759654078,0.4702573732011944,-0.5835087581119061,-0.02690042617567323,-0.008429147226051814,-0.616005011464285,-0.1110063277922202,0.004057000647507997,0.026905646986724697,-0.03584587924780036,-0.11254826109765612,0.00405546229800202,0.030958708575237692,0.08331192077923216,-0.49648285589078056,-0.035590933977343586,-0.06911564376117713,-0.012621688671324627,7.493861224
27.692307692307605,0.713910298387358,0.9764464819554226,0.3498840899981046,3.567394979099459,1.0928591269065135,4.027733708267107,2.2598139612384056,0.9606772731664467,2.8658669920502393,0.8202594784745417,0.02419924077163631,0.038617666164023644,1.0201895003736403,1,1,0.828420614,0.69125685,1,0.708821521,0.63838456,6,1,0.118288544,0.219112,1,0.249635736,0.64338269,1,0.148271098,0.88154458,4,4,1,0.9772751915,0.344055979,1,1,0.754618665,0.68985893,1,0.92086958,0.9789804,3,1,0.4925311695,0.032997413,1,0.80320391,0.004101,1,0.05353786,0.1268534,1,0.1727146,0.36727,1,0.4561613,0.247974,1,0.20598231,0.709211,1,0.57478598,0.2114866,1,0.70746493,0.7310762,1,0.783348675,0.7846366,1,0.973314149,0.58769631,1,0.98747636,0.9768005,2,1,0.767613157,0.85874833,-0.09983884226902173,-0.10468920546635341,0.47027271498525997,-0.5834691398984486,-0.026900535303790107,-0.008491751777196521,-0.6159313427015611,-0.11098867685622382,0.004056776332411284,0.0269057005520206,-0.03583239602250243,-0.11250397169933718,0.004055232658198743,0.030958504281216062,0.08332737675345775,-0.49642802435296773,-0.03557996308068012,-0.06913314103752649,-0.012582682263853506,7.493861224
27.79264214046814,0.713885128041747,0.9764854540931915,0.3498683298402984,3.5680220824293687,1.0927901750469589,4.027584514862075,2.25984822557165,0.9606771591122311,2.865826514009593,0.8201085011447803,0.024199085677986922,0.0386174211639387,1.0202147037570883,1,1,0.828420614,0.69125685,1,0.708821521,0.63838456,6,1,0.118288544,0.219112,1,0.249635736,0.64338269,1,0.148271098,0.88154458,4,4,1,0.9772751915,0.344055979,1,1,0.754618665,0.68985893,1,0.92086958,0.9789804,3,1,0.4925311695,0.032997413,1,0.80320391,0.004101,1,0.05353786,0.1268534,1,0.1727146,0.36727,1,0.4561613,0.247974,1,0.20598231,0.709211,1,0.57478598,0.2114866,1,0.70746493,0.7310762,1,0.783348675,0.7846366,1,0.973314149,0.58769631,1,0.98747636,0.9768005,2,1,0.767613157,0.85874833,-0.09985969390218741,-0.10476575333503246,0.47028782316511075,-0.5834302237043649,-0.026900636769452868,-0.008553359822148776,-0.6158589657837972,-0.11097142953769845,0.004056550930535793,0.026905747073175064,-0.0358191652341337,-0.11246043124827798,0.004055002197767308,0.03095829267826844,0.08334253094451877,-0.4963741910067083,-0.0355692098052941,-0.06915038718777272,-0.012544198199108014,7.493861224
27.892976588628674,0.713860333159946,0.9765239226742479,0.34985280490712906,3.5686398591834605,1.0927222767051652,4.027438612480774,2.259882473775744,0.9606770556995774,2.8657872318282553,0.8199601676777678,0.024198930140371222,0.03861717340054324,1.0202396598748287,1,1,0.828420614,0.69125685,1,0.708821521,0.63838456,6,1,0.118288544,0.219112,1,0.249635736,0.64338269,1,0.148271098,0.88154458,4,4,1,0.9772751915,0.344055979,1,1,0.754618665,0.68985893,1,0.92086958,0.9789804,3,1,0.4925311695,0.032997413,1,0.80320391,0.004101,1,0.05353786,0.1268534,1,0.1727146,0.36727,1,0.4561613,0.247974,1,0.20598231,0.709211,1,0.57478598,0.2114866,1,0.70746493,0.7310762,1,0.783348675,0.7846366,1,0.973314149,0.58769631,1,0.98747636,0.9768005,2,1,0.767613157,0.85874833,-0.099880234493393,-0.1048410983954503,0.47030270050657785,-0.583392003356092,-0.026900728768099125,-0.008614048350293224,-0.6157879567903879,-0.11095388117029259,0.004056324521514547,0.026905786889342184,-0.03580616557304522,-0.11241767985079185,0.004054770825037607,0.030958074646326064,0.08335739910934059,-0.4963212433355362,-0.03555865697666738,-0.06916740745746547,-0.012506211384712085,7.493861224
27.99331103678921,0.7138359090608937,0.9765618821794141,0.3498375233908469,3.5692483685560497,1.0926554101271335,4.027295943520926,2.2599167065961625,0.9606769606526963,2.8657492261996085,0.8198143191785392,0.024198774110467433,0.038616923129668815,1.0202643719714513,1,1,0.828420614,0.69125685,1,0.708821521,0.63838456,6,1,0.118288544,0.219112,1,0.249635736,0.64338269,1,0.148271098,0.88154458,4,4,1,0.9772751915,0.344055979,1,1,0.754618665,0.68985893,1,0.92086958,0.9789804,3,1,0.4925311695,0.032997413,1,0.80320391,0.004101,1,0.05353786,0.1268534,1,0.1727146,0.36727,1,0.4561613,0.247974,1,0.20598231,0.709211,1,0.57478598,0.2114866,1,0.70746493,0.7310762,1,0.783348675,0.7846366,1,0.973314149,0.58769631,1,0.98747636,0.9768005,2,1,0.767613157,0.85874833,-0.09990046792052631,-0.10491527700172065,0.47031735177622347,-0.5833544621989128,-0.026900813324331696,-0.008673785337297568,-0.6157182150911549,-0.11093657998674678,0.004056097109042769,0.02690581999430056,-0.03579340623321653,-0.1123756629067583,0.004054538679325745,0.0309578497720307,0.08337197791791906,-0.49626923980506543,-0.035548311464064675,-0.06918418891848827,-0.012468727270723234,7.493861224
28.093645484949743,0.713811849597731,0.9765993414990269,0.3498224804115071,3.5698477640304036,1.092589558303831,4.027156448880342,2.2599509218851708,0.960676873693775,2.86571246530652,0.8196709213445915,0.024198617607804864,0.03861667041044058,1.0202888433225117,1,1,0.828420614,0.69125685,1,0.708821521,0.63838456,6,1,0.118288544,0.219112,1,0.249635736,0.64338269,1,0.148271098,0.88154458,4,4,1,0.9772751915,0.344055979,1,1,0.754618665,0.68985893,1,0.92086958,0.9789804,3,1,0.4925311695,0.032997413,1,0.80320391,0.004101,1,0.05353786,0.1268534,1,0.1727146,0.36727,1,0.4561613,0.247974,1,0.20598231,0.709211,1,0.57478598,0.2114866,1,0.70746493,0.7310762,1,0.783348675,0.7846366,1,0.973314149,0.58769631,1,0.98747636,0.9768005,2,1,0.767613157,0.85874833,-0.09992039927577201,-0.10498830656207814,0.47033178070093096,-0.5833175888158875,-0.026900890685300105,-0.008732589859357764,-0.615649723923728,-0.11091948384137273,0.004055868731143934,0.026905846538889645,-0.035780882126338676,-0.11233437075560529,0.004054305789556435,0.03095761824877781,0.08338627293451256,-0.49621815867399444,-0.03553816887337291,-0.06920073656888259,-0.012431737078143823,7.493861224
28.193979933110278,0.7137881486942972,0.976636309568379,0.3498076709962856,3.570438197921246,1.092524704558865,4.027020070372968,2.259985117485714,0.9606767945439957,2.865676916492936,0.819529941855247,0.024198460651451387,0.03861641529638719,1.0203130771528381,1,1,0.828420614,0.69125685,1,0.708821521,0.63838456,6,1,0.118288544,0.219112,1,0.249635736,0.64338269,1,0.148271098,0.88154458,4,4,1,0.9772751915,0.344055979,1,1,0.754618665,0.68985893,1,0.92086958,0.9789804,3,1,0.4925311695,0.032997413,1,0.80320391,0.004101,1,0.05353786,0.1268534,1,0.1727146,0.36727,1,0.4561613,0.247974,1,0.20598231,0.709211,1,0.57478598,0.2114866,1,0.70746493,0.7310762,1,0.783348675,0.7846366,1,0.973314149,0.58769631,1,0.98747636,0.9768005,2,1,0.767613157,0.85874833,-0.09994003359274706,-0.10506020395844529,0.4703459909346979,-0.5832813720372958,-0.02690096109904816,-0.008790481355744006,-0.6155824677908046,-0.11090254441450176,0.004055639425192874,0.026905866671730547,-0.03576858807397787,-0.11229379440717396,0.004054072182415,0.03095738027472239,0.0834002897511899,-0.4961679775943002,-0.03552822473546102,-0.06921705555483265,-0.012395231983583832,7.493861224
28.294314381270812,0.7137648003412254,0.9766727953817149,0.34979309006867804,3.571019821493149,1.0924608325405736,4.026886750701351,2.2600192912334593,0.9606767229237414,2.8656425461780737,0.8193913504315663,0.02419830326001947,0.03861615783523717,1.0203370766387627,1,1,0.828420614,0.69125685,1,0.708821521,0.63838456,6,1,0.118288544,0.219112,1,0.249635736,0.64338269,1,0.148271098,0.88154458,4,4,1,0.9772751915,0.344055979,1,1,0.754618665,0.68985893,1,0.92086958,0.9789804,3,1,0.4925311695,0.032997413,1,0.80320391,0.004101,1,0.05353786,0.1268534,1,0.1727146,0.36727,1,0.4561613,0.247974,1,0.20598231,0.709211,1,0.57478598,0.2114866,1,0.70746493,0.7310762,1,0.783348675,0.7846366,1,0.973314149,0.58769631,1,0.98747636,0.9768005,2,1,0.767613157,0.85874833,-0.09995937584973469,-0.10513098553872025,0.4703599860603698,-0.5832458009374706,-0.026901024814330654,-0.008847479671023839,-0.6155164325059119,-0.11088570682977927,0.004055409227917889,0.02690588053931277,-0.035756518795973524,-0.11225392556508917,0.004053837882238872,0.030957136053368015,0.08341403399544434,-0.4961186735470615,-0.03551847449696566,-0.06923315118485002,-0.012359203105439254,7.493861224
28.394648829431347,0.7137417985920413,0.9767088080062276,0.3497787324376982,3.57159278507893,1.0923979262141104,4.026756433429104,2.2600534409588415,0.9606766585528019,2.8656093197706136,0.8192551188962632,0.0241981454516722,0.03861589806871546,1.0203608449103496,1,1,0.828420614,0.69125685,1,0.708821521,0.63838456,6,1,0.118288544,0.219112,1,0.249635736,0.64338269,1,0.148271098,0.88154458,4,4,1,0.9772751915,0.344055979,1,1,0.754618665,0.68985893,1,0.92086958,0.9789804,3,1,0.4925311695,0.032997413,1,0.80320391,0.004101,1,0.05353786,0.1268534,1,0.1727146,0.36727,1,0.4561613,0.247974,1,0.20598231,0.709211,1,0.57478598,0.2114866,1,0.70746493,0.7310762,1,0.783348675,0.7846366,1,0.973314149,0.58769631,1,0.98747636,0.9768005,2,1,0.767613157,0.85874833,-0.09997843097291681,-0.10520066710903042,0.47037376959137384,-0.5832108648316277,-0.02690108208042985,-0.00890360509728505,-0.6154516052391594,-0.1108689092717241,0.0040551781754028515,0.026905888286080995,-0.035744668898837484,-0.112214756650131,0.004053602910909124,0.030956885794155925,0.0834275113378053,-0.49607022277827895,-0.03550891351107621,-0.06924902894395657,-0.012323641490071369,7.493861224
28.49498327759188,0.7137191375592593,0.9767443565960543,0.3497645927870772,3.5721572381980464,1.0923359698535353,4.02662906295337,2.2600875644891056,0.9606766011505794,2.8655772015828878,0.8191212212336179,0.024197987244129356,0.03861563603233979,1.0203843850536267,1,1,0.828420614,0.69125685,1,0.708821521,0.63838456,6,1,0.118288544,0.219112,1,0.249635736,0.64338269,1,0.148271098,0.88154458,4,4,1,0.9772751915,0.344055979,1,1,0.754618665,0.68985893,1,0.92086958,0.9789804,3,1,0.4925311695,0.032997413,1,0.80320391,0.004101,1,0.05353786,0.1268534,1,0.1727146,0.36727,1,0.4561613,0.247974,1,0.20598231,0.709211,1,0.57478598,0.2114866,1,0.70746493,0.7310762,1,0.783348675,0.7846366,1,0.973314149,0.58769631,1,0.98747636,0.9768005,2,1,0.767613157,0.85874833,-0.09999720383960797,-0.10526926392595448,0.47038734497345214,-0.5831765532726965,-0.02690113314697329,-0.00895887841635834,-0.6153879745629998,-0.11085208260355373,0.004054946303089398,0.026905890054521757,-0.03573303286415169,-0.1121762808236054,0.004053367287741978,0.03095662971305413,0.08344072749945086,-0.49602260073469595,-0.03549953702832187,-0.06926469450786527,-0.012288538097986246,7.493861224
28.595317725752416,0.7136968114104804,0.976779450406273,0.3497506656644622,3.572713329674989,1.0922749480339016,4.0265045844772915,2.2601216596503493,0.9606765504362945,2.8655461547450765,0.8189896336493906,0.02419782865467341,0.0386153717552172,1.0204077001128136,1,1,0.828420614,0.69125685,1,0.708821521,0.63838456,6,1,0.118288544,0.219112,1,0.249635736,0.64338269,1,0.148271098,0.88154458,4,4,1,0.9772751915,0.344055979,1,1,0.754618665,0.68985893,1,0.92086958,0.9789804,3,1,0.4925311695,0.032997413,1,0.80320391,0.004101,1,0.05353786,0.1268534,1,0.1727146,0.36727,1,0.4561613,0.247974,1,0.20598231,0.709211,1,0.57478598,0.2114866,1,0.70746493,0.7310762,1,0.783348675,0.7846366,1,0.973314149,0.58769631,1,0.98747636,0.9768005,2,1,0.767613157,0.85874833,-0.10001569928148768,-0.10533679068870994,0.47040071558639573,-0.5831428560481484,-0.026901178263749492,-0.009013320942040881,-0.6153255304979859,-0.11083514998527022,0.004054713645778973,0.026905885985250146,-0.03572160503696831,-0.11213849201071557,0.004053131029380349,0.030956368033146622,0.08345368825982147,-0.4959757819996242,-0.03549034018735553,-0.06928015375715746,-0.01225388379001291,7.493861224
28.69565217391295,0.7136748160796123,0.9768140886533113,0.3497369545790832,3.5732611392529168,1.0922148435527417,4.0263829496933585,2.260155726468488,0.9606765065419728,2.8655162126821994,0.8188602598442388,0.024197669707922583,0.038615105404576,1.0204307929845624,1,1,0.828420614,0.69125685,1,0.708821521,0.63838456,6,1,0.118288544,0.219112,1,0.249635736,0.64338269,1,0.148271098,0.88154458,4,4,1,0.9772751915,0.344055979,1,1,0.754618665,0.68985893,1,0.92086958,0.9789804,3,1,0.4925311695,0.032997413,1,0.80320391,0.004101,1,0.05353786,0.1268534,1,0.1727146,0.36727,1,0.4561613,0.247974,1,0.20598231,0.709211,1,0.57478598,0.2114866,1,0.70746493,0.7310762,1,0.783348675,0.7846366,1,0.973314149,0.58769631,1,0.98747636,0.9768005,2,1,0.767613157,0.85874833,-0.10003392066699057,-0.1054032742110248,0.47041388519947164,-0.583109760285434,-0.026901217313305192,-0.009066918956398773,-0.6152642144956064,-0.11081839429305385,0.0040544802354908135,0.026905876123670167,-0.035710388726881204,-0.11210135781471925,0.004052894198160644,0.030956100815595966,0.08346639316304988,-0.4959297909909657,-0.0354813258748069,-0.0692954006520014,-0.01221967933991075,7.493861224
28.795986622073485,0.7136531500951886,0.9768482556021647,0.34972347641061263,3.573800644471804,1.0921556364174465,4.026264119526947,2.2601897682382686,0.9606764702129412,2.865487513752403,0.8187328947853201,0.024197510439605625,0.038614837355791645,1.0204536663677866,1,1,0.828420614,0.69125685,1,0.708821521,0.63838456,6,1,0.118288544,0.219112,1,0.249635736,0.64338269,1,0.148271098,0.88154458,4,4,1,0.9772751915,0.344055979,1,1,0.754618665,0.68985893,1,0.92086958,0.9789804,3,1,0.4925311695,0.032997413,1,0.80320391,0.004101,1,0.05353786,0.1268534,1,0.1727146,0.36727,1,0.4561613,0.247974,1,0.20598231,0.709211,1,0.57478598,0.2114866,1,0.70746493,0.7310762,1,0.783348675,0.7846366,1,0.973314149,0.58769631,1,0.98747636,0.9768005,2,1,0.767613157,0.85874833,-0.10005186921510978,-0.10546875958623636,0.47042685819330043,-0.5830772490451237,-0.026901249632577562,-0.009119606475091357,-0.615203895192244,-0.11080263636411614,0.004054246100423632,0.026905860374756146,-0.03569940061812754,-0.1120648063862198,0.004052656925525843,0.030955827877987785,0.08347883246808135,-0.4958847265281514,-0.035472508534337366,-0.06931041135684918,-0.012185940285624697,7.493861224
28.89632107023402,0.7136318051590685,0.976881976331691,0.349710211385601,3.5743320969326504,1.0920973152066127,4.0261480327514425,2.2602237794514908,0.9606764405415418,2.8654599082242243,0.8186076354037854,0.024197350853920815,0.03861456739746939,1.0204763233588465,1,1,0.828420614,0.69125685,1,0.708821521,0.63838456,6,1,0.118288544,0.219112,1,0.249635736,0.64338269,1,0.148271098,0.88154458,4,4,1,0.9772751915,0.344055979,1,1,0.754618665,0.68985893,1,0.92086958,0.9789804,3,1,0.4925311695,0.032997413,1,0.80320391,0.004101,1,0.05353786,0.1268534,1,0.1727146,0.36727,1,0.4561613,0.247974,1,0.20598231,0.709211,1,0.57478598,0.2114866,1,0.70746493,0.7310762,1,0.783348675,0.7846366,1,0.973314149,0.58769631,1,0.98747636,0.9768005,2,1,0.767613157,0.85874833,-0.10006955180019605,-0.10553324054372704,0.47043963707044867,-0.5830453171942516,-0.026901276029043353,-0.009171460794525244,-0.6151446433403285,-0.11078721498554822,0.004054011276731127,0.02690583901610528,-0.03568862072212692,-0.11202887529776426,0.0040524191457489075,0.030955549726264797,0.08349102175480227,-0.49584048304293016,-0.035463870949974274,-0.06932521090931926,-0.012152641862375524,7.493861224
28.996655518394554,0.7136107763544454,0.976915256293762,0.3496971572988447,3.574855614535923,1.0920398647336866,4.026034639963559,2.2602577588915014,0.9606764174250462,2.865433384278452,0.8184844353730253,0.02419719096978703,0.038614295593001814,1.0204987668107983,1,1,0.828420614,0.69125685,1,0.708821521,0.63838456,6,1,0.118288544,0.219112,1,0.249635736,0.64338269,1,0.148271098,0.88154458,4,4,1,0.9772751915,0.344055979,1,1,0.754618665,0.68985893,1,0.92086958,0.9789804,3,1,0.4925311695,0.032997413,1,0.80320391,0.004101,1,0.05353786,0.1268534,1,0.1727146,0.36727,1,0.4561613,0.247974,1,0.20598231,0.709211,1,0.57478598,0.2114866,1,0.70746493,0.7310762,1,0.783348675,0.7846366,1,0.973314149,0.58769631,1,0.98747636,0.9768005,2,1,0.767613157,0.85874833,-0.10008697249543375,-0.10559673492829214,0.4704522251584724,-0.5830139541879722,-0.02690129659409246,-0.009222490535063743,-0.6150864337775586,-0.11077217635086845,0.004053775795757483,0.026905812141749245,-0.03567804662309321,-0.1119935501579182,0.004052180884447986,0.030955266545325516,0.08350296441417782,-0.4957970527552975,-0.0354554110896137,-0.06933980095520448,-0.012119778686568772,7.493861224
29.09698996655509,0.7135900588849833,0.9769481006085655,0.3496843122059215,3.5753713116880914,1.0919832699710528,4.025923892711022,2.2602917054595646,0.9606764007820068,2.8654079320270607,0.8183632471855281,0.0241970308061005,0.0386140220055175,1.020520999540694,1,1,0.828420614,0.69125685,1,0.708821521,0.63838456,6,1,0.118288544,0.219112,1,0.249635736,0.64338269,1,0.148271098,0.88154458,4,4,1,0.9772751915,0.344055979,1,1,0.754618665,0.68985893,1,0.92086958,0.9789804,3,1,0.4925311695,0.032997413,1,0.80320391,0.004101,1,0.05353786,0.1268534,1,0.1727146,0.36727,1,0.4561613,0.247974,1,0.20598231,0.709211,1,0.57478598,0.2114866,1,0.70746493,0.7310762,1,0.783348675,0.7846366,1,0.973314149,0.58769631,1,0.98747636,0.9768005,2,1,0.767613157,0.85874833,-0.10010413527420603,-0.10565926062173603,0.4704646257501026,-0.5829831495567559,-0.026901311400182815,-0.009272703297649176,-0.6150292405403892,-0.11075757529960262,0.004053539688111216,0.026905779839664676,-0.03566767616178307,-0.1119588161140865,0.0040519421664251196,0.030954978521753343,0.08351466362158827,-0.4957544292136704,-0.035447127152725244,-0.06935418281539396,-0.012087345702139873,7.493861224
29.197324414715624,0.713569648075105,0.9769805140538008,0.34967167443463837,3.575879299252691,1.091927516037065,4.0258157434789865,2.2603256181822795,0.9606763905534704,2.8653835436021984,0.8182440220301185,0.024196870381759827,0.03861374669803104,1.0205430243315488,1,1,0.828420614,0.69125685,1,0.708821521,0.63838456,6,1,0.118288544,0.219112,1,0.249635736,0.64338269,1,0.148271098,0.88154458,4,4,1,0.9772751915,0.344055979,1,1,0.754618665,0.68985893,1,0.92086958,0.9789804,3,1,0.4925311695,0.032997413,1,0.80320391,0.004101,1,0.05353786,0.1268534,1,0.1727146,0.36727,1,0.4561613,0.247974,1,0.20598231,0.709211,1,0.57478598,0.2114866,1,0.70746493,0.7310762,1,0.783348675,0.7846366,1,0.973314149,0.58769631,1,0.98747636,0.9768005,2,1,0.767613157,0.85874833,-0.10012104400985755,-0.10572083556657241,0.4704768421060866,-0.5829528928961261,-0.026901320499760795,-0.009322105619052667,-0.6149730367875077,-0.11074347584079636,0.00405330298366207,0.026905742191632297,-0.035657507446152814,-0.11192465780966637,0.004051703015676153,0.030954685843994578,0.08352612232904927,-0.49571260735469624,-0.03543901758035983,-0.06936835747041875,-0.012055338191223841,7.493861224
29.29765886287616,0.7135495393702778,0.977012501053873,0.3496592425964785,3.576379684501386,1.0918725881830758,4.025710145676451,2.2603594962189937,0.9606763867041931,2.865360213245184,0.8181267096691949,0.024196709715691003,0.038613469733592996,1.0205648439343047,1,1,0.828420614,0.69125685,1,0.708821521,0.63838456,6,1,0.118288544,0.219112,1,0.249635736,0.64338269,1,0.148271098,0.88154458,4,4,1,0.9772751915,0.344055979,1,1,0.754618665,0.68985893,1,0.92086958,0.9789804,3,1,0.4925311695,0.032997413,1,0.80320391,0.004101,1,0.05353786,0.1268534,1,0.1727146,0.36727,1,0.4561613,0.247974,1,0.20598231,0.709211,1,0.57478598,0.2114866,1,0.70746493,0.7310762,1,0.783348675,0.7846366,1,0.973314149,0.58769631,1,0.98747636,0.9768005,2,1,0.767613157,0.85874833,-0.10013770247545739,-0.10578147778971836,0.47048887745802986,-0.5829231738563825,-0.02690132392418021,-0.009370702927126162,-0.6149177947233042,-0.11072995167691202,0.004053065711537934,0.026905699273096106,-0.035647538862016714,-0.11189105934120053,0.004051463455400689,0.030954388702535446,0.08353734325743373,-0.49567158356307295,-0.0354310810651558,-0.06938232554499657,-0.012023751784825176,7.493861224
29.397993311036693,0.7135297283372998,0.9770440656690881,0.3496470155980493,3.5768725710650315,1.0918184717804678,4.02560705362267,2.260393338869217,0.9606763892238536,2.8653379373954997,0.8180112583159677,0.0241965488268724,0.038613191175439945,1.0205864610697997,1,1,0.828420614,0.69125685,1,0.708821521,0.63838456,6,1,0.118288544,0.219112,1,0.249635736,0.64338269,1,0.148271098,0.88154458,4,4,1,0.9772751915,0.344055979,1,1,0.754618665,0.68985893,1,0.92086958,0.9789804,3,1,0.4925311695,0.032997413,1,0.80320391,0.004101,1,0.05353786,0.1268534,1,0.1727146,0.36727,1,0.4561613,0.247974,1,0.20598231,0.709211,1,0.57478598,0.2114866,1,0.70746493,0.7310762,1,0.783348675,0.7846366,1,0.973314149,0.58769631,1,0.98747636,0.9768005,2,1,0.767613157,0.85874833,-0.10015411434356092,-0.10584120542618414,0.4705007350112381,-0.582893982132334,-0.02690132168262327,-0.00941849949605178,-0.614863485521342,-0.11071708672807734,0.004052827900121701,0.026905651153022524,-0.035637769083703974,-0.11185800421553066,0.004051223508012042,0.030954087290079854,0.08354832888869262,-0.49563135573136274,-0.035423316561346785,-0.06939608729257468,-0.01199258247348789,7.493861224
29.498327759197227,0.7135102106645878,0.9770752115848473,0.34963499265252923,3.577358058884737,1.0917651523076835,4.025506422533574,2.2604271455800378,0.9606763981282678,2.8653167147797824,0.817897614511697,0.024196387734359785,0.0386129110871444,1.0206078784307313,1,1,0.828420614,0.69125685,1,0.708821521,0.63838456,6,1,0.118288544,0.219112,1,0.249635736,0.64338269,1,0.148271098,0.88154458,4,4,1,0.9772751915,0.344055979,1,1,0.754618665,0.68985893,1,0.92086958,0.9789804,3,1,0.4925311695,0.032997413,1,0.80320391,0.004101,1,0.05353786,0.1268534,1,0.1727146,0.36727,1,0.4561613,0.247974,1,0.20598231,0.709211,1,0.57478598,0.2114866,1,0.70746493,0.7310762,1,0.783348675,0.7846366,1,0.973314149,0.58769631,1,0.98747636,0.9768005,2,1,0.767613157,0.85874833,-0.10017028318597287,-0.10590003674275661,0.4705124179475588,-0.5828653074530208,-0.026901313761019674,-0.009465498401593608,-0.6148100792478339,-0.11070497565668402,0.0040525895770481615,0.026905597893759504,-0.03562819708471654,-0.1118254753069503,0.004050983195147127,0.030953781801727087,0.08355908145807667,-0.49559192331980584,-0.03541572329476761,-0.06940964257987353,-0.011961826617965077,7.493861224
29.598662207357762,0.713490980502559,0.9771059543519178,0.3496231618464821,3.5778363253183465,1.0917126193324185,4.025408204490569,2.2604609120296257,0.9606764129558889,2.865296457774956,0.8177858217133707,0.024196226453954767,0.03861262955282205,1.0206290982134567,1,1,0.828420614,0.69125685,1,0.708821521,0.63838456,6,1,0.118288544,0.219112,1,0.249635736,0.64338269,1,0.148271098,0.88154458,4,4,1,0.9772751915,0.344055979,1,1,0.754618665,0.68985893,1,0.92086958,0.9789804,3,1,0.4925311695,0.032997413,1,0.80320391,0.004101,1,0.05353786,0.1268534,1,0.1727146,0.36727,1,0.4561613,0.247974,1,0.20598231,0.709211,1,0.57478598,0.2114866,1,0.70746493,0.7310762,1,0.783348675,0.7846366,1,0.973314149,0.58769631,1,0.98747636,0.9768005,2,1,0.767613157,0.85874833,-0.10018621384860804,-0.10595797345130642,0.4705239285528351,-0.5828371436285984,-0.02690130056997364,-0.009511746214574845,-0.6147576089677189,-0.11069325119206308,0.004052350780895518,0.026905539828702325,-0.03561881104423986,-0.11179349037771874,0.004050742572250861,0.030953472085267664,0.08356961081795772,-0.4955532253267998,-0.035408290807087406,-0.069423006194539,-0.011931468862241945,7.493861224
29.698996655518297,0.713472029985254,0.977136324908458,0.34961149685102644,3.5783076484942145,1.0916608676507322,4.025312347268395,2.26049462900311,0.9606764326234777,2.8652769669114306,0.8176760486359784,0.024196064997261846,0.038612346683065554,1.0206501219843769,1,1,0.828420614,0.69125685,1,0.708821521,0.63838456,6,1,0.118288544,0.219112,1,0.249635736,0.64338269,1,0.148271098,0.88154458,4,4,1,0.9772751915,0.344055979,1,1,0.754618665,0.68985893,1,0.92086958,0.9789804,3,1,0.4925311695,0.032997413,1,0.80320391,0.004101,1,0.05353786,0.1268534,1,0.1727146,0.36727,1,0.4561613,0.247974,1,0.20598231,0.709211,1,0.57478598,0.2114866,1,0.70746493,0.7310762,1,0.783348675,0.7846366,1,0.973314149,0.58769631,1,0.98747636,0.9768005,2,1,0.767613157,0.85874833,-0.10020191284778945,-0.106014995892313,0.4705352679673127,-0.5828094897111631,-0.02690128307316375,-0.009557345857245991,-0.6147061891764105,-0.11068094801639727,0.0040521115645546085,0.026905477642236327,-0.0356095851557075,-0.11176211229058666,0.004050501738555576,0.030953157540479517,0.08357993669997732,-0.49551512244407325,-0.03540099609199654,-0.06943621224751578,-0.011901478655618414,7.493861224
29.79933110367883,0.7134533575159849,0.9771663084183088,0.3496000140588536,3.5787720021772427,1.0916098773323368,4.025218814375344,2.2605283019860947,0.9606764579465824,2.865258373834786,0.8175680964193238,0.024195903388467714,0.038612062514979756,1.0206709530287286,1,1,0.828420614,0.69125685,1,0.708821521,0.63838456,6,1,0.118288544,0.219112,1,0.249635736,0.64338269,1,0.148271098,0.88154458,4,4,1,0.9772751915,0.344055979,1,1,0.754618665,0.68985893,1,0.92086958,0.9789804,3,1,0.4925311695,0.032997413,1,0.80320391,0.004101,1,0.05353786,0.1268534,1,0.1727146,0.36727,1,0.4561613,0.247974,1,0.20598231,0.709211,1,0.57478598,0.2114866,1,0.70746493,0.7310762,1,0.783348675,0.7846366,1,0.973314149,0.58769631,1,0.98747636,0.9768005,2,1,0.767613157,0.85874833,-0.10021738150624626,-0.1060711464829005,0.470546440557957,-0.5827823297324948,-0.026901260545056482,-0.00960223324892473,-0.6146556953575661,-0.11066886538453025,0.004051871936852532,0.026905410982951353,-0.03560053506350175,-0.11173127145242143,0.004050260664514254,0.030952838865721824,0.08359004941638748,-0.49547770703370353,-0.035393853349097726,-0.06944923767332284,-0.011871870648450966,7.493861224
29.899665551839366,0.7134349585957646,0.9771959119539554,0.3495887093579328,3.5792295041471913,1.091559635783044,4.025127562840207,2.26056192949035,0.9606764888519373,2.8652406511367476,0.8174619439334229,0.02419574164581936,0.03861177712315829,1.0206915937546253,1,1,0.828420614,0.69125685,1,0.708821521,0.63838456,6,1,0.118288544,0.219112,1,0.249635736,0.64338269,1,0.148271098,0.88154458,4,4,1,0.9772751915,0.344055979,1,1,0.754618665,0.68985893,1,0.92086958,0.9789804,3,1,0.4925311695,0.032997413,1,0.80320391,0.004101,1,0.05353786,0.1268534,1,0.1727146,0.36727,1,0.4561613,0.247974,1,0.20598231,0.709211,1,0.57478598,0.2114866,1,0.70746493,0.7310762,1,0.783348675,0.7846366,1,0.973314149,0.58769631,1,0.98747636,0.9768005,2,1,0.767613157,0.85874833,-0.10023262355103213,-0.10612643741470973,0.47055744908430563,-0.5827556551113187,-0.02690123305083103,-0.009646424463953585,-0.6146061185499097,-0.11065695303268042,0.0040516319271685156,0.026905339998541868,-0.03559165651723828,-0.1117009622780141,0.004050019382852861,0.03095251612482293,0.08359995334709414,-0.49544096011102345,-0.0353868589276628,-0.06946208688332911,-0.011842637856827598,7.493861224
29.9999999999999,0.7134168287704803,0.9772251427359413,0.349577578461034,3.579680272071563,1.0915101306390367,4.02503855033131,2.260595510027496,0.9606765252747141,2.865223769962441,0.8173575724114964,0.02419557978760813,0.03861149058422535,1.0207120465297268,1,1,0.828420614,0.69125685,1,0.708821521,0.63838456,6,1,0.118288544,0.219112,1,0.249635736,0.64338269,1,0.148271098,0.88154458,4,4,1,0.9772751915,0.344055979,1,1,0.754618665,0.68985893,1,0.92086958,0.9789804,3,1,0.4925311695,0.032997413,1,0.80320391,0.004101,1,0.05353786,0.1268534,1,0.1727146,0.36727,1,0.4561613,0.247974,1,0.20598231,0.709211,1,0.57478598,0.2114866,1,0.70746493,0.7310762,1,0.783348675,0.7846366,1,0.973314149,0.58769631,1,0.98747636,0.9768005,2,1,0.767613157,0.85874833,-0.1002476426720259,-0.10618088033607453,0.4705682962554194,-0.5827294574406332,-0.026901200648160373,-0.009689936261547016,-0.6145574513249841,-0.11064515172571143,0.004051391564668903,0.026905264842455628,-0.0355829450960215,-0.11167118001030132,0.004049777927198796,0.03095218936842138,0.08360965295713685,-0.49540486163389863,-0.0353800090292411,-0.06947476454628598,-0.011813773150632145,7.493861224