Time,S1,S2,S3,S4,S5,S6,S7,S8,S9,S10,S11,S12,S13,S14,S15,S16,S17,S18,S19,Xo,k10,k11,k20,k21,k30,k31,k40,k41,k50,k51,k60,k61,k70,k71,k80,k81,k90,k91,k100,k101,k110,k111,k120,k121,k130,k131,k140,k141,k150,k151,k160,k161,k170,k171,k180,k181,k190,k191,X1,k200,k201,J1,J2,J3,J4,J5,J6,J7,J8,J9,J10,J11,J12,J13,J14,J15,J16,J17,J18,J19,J20
0,0,0,0,0,0,0,0,0,0,0,0,0,0,0,0,0,0,0,0,10,4.32,0.36,0.37,0.46,5.01,0.86,2.22,0.85,1.29,0.83,2.25,0.37,0.9,0.25,0.28,0.75,2.81,0.41,2.3,0.05,0.5,0.17,0.9,0.7,0.98,0.46,4.22,0.75,0.71,0.44,1.33,0.11,0.33,0.21,2.21,0.67,3.84,0.45,0,4.19,0.24,43.2,0,0,0,0,0,0,0,0,0,0,0,0,0,0,0,0,0,0,0
0.10033444816053512,4.1805645447630475,0.06609009165269407,0.010763333050483569,0.0006002270135254835,0.00001531262491730629,5.851612067048532e-7,7.71002293897648e-9,2.6617630241358025e-11,8.297625142802263e-13,1.9467889316596487e-14,8.973293237984216e-17,6.792828961731361e-19,5.067191291504103e-21,1.5518655970813197e-22,7.467032120701657e-25,6.3827377829256335e-27,1.264020706544085e-29,1.573817118906917e-31,3.2456688227329934e-33,10,4.32,0.36,0.37,0.46,5.01,0.86,2.22,0.85,1.29,0.83,2.25,0.37,0.9,0.25,0.28,0.75,2.81,0.41,2.3,0.05,0.5,0.17,0.9,0.7,0.98,0.46,4.22,0.75,0.71,0.44,1.33,0.11,0.33,0.21,2.21,0.67,3.84,0.45,0,4.19,0.24,41.69499676388531,1.5164074394020883,0.3218548927565814,0.023384406410576864,0.0007615833687665095,0.00003423689641745835,5.247175802996238e-7,2.1388432002323966e-9,7.445533834736116e-11,1.9074803883786905e-12,9.718690059793671e-15,8.028414111453676e-17,6.633663302555814e-19,2.1267157330366214e-20,1.0985390797946282e-22,9.924131708971985e-25,2.1036490248817166e-27,2.7829411867657516e-29,6.028852226900263e-31,1.3599352367251244e-32
0.20066889632107024,8.071028071417542,0.22142150191553156,0.06975088360766686,0.007759370613119673,0.0003892712566365173,0.000030163169929281342,8.109138296373988e-7,5.499288833951796e-9,3.405743884568317e-10,1.6206921307868673e-11,1.5038575811478946e-13,2.2760440904432853e-15,3.3205526030187674e-17,2.032493756523202e-18,1.9461613863189517e-20,3.328994097522372e-22,1.3002412595654909e-24,3.1507738290147e-26,1.261331327524373e-27,10,4.32,0.36,0.37,0.46,5.01,0.86,2.22,0.85,1.29,0.83,2.25,0.37,0.9,0.25,0.28,0.75,2.81,0.41,2.3,0.05,0.5,0.17,0.9,0.7,0.98,0.46,4.22,0.75,0.71,0.44,1.33,0.11,0.33,0.21,2.21,0.67,3.84,0.45,0,4.19,0.24,40.294429894289685,2.884426495543346,1.0493359646942195,0.14825149658786874,0.00968649294791607,0.0008646999545583298,0.00002694412447894386,2.2293140567300782e-7,1.5313366124137245e-8,7.825107473853195e-10,8.077895075054822e-12,1.3375395144000022e-13,2.215248666660533e-15,1.386029495299996e-16,1.43450745703167e-18,2.5847327502969314e-20,1.0958375455372951e-22,2.8524229989853366e-24,1.2042211593677849e-25,5.284978262327123e-27
0.3010033444816054,11.694819565617397,0.42431433974218585,0.1932428367492702,0.03204905246175469,0.0023666737133255255,0.0002784123216470877,0.000011443408339210181,1.1429562279668026e-7,1.054219288356509e-8,7.632829035344414e-10,1.0701305149338742e-11,2.431848483830561e-13,5.2187376698906226e-15,4.804025518745772e-16,6.896983532796583e-18,1.7816063570879926e-19,1.0374596864460238e-21,3.7062060061509045e-23,2.1859088624085356e-24,10,4.32,0.36,0.37,0.46,5.01,0.86,2.22,0.85,1.29,0.83,2.25,0.37,0.9,0.25,0.28,0.75,2.81,0.41,2.3,0.05,0.5,0.17,0.9,0.7,0.98,0.46,4.22,0.75,0.71,0.44,1.33,0.11,0.33,0.21,2.21,0.67,3.84,0.45,0,4.19,0.24,38.989864956377744,4.131898642997031,1.959626002503979,0.4017574029908884,0.03937893849360336,0.00522200329597301,0.0002477102373975764,0.000003118432617881341,3.1684840097640987e-7,2.4208879487022984e-8,3.798222298918331e-10,9.460945240536729e-12,2.3592053208724524e-13,2.1662771053032492e-14,3.3805113907651927e-16,9.153390428691487e-18,5.85751432497501e-20,2.2679543268045014e-21,1.4133465164811088e-22,9.158958133491765e-24
0.4013377926421405,15.072320985683339,0.6517016355813061,0.38059087249213314,0.08339284893329829,0.00804420482619173,0.0012749843186357305,0.00007115049052819075,9.300097062689403e-7,1.1348809551025681e-7,1.1108988224547673e-8,2.091444807810328e-10,6.3432000181351545e-12,1.781270567726505e-13,2.1929621827533732e-14,4.1992388142368348e-16,1.4578875559093793e-17,1.1269573702669733e-19,5.2878891506824936e-21,4.0955844140009956e-22,10,4.32,0.36,0.37,0.46,5.01,0.86,2.22,0.85,1.29,0.83,2.25,0.37,0.9,0.25,0.28,0.75,2.81,0.41,2.3,0.05,0.5,0.17,0.9,0.7,0.98,0.46,4.22,0.75,0.71,0.44,1.33,0.11,0.33,0.21,2.21,0.67,3.84,0.45,0,4.19,0.24,37.773964445154,5.276976012335434,2.937717043919109,0.774027815339232,0.10090008511821567,0.017627716661036172,0.0011296982641401097,0.000019224630068191706,0.000002566797155456517,2.604671702623633e-7,5.518939550541061e-9,1.8378979269023492e-10,6.134397571657032e-12,7.352489632099348e-13,1.538526498972253e-14,5.568950859819987e-16,4.787362829725346e-18,2.4551469309804387e-19,2.012119303999073e-20,1.7160498694664174e-21
0.5016722408026756,18.22169525470999,0.89048313462235,0.624458194294397,0.16903599474068556,0.019941278562924086,0.003986150239993799,0.00028288363109476715,0.000004535176893199778,6.859856739750956e-7,8.507619367787898e-8,2.0157935443311266e-9,7.6477502991212e-11,2.635782345719267e-12,4.0681736338841583e-13,9.740747102194287e-15,4.261708119002155e-16,4.100932121042544e-18,2.3707480564127254e-19,2.26188247014262e-20,10,4.32,0.36,0.37,0.46,5.01,0.86,2.22,0.85,1.29,0.83,2.25,0.37,0.9,0.25,0.28,0.75,2.81,0.41,2.3,0.05,0.5,0.17,0.9,0.7,0.98,0.46,4.22,0.75,0.71,0.44,1.33,0.11,0.33,0.21,2.21,0.67,3.84,0.45,0,4.19,0.24,36.640189708304405,6.332405002316414,3.9242864573647918,1.2426165958039785,0.20150517200825738,0.043393001177781484,0.003516814308220727,0.00007580603403663499,0.000012462592943561587,0.000001573513240458826,4.21954119364032e-8,1.7606799378041656e-9,7.37354930523569e-11,1.0817888476393994e-11,2.845543992808097e-13,1.2908314856609379e-14,1.3977517218165218e-16,8.904219867724369e-18,9.001887825468447e-19,9.477287549897579e-20
0.6020066889632107,21.159374115585145,1.1330085240518972,0.9155644326972354,0.2932915310564444,0.04057885200726203,0.009806746709051881,0.0008488879398466787,0.000016020664679362927,0.0000028818643473334805,4.345449720149876e-7,1.2436216694511532e-8,5.664646851599364e-10,2.301291600886767e-11,4.27471256964935e-12,1.2287759731644518e-13,6.506266812106194e-15,7.486193948135306e-17,5.123374734844926e-18,5.78654283225851e-19,10,4.32,0.36,0.37,0.46,5.01,0.86,2.22,0.85,1.29,0.83,2.25,0.37,0.9,0.25,0.28,0.75,2.81,0.41,2.3,0.05,0.5,0.17,0.9,0.7,0.98,0.46,4.22,0.75,0.71,0.44,1.33,0.11,0.33,0.21,2.21,0.67,3.84,0.45,0,4.19,0.24,35.58262531838935,7.30778450170263,4.888987293380382,1.7832552391898853,0.3446656278967858,0.08767392073399037,0.008613850053185023,0.00022567312464754786,0.0000438365033666031,0.000006606560750266255,2.1515832916942684e-7,1.0796069745448423e-8,5.445494500926586e-10,9.390847113018456e-11,2.980979781631802e-12,1.6271151508154043e-13,2.13134704070396e-15,1.6201222518144416e-16,1.9413364554352884e-17,2.424561446716316e-18
0.7023411371237459,23.900363575435936,1.3746870315660666,1.2447607480949332,0.45795037539259686,0.07218583258167971,0.020477663592439556,0.0021002788125494064,0.00004535608186475017,0.00000942815142210933,0.0000016797574820840067,5.643564220118519e-8,2.9997673842248988e-9,1.397162286732132e-10,3.036310563380077e-11,1.0187247976367295e-12,6.348310210730256e-14,8.495046869827669e-16,6.696296256010917e-17,8.71190121135233e-18,10,4.32,0.36,0.37,0.46,5.01,0.86,2.22,0.85,1.29,0.83,2.25,0.37,0.9,0.25,0.28,0.75,2.81,0.41,2.3,0.05,0.5,0.17,0.9,0.7,0.98,0.46,4.22,0.75,0.71,0.44,1.33,0.11,0.33,0.21,2.21,0.67,3.84,0.45,0,4.19,0.24,34.59586911284307,8.210778488390904,5.816687784784351,2.3741110416870446,0.5308417432136557,0.15484138777957673,0.017904827530058252,0.0005540610061152712,0.00012358504795688315,0.000021600760396747257,8.302846818678019e-7,4.8692240812109243e-8,2.8755025713507226e-9,5.668301557756091e-10,2.1109566089038387e-11,1.347920839625047e-12,2.0771027711143466e-14,1.8325401733166418e-15,2.5321742068571066e-16,3.6502866075566266e-17
0.8026755852842811,26.45844889198952,1.612700216469608,1.6038346115622057,0.6628636736910024,0.11653873151413338,0.03796634249811763,0.004516078142042206,0.0001093035708064108,0.00002570671973536542,0.000005298976632727942,2.046716092587752e-7,1.2432140155709666e-8,6.504819601340026e-10,1.6196165350952518e-10,6.2114146058344655e-12,4.461555148259811e-13,6.800482431887227e-15,6.048097152276245e-16,8.877961311231496e-17,10,4.32,0.36,0.37,0.46,5.01,0.86,2.22,0.85,1.29,0.83,2.25,0.37,0.9,0.25,0.28,0.75,2.81,0.41,2.3,0.05,0.5,0.17,0.9,0.7,0.98,0.46,4.22,0.75,0.71,0.44,1.33,0.11,0.33,0.21,2.21,0.67,3.84,0.45,0,4.19,0.24,33.674958398883774,9.047783990460102,6.7003303185692396,2.997078715030745,0.7583669919046624,0.24816459918249656,0.033040688712795314,0.0011825242016670098,0.00029660327887451457,0.000058860506559704064,0.000002614694142789979,1.7550195022390091e-7,1.188427565093383e-8,2.623562631633347e-9,1.1225975156519571e-10,8.212104319128981e-12,1.4580321858187744e-13,1.4623843665268263e-14,2.2825184805735367e-15,3.719865789405997e-16
0.9030100334448162,28.84634217402366,1.8452931861368018,1.985730934864302,0.906497818056655,0.1749042456373061,0.06433966144488855,0.008730373742077165,0.00023309921593820591,0.00006102843793888179,0.00001432154242260119,6.258103178030614e-7,4.274788176004361e-8,2.4741463358441863e-9,6.94579863633003e-10,2.9965607926723674e-11,2.4417459687156963e-12,4.172588638497323e-14,4.121653087989114e-15,6.719382489578291e-16,10,4.32,0.36,0.37,0.46,5.01,0.86,2.22,0.85,1.29,0.83,2.25,0.37,0.9,0.25,0.28,0.75,2.81,0.41,2.3,0.05,0.5,0.17,0.9,0.7,0.98,0.46,4.22,0.75,0.71,0.44,1.33,0.11,0.33,0.21,2.21,0.67,3.84,0.45,0,4.19,0.24,32.81531681735149,9.824311738765827,7.537190258562077,3.637799530050594,1.024211661414121,0.36972887794933,0.05572310186488041,0.002269680235827952,0.0006299871372314171,0.00013964933013829804,0.000007054383457274075,5.333057687907248e-7,4.075481681035441e-8,9.919962639537713e-9,4.799668356916737e-10,3.9585666485983765e-11,7.970137335353354e-13,8.945270134183814e-14,1.5524775645847174e-14,2.8154212631333043e-15
1.0033444816053514,31.075795648166718,2.0713731279659178,2.3845219521481615,1.1863952943708718,0.2480497342564713,0.101647821469158,0.015528426810584197,0.0004517027777365479,0.00012997011528292758,0.00003428061271775392,0.0000016732766093779955,1.2691228012814407e-7,8.02738746437038e-9,2.5089192381592047e-9,1.202325655205636e-10,1.0975631180323178e-11,2.0766271468970869e-13,2.250392031336665e-14,4.024451961444693e-15,10,4.32,0.36,0.37,0.46,5.01,0.86,2.22,0.85,1.29,0.83,2.25,0.37,0.9,0.25,0.28,0.75,2.81,0.41,2.3,0.05,0.5,0.17,0.9,0.7,0.98,0.46,4.22,0.75,0.71,0.44,1.33,0.11,0.33,0.21,2.21,0.67,3.84,0.45,0,4.19,0.24,32.01271356665998,10.545212750957363,8.326890492261828,4.285202733553678,1.3245686503055534,0.5205022081334719,0.08760093261959616,0.004009182423661164,0.0012159970581736993,0.0002972172345148457,0.0000168558493352827,0.000001417110352350495,1.2068143629197081e-7,3.19938856710236e-8,1.7284303302639873e-9,1.587019927125141e-10,3.5783491194218105e-12,4.4385697285430057e-13,8.460405062067783e-14,1.6862453718453265e-14
1.1036789297658864,33.15769317648655,2.290274316387057,2.7952826630239906,1.4995313851379288,0.33629270302508524,0.1518287977920164,0.025833710843912224,0.0008105073749849425,0.0002536380689908606,0.0000744108523985653,0.0000040154619706638975,3.346960109379001e-7,2.2911242230397488e-8,7.890517706975102e-9,4.1573847654333056e-10,4.2085921488609815e-11,8.727570450459598e-13,1.0273154493159945e-13,1.9952718834779557e-14,10,4.32,0.36,0.37,0.46,5.01,0.86,2.22,0.85,1.29,0.83,2.25,0.37,0.9,0.25,0.28,0.75,2.81,0.41,2.3,0.05,0.5,0.17,0.9,0.7,0.98,0.46,4.22,0.75,0.71,0.44,1.33,0.11,0.33,0.21,2.21,0.67,3.84,0.45,0,4.19,0.24,31.263230456464846,11.214820289761978,9.070331234898525,4.93092583454602,1.6552725433171076,0.7004819266233957,0.13018749030183674,0.006625558505056717,0.002173534115421436,0.000579647016059051,0.00003652279766426979,0.0000033796285659409778,3.1746291929315925e-7,9.076755393204607e-8,5.419342642273257e-9,5.483027224388826e-10,1.3705075111781588e-11,1.859962934447399e-12,3.855104090616911e-13,8.360189191772636e-14
1.2040133779264215,35.10212712565346,2.501615397432615,3.2139431420160314,1.8425783464249776,0.43956862797804386,0.21663660238448734,0.040688299449304466,0.00136548218818623,0.0004607384672726538,0.00014904819454487732,0.00000881627639505017,8.006812938114222e-7,5.884545866988398e-8,2.214150993538341e-8,1.2717760185879237e-9,1.4157271094025122e-10,3.1910390397702593e-12,4.0466425018853235e-13,8.465825128172727e-14,10,4.32,0.36,0.37,0.46,5.01,0.86,2.22,0.85,1.29,0.83,2.25,0.37,0.9,0.25,0.28,0.75,2.81,0.41,2.3,0.05,0.5,0.17,0.9,0.7,0.98,0.46,4.22,0.75,0.71,0.44,1.33,0.11,0.33,0.21,2.21,0.67,3.84,0.45,0,4.19,0.24,30.563234234764757,11.837043953672776,9.769102039003613,5.5687621808143595,2.012084105666445,0.9088738700683383,0.18480086728371248,0.010368612204665579,0.003648102177221518,0.0010522460649998598,0.00007302533028528014,0.000007374171849877157,7.575987569470471e-7,2.3172170313537283e-7,1.5160890605943535e-8,1.6758891065185108e-9,4.604887641193115e-11,6.781071230265956e-12,1.515814507647187e-12,3.5471807287043727e-13
1.3043478260869565,36.91846474654906,2.705209324771081,3.6371477749207726,2.2120946923138862,0.55750371316235,0.2975927059713438,0.06122899361501525,0.002182783201455668,0.0007883646612433181,0.00027916747941895205,0.000017969831532489807,0.0000017653906181514356,1.3837386566736459e-7,5.64756435340897e-8,3.5111230730221395e-9,4.267705318030357e-10,1.0382387125617959e-11,1.40876628003473e-12,3.1528612932172214e-13,10,4.32,0.36,0.37,0.46,5.01,0.86,2.22,0.85,1.29,0.83,2.25,0.37,0.9,0.25,0.28,0.75,2.81,0.41,2.3,0.05,0.5,0.17,0.9,0.7,0.98,0.46,4.22,0.75,0.71,0.44,1.33,0.11,0.33,0.21,2.21,0.67,3.84,0.45,0,4.19,0.24,29.90935269124234,12.415435666828456,10.425151630671252,6.194187571857312,2.390874071160163,1.1442740534058904,0.25252618697045565,0.01550703081111252,0.005810391284980667,0.001799280346888684,0.00013652886834895277,0.000014937074946534824,0.0000016664308275814193,5.415809804657113e-7,3.8552812757073946e-8,4.622848928621112e-9,1.3865397419862203e-10,2.200120213999242e-11,5.267783757138588e-12,1.3210488818580158e-12
1.4046822742474916,38.61540662397265,2.9010043476475196,4.0621321330653855,2.6046568640060266,0.6894846702592916,0.3959578569509799,0.08866129742004276,0.003337907837772845,0.0012824477016212562,0.0004939811903358662,0.00003438935770253949,0.000003632091454488873,3.019106749639257e-7,1.3283609998803826e-7,8.88404809719356e-9,1.1718860732319688e-9,3.058470292989846e-11,4.4142289902462385e-12,1.0505528690732972e-12,10,4.32,0.36,0.37,0.46,5.01,0.86,2.22,0.85,1.29,0.83,2.25,0.37,0.9,0.25,0.28,0.75,2.81,0.41,2.3,0.05,0.5,0.17,0.9,0.7,0.98,0.46,4.22,0.75,0.71,0.44,1.33,0.11,0.33,0.21,2.21,0.67,3.84,0.45,0,4.19,0.24,29.298453615369848,12.953238450952021,11.04059814727784,6.803975001000035,2.7877350782525623,1.4048361010115435,0.33419674690087126,0.022321732399282344,0.008853717466476979,0.0029249306542120956,0.0002411444043585014,0.000028407957914143333,0.00000342057071491569,0.0000011744359733567375,9.040464982874199e-8,1.168687650121192e-8,3.8029961655127106e-10,6.463466005161062e-11,1.6477890531462572e-11,4.4018165214171156e-12
1.5050167224080266,40.20103881657174,3.0890440832399686,4.486619686466181,3.016947684344933,0.834721334473387,0.5127207644483175,0.12423296008868226,0.00491448834134906,0.0019978483044637966,0.0008325182582814767,0.0000623471210783982,0.000007041418926244071,6.177250723579701e-7,2.914369754500809e-7,2.085661796786563e-8,2.9700275571404373e-9,8.272449015901376e-11,1.2635662707472504e-11,3.181596920564907e-12,10,4.32,0.36,0.37,0.46,5.01,0.86,2.22,0.85,1.29,0.83,2.25,0.37,0.9,0.25,0.28,0.75,2.81,0.41,2.3,0.05,0.5,0.17,0.9,0.7,0.98,0.46,4.22,0.75,0.71,0.44,1.33,0.11,0.33,0.21,2.21,0.67,3.84,0.45,0,4.19,0.24,28.72762602603418,13.453424083841158,11.617617926671327,7.39589017226173,3.1990438051920527,1.6884163197192432,0.4303904479813152,0.031099362568819244,0.012990594434360701,0.0045534251873526575,0.00040566011855741065,0.000051183415722187524,0.000006616437014434523,0.000002388222073763073,1.9774334066369657e-7,2.7412598865975843e-8,9.627369509229514e-10,1.743552292374138e-10,4.7089226182440204e-11,1.3330891097166963e-11
1.6053511705685617,41.682879844567616,3.2694396324293336,4.90873680595123,3.4458134213783613,0.9923004321279804,0.6485998046889655,0.16920840229953024,0.007002829083684974,0.0029981014307898907,0.0013451049112819598,0.00010785824423756569,0.000012965064001692637,0.0000011954008424267321,6.019309783164798e-7,4.588132483281809e-8,7.021026225313927e-9,2.0775840283548216e-10,3.343727125854455e-11,8.868330728045452e-12,10,4.32,0.36,0.37,0.46,5.01,0.86,2.22,0.85,1.29,0.83,2.25,0.37,0.9,0.25,0.28,0.75,2.81,0.41,2.3,0.05,0.5,0.17,0.9,0.7,0.98,0.46,4.22,0.75,0.71,0.44,1.33,0.11,0.33,0.21,2.21,0.67,3.84,0.45,0,4.19,0.24,28.19416325595566,13.918723311572524,12.158378905352901,7.968454301040126,3.6214899549118624,1.9926940445530388,0.5414377236451864,0.04212623083110474,0.01844872813853092,0.00682837804525265,0.0006542165541205937,0.00008799687501262428,0.000012155878334142487,0.00000459314332130345,4.0718321167826065e-7,6.024984914286354e-8,2.2733093897581446e-9,4.367430985231907e-10,1.2440837280519061e-10,3.7158305750510445e-11
1.7056856187290967,43.06792330369562,3.4423497053093293,5.32694351812208,3.888298098517578,1.1612302263872152,0.8040543639883809,0.22484495301432683,0.009698285105924912,0.004354844022381505,0.002094678741571723,0.00017909906261714316,0.000022819044059824876,0.00000220324924300777,0.0000011792075673236158,9.53438906013656e-8,1.5615193039875297e-8,4.889400376902546e-10,8.259738774511741e-11,2.2985694640435224e-11,10,4.32,0.36,0.37,0.46,5.01,0.86,2.22,0.85,1.29,0.83,2.25,0.37,0.9,0.25,0.28,0.75,2.81,0.41,2.3,0.05,0.5,0.17,0.9,0.7,0.98,0.46,4.22,0.75,0.71,0.44,1.33,0.11,0.33,0.21,2.21,0.67,3.84,0.45,0,4.19,0.24,27.69554761066958,14.351650757925087,12.665000598014752,8.520761226491079,4.052083459186287,2.315267894695533,0.667437689335961,0.05568287301456784,0.02546669509847259,0.009911407314398874,0.0010168925301409471,0.00014521582551355145,0.000021349168526844804,0.000008413306130000078,7.952860609351663e-7,1.2508970326542995e-7,5.0503362952438945e-9,1.0252172335062341e-9,3.06830406353055e-10,9.63100605434236e-11
1.8060200668896318,44.36267671508243,3.6079661843838617,5.739977242908261,4.341661697891871,1.3404766003361408,0.9793028140724647,0.2923715070785648,0.013099570837981097,0.006146973302800619,0.0031578793511985023,0.0002868483811192568,0.000038596065151658565,0.000003890025745028739,0.000002204854188110082,1.8841550700874445e-7,3.290776894266566e-8,1.0864728589666184e-9,1.9199652576116668e-10,5.5869883390176035e-11,10,4.32,0.36,0.37,0.46,5.01,0.86,2.22,0.85,1.29,0.83,2.25,0.37,0.9,0.25,0.28,0.75,2.81,0.41,2.3,0.05,0.5,0.17,0.9,0.7,0.98,0.46,4.22,0.75,0.71,0.44,1.33,0.11,0.33,0.21,2.21,0.67,3.84,0.45,0,4.19,0.24,27.229436382570327,14.754525939763925,13.139530154862042,9.05233703604825,4.488148012001517,2.6537303095495046,0.808279655895577,0.07203934385351232,0.03428953500057863,0.013980144628881497,0.0015301754508089775,0.0002311462974011701,0.00003603473200591217,0.000014762268002938715,0.0000014825436504743106,2.469727697379369e-7,1.0631404450696678e-8,2.272467346056245e-9,7.121252113973009e-10,2.3409481140483763e-10
1.9063545150501668,45.573197080127066,3.7665034986366517,6.146807032659846,4.803387102306901,1.52899152819881,1.1743446713711552,0.37296994613271894,0.017307073573798976,0.008459591423265876,0.004625873616230905,0.00044493882387739234,0.00006301556101471948,0.000006611154483361103,0.00000395529193584554,3.5607046463040483e-7,6.610682538737229e-8,2.294061116854022e-9,4.227966821553964e-10,1.2825844200557923e-10,10,4.32,0.36,0.37,0.46,5.01,0.86,2.22,0.85,1.29,0.83,2.25,0.37,0.9,0.25,0.28,0.75,2.81,0.41,2.3,0.05,0.5,0.17,0.9,0.7,0.98,0.46,4.22,0.75,0.71,0.44,1.33,0.11,0.33,0.21,2.21,0.67,3.84,0.45,0,4.19,0.24,26.793649051154258,15.129491310274155,13.583928480082157,9.563032575543993,4.927306393570889,3.0057234100399954,0.9636677177008599,0.09145127973681208,0.04516444425883612,0.019225766592699967,0.002237297208056296,0.0003563340487793495,0.00005871411873207898,0.000024932602967899698,0.000002651586270012955,4.663019671658275e-7,2.1333499543293514e-8,4.786601291203273e-9,1.5658229605742114e-9,5.37402872003377e-10
2.006688963210702,46.705123516172854,3.918190732007914,6.546596227780955,5.271179300593334,1.725735020155418,1.3889850119524703,0.46775946114916805,0.022421231276975644,0.01138279520848709,0.006604888547387623,0.0006707050255677546,0.00009968913545189285,0.000010859499315522858,0.000006837518929788708,6.465520631518166e-7,1.272278222915997e-7,4.627471087613591e-9,8.870503379133466e-10,2.797615439102066e-10,10,4.32,0.36,0.37,0.46,5.01,0.86,2.22,0.85,1.29,0.83,2.25,0.37,0.9,0.25,0.28,0.75,2.81,0.41,2.3,0.05,0.5,0.17,0.9,0.7,0.98,0.46,4.22,0.75,0.71,0.44,1.33,0.11,0.33,0.21,2.21,0.67,3.84,0.45,0,4.19,0.24,26.386155534177774,15.478527964260314,14.000062811468027,10.052941220169387,5.367461231036405,3.368979340927277,1.1331466454699313,0.11415672566403534,0.05833671385282185,0.025850184552150924,0.003188424419347293,0.0005338521281946541,0.00009269998305771447,0.00004069894791416493,0.000004570155532363183,8.459191835398402e-7,4.1013412427829046e-8,9.632387377224094e-9,3.2803806028276573e-9,1.1722008689837657e-9
2.107023411371237,47.763707282883736,4.063265728218473,6.938671832875669,5.742959409574108,1.929691617056081,1.6228596743516523,0.5777837635174682,0.028541019767448522,0.0150103685390547,0.00921643901621379,0.000985415635637463,0.00015329838850069004,0.00001730054735335961,0.00001143326141595628,0.0000011325824662679708,2.355997301214784e-7,8.958240987890914e-9,1.7817582040307545e-9,5.827842833477147e-10,10,4.32,0.36,0.37,0.46,5.01,0.86,2.22,0.85,1.29,0.83,2.25,0.37,0.9,0.25,0.28,0.75,2.81,0.41,2.3,0.05,0.5,0.17,0.9,0.7,0.98,0.46,4.22,0.75,0.71,0.44,1.33,0.11,0.33,0.21,2.21,0.67,3.84,0.45,0,4.19,0.24,26.00506537816186,15.803469459686484,14.389703522101474,10.522335970845996,5.806773596194052,3.7413480588660706,1.3161277660371202,0.14037368895930472,0.07404601444551794,0.03406302568901512,0.004440698850048526,0.0007795652001232336,0.00014227416894813084,0.00006443336376921034,0.000007619279320171052,0.0000014804187098230387,7.586668033263078e-8,1.8603934586538315e-8,6.579698575971626e-9,2.4418661472269245e-9
2.207357859531772,48.75383946086514,4.201970673343142,7.3224992583508834,6.2168553476517285,2.1398824274288906,1.8754601766322405,0.7040010625570632,0.035762580916036596,0.019438430574282142,0.012597250715598722,0.0014146769380704353,0.00022978150941758207,0.000026811698222348372,0.00001855214400208264,0.0000019206114373265458,4.213382854381685e-7,1.6709013634589797e-8,3.440669693158498e-9,1.164547863349948e-9,10,4.32,0.36,0.37,0.46,5.01,0.86,2.22,0.85,1.29,0.83,2.25,0.37,0.9,0.25,0.28,0.75,2.81,0.41,2.3,0.05,0.5,0.17,0.9,0.7,0.98,0.46,4.22,0.75,0.71,0.44,1.33,0.11,0.33,0.21,2.21,0.67,3.84,0.45,0,4.19,0.24,25.648617794088555,16.106014090782256,14.754523711267382,10.971621308034994,6.243640983704751,4.120815196361074,1.5119138933297507,0.17029836182895025,0.09252309583860716,0.04407852778506899,0.006058130278327387,0.0011123621876710844,0.00021285249804695017,0.00009923125849674815,0.000012326953209054993,0.0000025080660002461076,1.3553274133133175e-7,3.462167143802726e-8,1.2688125083221157e-8,4.8794555474362826e-9
2.307692307692307,49.68007650494038,4.334548784979687,7.697661359903515,6.691190466923839,2.35537357636236,2.1461575966826874,0.8472766171455349,0.04417801190426968,0.024764086604643746,0.016898889634448445,0.0019887971632120112,0.0003365246082958927,0.00004052519616011301,0.000029294269135262512,0.000003162386427256098,7.300310438282337e-7,3.013057354716651e-8,6.41058953800391e-9,2.240742767403471e-9,10,4.32,0.36,0.37,0.46,5.01,0.86,2.22,0.85,1.29,0.83,2.25,0.37,0.9,0.25,0.28,0.75,2.81,0.41,2.3,0.05,0.5,0.17,0.9,0.7,0.98,0.46,4.22,0.75,0.71,0.44,1.33,0.11,0.33,0.21,2.21,0.67,3.84,0.45,0,4.19,0.24,25.315172458221465,16.387735865737284,15.09610064323121,11.401296322100542,6.676675633950994,4.5055122360427164,1.719722682728035,0.20410394387254754,0.11398693794309388,0.05611245470895819,0.00811134929947818,0.0015543502210836853,0.00031115252589632283,0.00014904562594423004,0.0000194074810580437,0.000004125670533429505,2.345828240184122e-7,6.229347254877537e-8,2.3608329580603453e-8,9.388712195420544e-9
2.408026755852842,50.54666386475519,4.461241836849412,8.063840935433982,7.1644710699765515,2.5752818077398385,2.4342249192014744,1.0083776258975439,0.0538743259596667,0.031084120958758416,0.022287118228318376,0.0027431021520399872,0.0004825535153579038,0.00005987410323089965,0.00004512234362093215,0.000005069100582820815,0.0000012289043625332315,5.2684406631302835e-8,1.1560585323440032e-8,4.165385394419691e-9,10,4.32,0.36,0.37,0.46,5.01,0.86,2.22,0.85,1.29,0.83,2.25,0.37,0.9,0.25,0.28,0.75,2.81,0.41,2.3,0.05,0.5,0.17,0.9,0.7,0.98,0.46,4.22,0.75,0.71,0.44,1.33,0.11,0.33,0.21,2.21,0.67,3.84,0.45,0,4.19,0.24,25.003201008688137,16.65009438500869,15.41591839814233,11.811926467183373,7.104683779845686,4.893720847310091,1.938708020806941,0.24193999078156225,0.13864236635357247,0.07037912229372843,0.01067723174831239,0.002131004476085456,0.00044536035756453186,0.00021882695791869742,0.000029806459714420664,0.000006606724295273028,3.9447471424339286e-7,1.0868694648847445e-7,4.2518224214520864e-8,1.7452964802618506e-8
2.508361204013377,51.357557839710424,4.582288318607741,8.420806020586245,7.635373460800258,2.7987778566892945,2.738857547515914,1.1879702000796584,0.06493258738755503,0.038493763797951885,0.028941005035686286,0.0037181947430964487,0.0006787216914976811,0.00008664059786592617,0.00006794322969722203,0.000007928340232582667,0.0000020147656329234332,8.955855938484287e-8,2.0234324477833717e-8,7.502673932021255e-9,10,4.32,0.36,0.37,0.46,5.01,0.86,2.22,0.85,1.29,0.83,2.25,0.37,0.9,0.25,0.28,0.75,2.81,0.41,2.3,0.05,0.5,0.17,0.9,0.7,0.98,0.46,4.22,0.75,0.71,0.44,1.33,0.11,0.33,0.21,2.21,0.67,3.84,0.45,0,4.19,0.24,24.711279177704252,16.894443774133293,15.715371298520612,12.204121924021246,7.526646143380219,5.283872884970025,2.167979242744408,0.2839322154816381,0.16667812740186938,0.08708860648350501,0.013838409411516747,0.002871270084738427,0.0006252925826494014,0.0003146659007212919,0.00004475122338269126,0.00001032306828971337,6.460653613939159e-7,1.8436741884035415e-7,7.432360272547191e-8,3.1436203775169064e-8
2.608695652173912,52.11644582677094,4.697922078462583,8.76839745044693,8.102730976339569,3.025088107797155,3.0591918422321136,1.38661814526534,0.07742721645320991,0.04708555520002678,0.03705182060410984,0.004960152627416992,0.0009378900705366456,0.00012300578988289418,0.00010019845883474333,0.000012123980171749789,0.0000032240103852119148,1.4834668072498694e-7,3.445709111992353e-8,1.3127670301500098e-8,10,4.32,0.36,0.37,0.46,5.01,0.86,2.22,0.85,1.29,0.83,2.25,0.37,0.9,0.25,0.28,0.75,2.81,0.41,2.3,0.05,0.5,0.17,0.9,0.7,0.98,0.46,4.22,0.75,0.71,0.44,1.33,0.11,0.33,0.21,2.21,0.67,3.84,0.45,0,4.19,0.24,24.438079502362463,17.12204079981246,15.99576780571318,12.578521010103554,7.941699830006405,5.674547260917717,2.4066181216925675,0.3301826683343878,0.19826540060150888,0.10644418592985609,0.01768268435539403,0.0038076143152996414,0.0008625496057797814,0.0004439355891797559,0.00006580635449709785,0.00001577025248605391,0.0000010327706241676846,3.0475991335187235e-7,1.264077782648313e-7,5.5004938563285415e-8
2.7090301003344472,52.82676508580473,4.808371338517136,9.106518289547774,8.56552129959779,3.253494938273436,3.3943216355978523,1.6047833035352208,0.09142545709933472,0.056948323881596846,0.04682175288224008,0.00652066065810734,0.001275094830407594,0.00017160020979251024,0.0001449630819266813,0.000018159146139914416,0.000005045008497854238,2.399246286643593e-7,5.721124263394446e-8,2.2364203167774638e-8,10,4.32,0.36,0.37,0.46,5.01,0.86,2.22,0.85,1.29,0.83,2.25,0.37,0.9,0.25,0.28,0.75,2.81,0.41,2.3,0.05,0.5,0.17,0.9,0.7,0.98,0.46,4.22,0.75,0.71,0.44,1.33,0.11,0.33,0.21,2.21,0.67,3.84,0.45,0,4.19,0.24,24.1823645691103,17.334052266029865,16.258334676959766,12.935777498137936,8.349121677714198,6.064464605944027,2.6536936461542617,0.38077023216536077,0.23355672165767585,0.12864005728356073,0.022302364129241792,0.0049760282110112896,0.0011706568372948875,0.0006154305738793822,0.00009493376386638137,0.00002359671343132221,0.000001614468632272383,4.919018967834913e-7,2.0962728028884812e-7,9.370601127297574e-8
2.8093645484949823,53.491720124757705,4.913857999840191,9.435124820873678,9.02285426189189,3.4833360647293334,3.7433127294650475,1.8428272257740577,0.10698699847036049,0.06816629312004807,0.05846247600255343,0.008457074730548146,0.0017076992096505823,0.0002355540811200156,0.0002060520295026691,0.000026682326623653193,0.000007733210905457534,3.7956435895791647e-7,9.279656089730994e-8,3.717034727424739e-8,10,4.32,0.36,0.37,0.46,5.01,0.86,2.22,0.85,1.29,0.83,2.25,0.37,0.9,0.25,0.28,0.75,2.81,0.41,2.3,0.05,0.5,0.17,0.9,0.7,0.98,0.46,4.22,0.75,0.71,0.44,1.33,0.11,0.33,0.21,2.21,0.67,3.84,0.45,0,4.19,0.24,23.94298075508723,17.53156176623386,16.504221233247993,13.276550979731462,8.748313064115193,6.4524804357389325,2.9082746500750285,0.4357513743639658,0.27268528552249327,0.1538593503759829,0.02779353529708353,0.0064159778107379245,0.0015651903481423634,0.0008394992001994638,0.00013455671723248765,0.00003463684120985842,0.0000024722510834198236,7.766635374957977e-7,3.396121375722588e-7,1.5574375507909658e-7
2.9096989966555173,54.11429885718934,5.014597160882548,9.754218778196075,9.473960247232622,3.714003192761538,4.105215527785859,2.1010138977462858,0.12416373214763919,0.08081831558538322,0.07219361355466573,0.010832418984554915,0.0022555265257684053,0.00031854646842286924,0.0002881325729336448,0.000038516507389403484,0.000011629197716680323,5.883176285723056e-7,1.4729031628462178e-7,6.038147820543982e-8,10,4.32,0.36,0.37,0.46,5.01,0.86,2.22,0.85,1.29,0.83,2.25,0.37,0.9,0.25,0.28,0.75,2.81,0.41,2.3,0.05,0.5,0.17,0.9,0.7,0.98,0.46,4.22,0.75,0.71,0.44,1.33,0.11,0.33,0.21,2.21,0.67,3.84,0.45,0,4.19,0.24,23.71885241141184,17.715575883154084,16.73450362677294,13.60149947744756,9.138786068938005,6.8375774384326915,3.1694405005707016,0.4951610922582307,0.315764577944859,0.1822724451686481,0.03425529554995853,0.008170308518061541,0.002063884619778517,0.0011281666670442743,0.00018762686353155023,0.0000499477430790718,0.0000037140885445043227,0.0000012014974472340987,5.384231493404996e-7,2.529983936807929e-7
3.0100334448160524,54.697287584329764,5.110796810907282,10.063840671768302,9.91817927559077,3.9449401317873067,4.479075863916633,2.379513360622582,0.1429996358735585,0.09497724117028329,0.08824112483764304,0.013715315631362798,0.0029409713774288066,0.0004248524728431729,0.00039684180561118696,0.00005469131324534029,0.00001718000603545962,8.947143848728406e-7,2.2912698167512877e-7,9.602424700981196e-8,10,4.32,0.36,0.37,0.46,5.01,0.86,2.22,0.85,1.29,0.83,2.25,0.37,0.9,0.25,0.28,0.75,2.81,0.41,2.3,0.05,0.5,0.17,0.9,0.7,0.98,0.46,4.22,0.75,0.71,0.44,1.33,0.11,0.33,0.21,2.21,0.67,3.84,0.45,0,4.19,0.24,23.50897646964129,17.887029873184662,16.95018904492474,13.911273907073477,9.52015095612863,7.218857226872286,3.4362899373693248,0.5590140140691541,0.36288830792488325,0.2140355984497694,0.041788958761489844,0.010285104104026353,0.002686719812372371,0.0014952460811897992,0.000257693504155993,0.00007084964595240204,0.000005481511970878378,0.0000018238037128466415,8.36636698478079e-7,4.0234159497111216e-7
3.1103678929765874,55.24328491484874,5.202657652579219,10.364064004794702,10.354950796771881,4.175640560875424,4.863944194441994,2.6784060109778216,0.16353076647841663,0.1107094134416783,0.10683564962743265,0.01717985089113999,0.003789086995035299,0.0005593876392820681,0.0005389075115754826,0.0000764779323151615,0.000024963947697612803,0.000001336812966438645,3.498158146239606e-7,1.4971453973336103e-7,10,4.32,0.36,0.37,0.46,5.01,0.86,2.22,0.85,1.29,0.83,2.25,0.37,0.9,0.25,0.28,0.75,2.81,0.41,2.3,0.05,0.5,0.17,0.9,0.7,0.98,0.46,4.22,0.75,0.71,0.44,1.33,0.11,0.33,0.21,2.21,0.67,3.84,0.45,0,4.19,0.24,23.312417430654456,18.046792898307594,17.152219795298443,14.206513913388143,9.892104862309125,7.595531910026166,3.7079482722533395,0.6273056082149776,0.41413059429326265,0.24928986843448842,0.05049725016222253,0.012809504905501283,0.003455986941064842,0.001956435204088715,0.0003489740429999216,0.00009896961573242739,0.00000795737201726011,0.000002719980060031352,0.0000012759211852759962,6.273039214827828e-7
3.2107023411371225,55.754714693936016,5.290373026456676,10.65499025637464,10.783804201391426,4.405645560214235,5.2588832977262925,2.997687424584427,0.18578534842097666,0.12807428965284037,0.12821083988709397,0.021305380298674785,0.004827647082634018,0.0007277488339868755,0.0007222708638960969,0.00010542659065319224,0.00003571913435922876,0.0000019646420172062276,5.248163277075004e-7,2.2915409112974107e-7,10,4.32,0.36,0.37,0.46,5.01,0.86,2.22,0.85,1.29,0.83,2.25,0.37,0.9,0.25,0.28,0.75,2.81,0.41,2.3,0.05,0.5,0.17,0.9,0.7,0.98,0.46,4.22,0.75,0.71,0.44,1.33,0.11,0.33,0.21,2.21,0.67,3.84,0.45,0,4.19,0.24,23.12830271018304,18.195672844586255,17.341477242065753,14.487844797968993,10.254421604817125,7.966915690323299,3.983573111807557,0.7000134675679073,0.4695463703052798,0.28816032420717813,0.06048350529277227,0.015795489310963494,0.004396329677347375,0.0025293969315025415,0.00046642461347882417,0.00013628826078923052,0.000011374739514932184,0.0000039902319184617374,0.000001912175357388418,9.601556418336152e-7
3.3110367892976575,56.23383801870617,5.374128913095098,10.936744514047243,11.204350037904078,4.6345410073816335,5.66297463159371,3.3372735556442104,0.20978394357787036,0.1471241764652106,0.15260170534628886,0.026176277974841674,0.006087181122520117,0.0009362509224295551,0.0009562092619316981,0.00014340625820513737,0.000050375865121228044,0.0000028430706698862685,7.745912808001539e-7,3.4474081977119624e-7,10,4.32,0.36,0.37,0.46,5.01,0.86,2.22,0.85,1.29,0.83,2.25,0.37,0.9,0.25,0.28,0.75,2.81,0.41,2.3,0.05,0.5,0.17,0.9,0.7,0.98,0.46,4.22,0.75,0.71,0.44,1.33,0.11,0.33,0.21,2.21,0.67,3.84,0.45,0,4.19,0.24,22.95581831326578,18.334420766897537,17.518785572525807,14.755875288966417,10.606942512769505,8.332416652919003,4.262358779523287,0.7770986378969762,0.5291719691030794,0.3307555206026699,0.07185088541742135,0.019297623391593424,0.005534762075752119,0.003233821946203949,0.0006158098223612452,0.00018518897824949763,0.00001602699064932914,0.000005764210022312551,0.0000028192971493755524,0.0000014444640348413124
3.4113712374581926,56.682764406186045,5.454103994901228,11.209471664896604,11.616271912811833,4.861954910563012,6.075323495847191,3.6970061870263056,0.2355396890957658,0.1679040723878654,0.18024299623693374,0.031881634954467955,0.007600982602447501,0.0011919586634871057,0.0012514576006334834,0.00019264621715596884,0.00007009299049569437,0.000004055141660407574,0.0000011258569043313278,5.103086031615413e-7,10,4.32,0.36,0.37,0.46,5.01,0.86,2.22,0.85,1.29,0.83,2.25,0.37,0.9,0.25,0.28,0.75,2.81,0.41,2.3,0.05,0.5,0.17,0.9,0.7,0.98,0.46,4.22,0.75,0.71,0.44,1.33,0.11,0.33,0.21,2.21,0.67,3.84,0.45,0,4.19,0.24,22.794204813773028,18.463734992634272,17.68491538264407,15.011195970180406,10.949568191759965,8.691528855303318,4.543539599505895,0.8585069655455413,0.5930258566800771,0.3771672166802437,0.08470162017620732,0.02337278363730791,0.006900661965194482,0.004091472359440473,0.0008037705609011468,0.0002485092398629122,0.000022279107114893552,0.000008207538943598748,0.000004093651641209605,0.0000021381930472468584
3.5117056856187276,57.10346217600166,5.530469763475003,11.473333068141056,12.019319043437608,5.08755473408434,6.495063139972864,4.0766585241994315,0.263058590929784,0.19045160693201868,0.21136764324178717,0.03851491221327489,0.00940509015376612,0.0015027133340190474,0.00162032626684613,0.00025577907033148893,0.0000962983071694626,0.000005705897868987275,0.0000016130491579397381,7.440122358559769e-7,10,4.32,0.36,0.37,0.46,5.01,0.86,2.22,0.85,1.29,0.83,2.25,0.37,0.9,0.25,0.28,0.75,2.81,0.41,2.3,0.05,0.5,0.17,0.9,0.7,0.98,0.46,4.22,0.75,0.71,0.44,1.33,0.11,0.33,0.21,2.21,0.67,3.84,0.45,0,4.19,0.24,22.642753616639403,18.584264913922116,17.84058707640846,15.254378224351179,11.282251136744513,9.043824789899805,4.82639219492572,0.944170443578503,0.6611094816705655,0.42747031378155353,0.09913628654463685,0.028079857884311117,0.008525740217042034,0.005126205569425782,0.001037888858514897,0.0003295933497522394,0.00003058020281343533,0.000011529291354642251,0.0000058593032603534045,0.0000031174112682365435
3.6120401337792627,57.49776810579795,5.603390661188959,11.728503644155952,12.4132994273376,5.311044757658522,6.921357948686611,4.475940841848229,0.2923398616561688,0.2147970659151179,0.2462052714062468,0.04617355439919521,0.011538242080047731,0.0018771537023445663,0.0020768142023153955,0.00033588472473576375,0.0001307329745675449,0.000007926727533460092,0.00000228002334517385,0.0000010693729110860606,10,4.32,0.36,0.37,0.46,5.01,0.86,2.22,0.85,1.29,0.83,2.25,0.37,0.9,0.25,0.28,0.75,2.81,0.41,2.3,0.05,0.5,0.17,0.9,0.7,0.98,0.46,4.22,0.75,0.71,0.44,1.33,0.11,0.33,0.21,2.21,0.67,3.84,0.45,0,4.19,0.24,22.50080348191274,18.69661449499832,17.986474078582564,15.485973576789256,11.60498911240893,9.388948263717628,5.1102369433558925,1.0340085394753777,0.733408214228636,0.4817229880344588,0.11525313145526021,0.03347942950324228,0.010443986535368276,0.006363977972157522,0.0013267488047601947,0.00043234605669613586,0.0000414772688252632,0.000015990452207680323,0.000008274071835478857,0.000004480672497450594
3.7123745819397977,57.867396411232455,5.673024248317262,11.975169326372455,12.798073591243709,5.532163499310899,7.353405825440817,4.894506107925377,0.32337629237984605,0.2409634924365835,0.2849808016249312,0.05495857034119829,0.01404180512821175,0.002324731061899888,0.002636715445347513,0.00043653485722923067,0.00017549988929249004,0.000010880248579559766,0.0000031820030011775283,0.0000015164991688505894,10,4.32,0.36,0.37,0.46,5.01,0.86,2.22,0.85,1.29,0.83,2.25,0.37,0.9,0.25,0.28,0.75,2.81,0.41,2.3,0.05,0.5,0.17,0.9,0.7,0.98,0.46,4.22,0.75,0.71,0.44,1.33,0.11,0.33,0.21,2.21,0.67,3.84,0.45,0,4.19,0.24,22.36773729195632,18.801345517930066,18.12320586338917,15.7065133519897,11.917819228276338,9.72660771803642,5.394438715915391,1.1279294909342212,0.8098923496883682,0.5399669925228954,0.1331474438544619,0.03963344971733024,0.012691592737173567,0.007832828497206892,0.0016799926290158728,0.0005612863722927029,0.00005563011126481416,0.00002191340735003814,0.000011536466898538943,0.00000635413151748397
3.812709030100333,58.2139471003775,5.739521388722886,12.213524829360797,13.17354888013489,5.750681223565846,7.7904398857990875,5.33195552294788,0.356154649534259,0.26896685301928297,0.3279131501546749,0.06497408652419161,0.016959678784200613,0.002855718150117494,0.00331771768220396,0.0005618373472693942,0.00023311588046633322,0.000014765744712800489,0.000004387791073110694,0.0000021234967558506623,10,4.32,0.36,0.37,0.46,5.01,0.86,2.22,0.85,1.29,0.83,2.25,0.37,0.9,0.25,0.28,0.75,2.81,0.41,2.3,0.05,0.5,0.17,0.9,0.7,0.98,0.46,4.22,0.75,0.71,0.44,1.33,0.11,0.33,0.21,2.21,0.67,3.84,0.45,0,4.19,0.24,22.242979043864104,18.89898058832715,18.251370804251373,15.916508573066313,12.220812639814355,10.056569995277492,5.678407016482209,1.2258315592747124,0.8905181554533618,0.602228104436617,0.1529109803682249,0.04660490272283202,0.015306854859462553,0.009562842331842854,0.002108371121566278,0.0007216009250169977,0.00007382743416420186,0.000029692475796304916,0.000015893544180612266,0.000008897451407014276
3.913043478260868,58.53891374270244,5.803026448736932,12.443771696115103,13.539674252291693,5.966397550671125,8.231729556021994,5.787843922818331,0.3906560886036785,0.298816259330717,0.37521403493304145,0.07632687943567103,0.020338176459214156,0.0034812118093329675,0.00413949136384652,0.000716480142383568,0.00030656756253250977,0.000019825164659488102,0.000005982256605658776,0.0000029380815757461836,10,4.32,0.36,0.37,0.46,5.01,0.86,2.22,0.85,1.29,0.83,2.25,0.37,0.9,0.25,0.28,0.75,2.81,0.41,2.3,0.05,0.5,0.17,0.9,0.7,0.98,0.46,4.22,0.75,0.71,0.44,1.33,0.11,0.33,0.21,2.21,0.67,3.84,0.45,0,4.19,0.24,22.125991052627125,18.990005918380916,18.371518849513038,16.116450050927593,12.51406981839925,10.378654553281894,5.961595619715212,1.3276042319363737,0.9752289426507427,0.6685166947139969,0.17463144796245664,0.054457467970654025,0.018330055497736707,0.011586095312500232,0.0026237876056822594,0.0009191961574915693,0.00009700401105723573,0.00003980550197167732,0.000021649728656643915,0.00001231056180237651
4.013377926421403,58.843690699228254,5.863677504761153,12.666116588357603,13.896435538796378,6.179139175893769,8.676581171803374,6.261685005986812,0.4268565775349254,0.3305142355082474,0.42708689320673215,0.08912589286433754,0.024225885575994862,0.004213129440633451,0.005123768243070305,0.0009057740290718704,0.0003993705592700571,0.000026349679037657024,0.000008069102514291998,0.000004019404788133091,10,4.32,0.36,0.37,0.46,5.01,0.86,2.22,0.85,1.29,0.83,2.25,0.37,0.9,0.25,0.28,0.75,2.81,0.41,2.3,0.05,0.5,0.17,0.9,0.7,0.98,0.46,4.22,0.75,0.71,0.44,1.33,0.11,0.33,0.21,2.21,0.67,3.84,0.45,0,4.19,0.24,22.016271348277833,19.074873906524324,18.484164032865834,16.30680861817696,12.797716329055502,10.69272811219373,6.243501803126334,1.4331293685251136,1.0639561463147589,0.7388283970086323,0.1983920448164287,0.0632551836747074,0.021803328321783576,0.013936580057170432,0.0032393348797882934,0.0011607486971458815,0.00012625885196121089,0.00005282649198864638,0.000029176621500221377,0.00001684130606227765
4.113712374581938,59.12957988400756,5.921606555958505,12.880769777778008,14.24385110472704,6.3887576967444755,9.124338181446646,6.7529563689682,0.4647273237709237,0.3640570202003446,0.48372590583240427,0.10348174614299259,0.028673509747063536,0.005064199737201362,0.006294409097105738,0.00113569391940555,0.0005156315967889347,0.00003468675000305565,0.000010773899659631894,0.000005440083537052023,10,4.32,0.36,0.37,0.46,5.01,0.86,2.22,0.85,1.29,0.83,2.25,0.37,0.9,0.25,0.28,0.75,2.81,0.41,2.3,0.05,0.5,0.17,0.9,0.7,0.98,0.46,4.22,0.75,0.71,0.44,1.33,0.11,0.33,0.21,2.21,0.67,3.84,0.45,0,4.19,0.24,21.913351241757283,19.15400554134189,18.58978683646302,16.488035467649198,13.071899036799968,10.998699690539812,6.523665271059931,1.5422822904829034,1.1566204015141544,0.8131448511691722,0.2242710560718934,0.07306211470574886,0.02577050767300964,0.016650116068160442,0.003969325134406633,0.0014537534371625988,0.00016287420943970676,0.00006943920473479963,0.00003892373710131306,0.000022793950020247976
4.214046822742474,59.39779699030537,5.976939740463466,13.087943857003543,14.581967965935448,6.5951275743264235,9.57438093659722,7.261104285887294,0.5042352006311515,0.39943490297235457,0.5453151525041547,0.1195062364803148,0.03373369124268906,0.006047946609121178,0.0076774574386640326,0.0014129178488442268,0.0006601137365352416,0.00004524780885155212,0.000014247445677408977,0.000007288487746818108,10,4.32,0.36,0.37,0.46,5.01,0.86,2.22,0.85,1.29,0.83,2.25,0.37,0.9,0.25,0.28,0.75,2.81,0.41,2.3,0.05,0.5,0.17,0.9,0.7,0.98,0.46,4.22,0.75,0.71,0.44,1.33,0.11,0.33,0.21,2.21,0.67,3.84,0.45,0,4.19,0.24,21.81679308349007,19.227792605799795,18.68883638269892,16.66056259150274,13.336782789365799,11.296516095693482,6.801666771465676,1.6549327995750787,1.2531326035548702,0.8914345192112076,0.2523415160504239,0.08394202896240098,0.030276961977639533,0.019764241611493344,0.004829310927960004,0.0018065682279439451,0.00020833549319780378,0.00009045186895806617,0.00005143037191518232,0.000030538763659167875
4.314381270903009,59.64947733250814,6.029797551430118,13.287852596656471,14.910858228013243,6.798144203356971,10.02612623618073,7.785548259613742,0.5453431672578207,0.43663257846265674,0.6120278715199134,0.13731184298813665,0.039460820554547096,0.007178667929774894,0.00930118105685964,0.0017448635264095604,0.0008383036067244169,0.000058516391013244434,0.000018669380858806288,0.000009671236973182377,10,4.32,0.36,0.37,0.46,5.01,0.86,2.22,0.85,1.29,0.83,2.25,0.37,0.9,0.25,0.28,0.75,2.81,0.41,2.3,0.05,0.5,0.17,0.9,0.7,0.98,0.46,4.22,0.75,0.71,0.44,1.33,0.11,0.33,0.21,2.21,0.67,3.84,0.45,0,4.19,0.24,21.726188160297074,19.29659973937016,18.781732499540325,16.82480327076611,13.592547425350798,11.586157750166315,7.077126547659223,1.7709461372484823,1.3533949428247871,0.9736535368881147,0.2826709224519735,0.09595808430114001,0.0353694168957597,0.023318092871005322,0.005836098598750138,0.0022284550933850296,0.00026435174810627627,0.00011681273896386997,0.00006733836585988407,0.00004052248291763416
4.414715719063545,59.88568128302244,6.080295051809663,13.480709951353855,15.230615861291279,6.997722101246482,10.479026634582675,8.325685312652327,0.5880106788856551,0.4756295154100948,0.6840258336427671,0.15701123601348305,0.04591083346484687,0.00847140876825969,0.011196099651939549,0.0021397218140622085,0.0010564804724083002,0.00007505675106449222,0.000024252083078746452,0.000012715930558553183,10,4.32,0.36,0.37,0.46,5.01,0.86,2.22,0.85,1.29,0.83,2.25,0.37,0.9,0.25,0.28,0.75,2.81,0.41,2.3,0.05,0.5,0.17,0.9,0.7,0.98,0.46,4.22,0.75,0.71,0.44,1.33,0.11,0.33,0.21,2.21,0.67,3.84,0.45,0,4.19,0.24,21.641154738111926,19.36076635088586,18.868867651402095,16.981152609907973,13.83938511703117,11.867634873008994,7.3497026429613275,1.8901838783784104,1.457301906350552,1.0597465937610795,0.31532100669909147,0.10917252898674196,0.04109576876215047,0.02735227026310123,0.007007753154689707,0.0027296171607378242,0.00033287663817119575,0.0001496265241897677,0.00008740583027103744,0.00005327974904033784
4.51505016722408,60.10739933080798,6.128542087000844,13.666729200473174,15.541353786264605,7.1937932120228325,10.932569551291328,8.88089401843211,0.6321940855181148,0.5164003360198561,0.7614588254217325,0.1787167948026694,0.0531409976623864,0.009941929468629748,0.013394998525648027,0.0026064868597679156,0.0013217867030150428,0.00009552291596870227,0.00003124482765632886,0.00001657410494941565,10,4.32,0.36,0.37,0.46,5.01,0.86,2.22,0.85,1.29,0.83,2.25,0.37,0.9,0.25,0.28,0.75,2.81,0.41,2.3,0.05,0.5,0.17,0.9,0.7,0.98,0.46,4.22,0.75,0.71,0.44,1.33,0.11,0.33,0.21,2.21,0.67,3.84,0.45,0,4.19,0.24,21.56133624090913,19.420608392378565,18.9506087434673,17.129988106725534,14.077498018302391,12.14098399307358,7.619089091554168,2.012504761022405,1.5647412425377618,1.1496478315745824,0.35034755759441244,0.12364641695873196,0.047504890153568985,0.031908693463381516,0.008363594734912216,0.003321230986159673,0.0004161297996415367,0.00019017160976109165,0.00011252179097306579,0.00006944549973805158
4.615384615384616,60.315556782948185,6.174643493931133,13.846122208965735,15.843201247124991,7.386305324972543,11.386276226308793,9.450538261359924,0.6778470157580391,0.5589151998873987,0.8444642406835153,0.20254013789390152,0.0612096911478794,0.011606668833307425,0.015932927703317355,0.003154982390601125,0.0016422991180803403,0.00012066813922252618,0.000039938204022349555,0.00002142441890952731,10,4.32,0.36,0.37,0.46,5.01,0.86,2.22,0.85,1.29,0.83,2.25,0.37,0.9,0.25,0.28,0.75,2.81,0.41,2.3,0.05,0.5,0.17,0.9,0.7,0.98,0.46,4.22,0.75,0.71,0.44,1.33,0.11,0.33,0.21,2.21,0.67,3.84,0.45,0,4.19,0.24,21.486399558138658,19.476420002482506,19.027298804884445,17.271670243847694,14.30709618906403,12.406264777453968,7.885014038337932,2.1377654513622497,1.6755948823262563,1.2432817477068412,0.3878002968997944,0.13943934030099578,0.054646429661600396,0.03703044669906932,0.009924186417490826,0.004015473676510659,0.0005166183997297818,0.00023991799098680867,0.000143721714936535,0.00008976831523091944
4.715719063545151,60.51101815131767,6.218699305674628,14.019098787927549,16.136301434401467,7.575220599376728,11.839700569645364,10.033970735377519,0.7249207440327315,0.6031401869599571,0.9331667708248875,0.22859166958649463,0.07017617530136003,0.013482703040099341,0.018847186939292146,0.0037958839308500796,0.0020271005653699015,0.0001513546823244091,0.000050668759657773755,0.00002747604937014255,10,4.32,0.36,0.37,0.46,5.01,0.86,2.22,0.85,1.29,0.83,2.25,0.37,0.9,0.25,0.28,0.75,2.81,0.41,2.3,0.05,0.5,0.17,0.9,0.7,0.98,0.46,4.22,0.75,0.71,0.44,1.33,0.11,0.33,0.21,2.21,0.67,3.84,0.45,0,4.19,0.24,21.416033465525643,19.52847503537721,19.099258563812192,17.406543089957914,14.52839575289521,12.663557137828853,8.147237828836449,2.265821247881157,1.789739814078393,1.3405640914666568,0.4277228015827397,0.15660917991689316,0.06257060839688713,0.0427616166247501,0.011711313797323387,0.004825544565839918,0.0006371587032839417,0.0003005457789662357,0.00018220381486928707,0.00011512464686089729
4.816053511705687,60.694591239394484,6.260804951240964,14.185866147247765,16.42080934134086,7.760514191807423,12.292427925563693,10.630536184242521,0.7733645402666368,0.649037676714377,1.0276781894135023,0.2569801447565621,0.08010036440287026,0.015587700645764967,0.022177296686195648,0.0045407367012341715,0.002486351231074396,0.00018856387102177398,0.00006382385175319341,0.00003497228785477537,10,4.32,0.36,0.37,0.46,5.01,0.86,2.22,0.85,1.29,0.83,2.25,0.37,0.9,0.25,0.28,0.75,2.81,0.41,2.3,0.05,0.5,0.17,0.9,0.7,0.98,0.46,4.22,0.75,0.71,0.44,1.33,0.11,0.33,0.21,2.21,0.67,3.84,0.45,0,4.19,0.24,21.34994715381799,19.577028481005115,19.16678791908415,17.53493490675031,14.741617271129549,12.912958599108135,8.405551086946694,2.3965267263879286,1.907048910696355,1.4414027469723918,0.4701524700981356,0.17521187519889675,0.07132801481776098,0.049147124210481424,0.013747956498655874,0.005765681177223265,0.0007808974933399783,0.00037396417428348094,0.00022934606119761377,0.00014653388611150884
4.916387959866222,60.86703092557814,6.301051449577702,14.346628437103858,16.6968898525121,7.942172990000186,12.744073772112822,11.239574366638706,0.823125999372501,0.6965667197235258,1.1280972329699972,0.2878122562031039,0.09104259351597778,0.017939873812096663,0.02596495408425021,0.005401968582470084,0.00303135903626753,0.00023340637971334849,0.00007984669655941103,0.00004419433879731541,10,4.32,0.36,0.37,0.46,5.01,0.86,2.22,0.85,1.29,0.83,2.25,0.37,0.9,0.25,0.28,0.75,2.81,0.41,2.3,0.05,0.5,0.17,0.9,0.7,0.98,0.46,4.22,0.75,0.71,0.44,1.33,0.11,0.33,0.21,2.21,0.67,3.84,0.45,0,4.19,0.24,21.28786886679187,19.62231777565817,19.230167306474968,17.65715875573528,14.946984328040454,13.154581931818676,8.659772803241863,2.5297363231294625,2.027391703150082,1.5456985937156094,0.5151205329304709,0.19530121512160908,0.08096939969209377,0.05623255192386025,0.01605825122353081,0.006851168720695784,0.0009513331422284819,0.0004623308124716948,0.0002867238623293464,0.00018517427956075158
5.016722408026758,61.02904273717177,6.339525598835217,14.501586347095577,16.96471598876598,8.12019442239808,13.194282394092113,11.860422820488175,0.8741513548286273,0.7456834007745451,1.2345095482713981,0.32119224094197013,0.10306338701404268,0.020557927119684242,0.030253978027348534,0.006392899192720443,0.003674648795332613,0.0002871326217578576,0.00009924154016779769,0.00005546525317299525,10,4.32,0.36,0.37,0.46,5.01,0.86,2.22,0.85,1.29,0.83,2.25,0.37,0.9,0.25,0.28,0.75,2.81,0.41,2.3,0.05,0.5,0.17,0.9,0.7,0.98,0.46,4.22,0.75,0.71,0.44,1.33,0.11,0.33,0.21,2.21,0.67,3.84,0.45,0,4.19,0.24,21.229544614618167,19.664564037289356,19.28965899166224,17.7735131001011,15.14472225491771,13.388552964581601,8.909748449560858,2.665304873615219,2.150635112750879,1.6533463443678837,0.5626520931755642,0.21692864593794328,0.09154547279870706,0.0640639689245561,0.018667448754620463,0.008098344558831603,0.0011523362518906124,0.0005680712621724408,0.0003561281503164953,0.00023239941079485012
5.117056856187293,61.18128617626665,6.376310159728198,14.650936772203549,17.22446733554915,8.294585357914723,13.642725532023322,12.492419385777561,0.9263857726198406,0.7963411905584881,1.3469877177356802,0.3572215105800473,0.1162232288802616,0.02346100367687828,0.035090241126021104,0.007527744133601633,0.004430029525526878,0.0003511432269364065,0.00012257895945597523,0.00006915401590002265,10,4.32,0.36,0.37,0.46,5.01,0.86,2.22,0.85,1.29,0.83,2.25,0.37,0.9,0.25,0.28,0.75,2.81,0.41,2.3,0.05,0.5,0.17,0.9,0.7,0.98,0.46,4.22,0.75,0.71,0.44,1.33,0.11,0.33,0.21,2.21,0.67,3.84,0.45,0,4.19,0.24,21.174736976544008,19.70397321174369,19.34550827614322,17.884282399075108,15.335057015789182,13.6150086084595,9.1553481323766,2.8030880985528372,2.276644132932772,1.7642353523977385,0.612766202069232,0.24014309930585945,0.10310670261129234,0.0726877546719105,0.021601863780690265,0.009524596449882216,0.0013881696657672246,0.0006938986286939549,0.0004395838971559347,0.00028975532662109496
5.217391304347829,61.32437776889321,6.411484031750736,14.794872550455208,17.47632867231173,8.465361107565924,14.08910101827833,13.134904450997068,0.9797736218191847,0.8484912820537198,1.4655913708419577,0.39599831143556147,0.13058233673588582,0.02666862847044266,0.040521586753706144,0.008821613449093128,0.0053126590331935815,0.0004269995499276606,0.0001505012845535133,0.00008567979343586173,10,4.32,0.36,0.37,0.46,5.01,0.86,2.22,0.85,1.29,0.83,2.25,0.37,0.9,0.25,0.28,0.75,2.81,0.41,2.3,0.05,0.5,0.17,0.9,0.7,0.98,0.46,4.22,0.75,0.71,0.44,1.33,0.11,0.33,0.21,2.21,0.67,3.84,0.45,0,4.19,0.24,21.123224003198448,19.74073711988515,19.397944605679708,17.989737690545592,15.518214268002415,13.834095115260347,9.39646480370123,2.942943029914791,2.405282451669884,1.8782503801814574,0.6654759724769334,0.26499084457688526,0.11570312090476446,0.0821504220799884,0.024888816677530384,0.011148353393642566,0.0016635075754690733,0.0008428331446892759,0.0005393690256393533,0.0003589983344962607
5.317725752508364,61.458893905827196,6.445122423190108,14.933582250406886,17.72048874809931,8.632544504430381,14.533131423849266,13.787222981915601,1.0342587255004916,0.9020829116266026,1.5903673581909548,0.43761741136271776,0.14620044140609473,0.030200650073643486,0.046597734521596136,0.010290505142648645,0.006339105385294878,0.000516434090747444,0.00018372807115876722,0.00010551628036714684,10,4.32,0.36,0.37,0.46,5.01,0.86,2.22,0.85,1.29,0.83,2.25,0.37,0.9,0.25,0.28,0.75,2.81,0.41,2.3,0.05,0.5,0.17,0.9,0.7,0.98,0.46,4.22,0.75,0.71,0.44,1.33,0.11,0.33,0.21,2.21,0.67,3.84,0.45,0,4.19,0.24,21.074798193902215,19.77503443048861,19.44718260483252,18.090137160018877,15.694418546370896,14.04596650814413,9.63301253598544,3.0847283908109997,2.5364130248894745,1.995272328831638,0.7207887191638154,0.2915153612421797,0.1293841335440968,0.09249844241957841,0.02855656924756785,0.012989070247340261,0.0019834536180903467,0.0010182215328754772,0.00065803346708445,0.0004421132147383453
5.4180602006689,61.58537351700262,6.477297015502993,15.067249994898622,17.957139169328013,8.79616504731343,14.974562730284571,14.448726369605678,1.0897845943004127,0.9570636648287516,1.7213499729872297,0.48216981154626365,0.1631365733933175,0.03407718148307788,0.05337017639815312,0.011951294271517036,0.0075274048717275,0.0006213607303997261,0.00022306156711056268,0.00012919609893123735,10,4.32,0.36,0.37,0.46,5.01,0.86,2.22,0.85,1.29,0.83,2.25,0.37,0.9,0.25,0.28,0.75,2.81,0.41,2.3,0.05,0.5,0.17,0.9,0.7,0.98,0.46,4.22,0.75,0.71,0.44,1.33,0.11,0.33,0.21,2.21,0.67,3.84,0.45,0,4.19,0.24,21.02926553387906,19.807031574159595,19.49342305205718,18.185726694746133,15.86389253916299,14.250783146249924,9.864924864854695,3.228304937764281,2.669898607404372,2.115178930456767,0.77870611853075,0.31975722901631504,0.14419833844323532,0.10377807355997382,0.032634255763221216,0.015067206845227634,0.0023535578542861323,0.0012237559642193177,0.0007984181731855039,0.0005413316545218845
5.518394648829435,61.704320586116324,6.508076122021573,15.196055318282546,18.186473393255913,8.956258105677197,15.41316303157932,15.118774103983402,1.1462946428550806,1.0133797664053992,1.8585612158024376,0.5297424836958754,0.18144885722713777,0.03831854040656734,0.06089206407971754,0.013821717640124121,0.008897116006377676,0.000743884711840681,0.0002693921389288826,0.00015731522636942957,10,4.32,0.36,0.37,0.46,5.01,0.86,2.22,0.85,1.29,0.83,2.25,0.37,0.9,0.25,0.28,0.75,2.81,0.41,2.3,0.05,0.5,0.17,0.9,0.7,0.98,0.46,4.22,0.75,0.71,0.44,1.33,0.11,0.33,0.21,2.21,0.67,3.84,0.45,0,4.19,0.24,20.986444588998125,19.836883600733117,19.536853797605094,18.276740422319733,16.026856449588053,14.448710416089344,10.09215320242554,3.373535766974042,2.805602242196563,2.237845401942296,0.83922438567292,0.34975403526729143,0.160193351495574,0.116035192455926,0.037151809734944835,0.01740420170066354,0.0027798324926180903,0.0014634924800855536,0.0009636739616206659,0.00065915079848791
5.618729096989971,61.81620648217088,6.537524840425025,15.320173063266711,18.408685843844417,9.11286419387914,15.848721263407942,15.796735252323318,1.203732387451002,1.0709763535087538,2.0020111082480536,0.5804181349749523,0.2011943142715545,0.04294518891443051,0.06921808677005233,0.015920353679792346,0.010469369110723272,0.0008863123268530985,0.00032370364606822713,0.00019053744577690124,10,4.32,0.36,0.37,0.46,5.01,0.86,2.22,0.85,1.29,0.83,2.25,0.37,0.9,0.25,0.28,0.75,2.81,0.41,2.3,0.05,0.5,0.17,0.9,0.7,0.98,0.46,4.22,0.75,0.71,0.44,1.33,0.11,0.33,0.21,2.21,0.67,3.84,0.45,0,4.19,0.24,20.946165666418487,19.86473497180771,19.577650616120003,18.363401233184348,16.183527457639613,14.639917568767128,10.314665323986318,3.5202865800622782,2.943387703798727,2.363145057657731,0.9023344711782849,0.38154030148736895,0.17741564108548535,0.1293151321413575,0.042139885987628516,0.02002243979194426,0.0032687662178995294,0.0017418687994796356,0.0011572801503023865,0.0007983518978052162
5.719063545150506,61.92147211421972,6.565705198833975,15.439773314162151,18.62397114323311,9.266028312684893,16.28104596686939,16.48198974728674,1.2620416248351563,1.1297977312169183,2.151698051516617,0.6342750015062355,0.22242867516515266,0.04797767280455481,0.07840433994004362,0.01826659749485527,0.012266910939976287,0.0010511602280433054,0.0003870787237378157,0.0002295987920181059,10,4.32,0.36,0.37,0.46,5.01,0.86,2.22,0.85,1.29,0.83,2.25,0.37,0.9,0.25,0.28,0.75,2.81,0.41,2.3,0.05,0.5,0.17,0.9,0.7,0.98,0.46,4.22,0.75,0.71,0.44,1.33,0.11,0.33,0.21,2.21,0.67,3.84,0.45,0,4.19,0.24,20.908270038880904,19.890720290797667,19.615977995978767,18.44592128569184,16.33411927524225,14.824576695799337,10.532443933360765,3.6684259106139203,3.0831198959878523,2.490949879223081,0.9680222755022484,0.41514742874000515,0.1959103721717544,0.14366252428018858,0.04762977845969465,0.02294521446476012,0.0038273369623030803,0.0020637213590713683,0.0013830628427450645,0.0009620189385558638
5.819397993311042,62.02052994132427,6.592676296018633,15.555021356487542,18.832523433135197,9.415799346586295,16.70996409578902,17.173929514514484,1.3211665942450597,1.1897876107691032,2.307609217572957,0.6913866686507517,0.24520620282472583,0.053436561314214155,0.0885081870600528,0.020880631587893578,0.014314144013312808,0.001241164274415783,0.00046070391992349553,0.0002753119464225472,10,4.32,0.36,0.37,0.46,5.01,0.86,2.22,0.85,1.29,0.83,2.25,0.37,0.9,0.25,0.28,0.75,2.81,0.41,2.3,0.05,0.5,0.17,0.9,0.7,0.98,0.46,4.22,0.75,0.71,0.44,1.33,0.11,0.33,0.21,2.21,0.67,3.84,0.45,0,4.19,0.24,20.872609221123266,19.914964982121408,19.651989876474065,18.52450249323743,16.478841771077782,15.002861814377228,10.745485307581497,3.8178253183802613,3.2246652094132853,2.6211310438902893,1.0362688751158506,0.4506036598083685,0.2157212605636928,0.1591211484509441,0.053653334913964304,0.02619668417043405,0.004463023026765912,0.0024343014201101383,0.0016452126766160766,0.0011535570555104729
5.919732441471577,62.11376585527144,6.618494436018212,15.66607765753528,19.034535772021734,9.56222951032336,17.135319871350312,17.871959457982154,1.3810521240022067,1.2508893309808007,2.469720965390809,0.7518219168540646,0.2695795266079358,0.059342387605701645,0.09958811568469629,0.023783392619470982,0.016637160348693857,0.0014592878351518297,0.0005458746423480559,0.00032857054273303097,10,4.32,0.36,0.37,0.46,5.01,0.86,2.22,0.85,1.29,0.83,2.25,0.37,0.9,0.25,0.28,0.75,2.81,0.41,2.3,0.05,0.5,0.17,0.9,0.7,0.98,0.46,4.22,0.75,0.71,0.44,1.33,0.11,0.33,0.21,2.21,0.67,3.84,0.45,0,4.19,0.24,20.839044292102287,19.937585925882054,19.6858303389709,18.599336993509848,16.617900652339646,15.174948045827946,10.953798019719741,3.968359555233348,3.3678918427440725,2.753559412986301,1.1070507568302137,0.4879340565431032,0.23689043777715435,0.17573378893253871,0.06024286938356714,0.029801824545540086,0.005183812469687089,0.002859290105312346,0.0019483018823866706,0.0013767105740514
6.020066889632113,62.20154093959254,6.643213257242737,15.773097866815869,19.23019960497757,9.705373842864445,17.556973683743173,18.575498309101004,1.441643763196803,1.313046063175098,2.6379992792205,0.81564459260691,0.29559948797155383,0.06571559025327506,0.1117035886240458,0.02699653437952817,0.0192637693268891,0.0017087294919550242,0.000643999881445679,0.0003903533560089725,10,4.32,0.36,0.37,0.46,5.01,0.86,2.22,0.85,1.29,0.83,2.25,0.37,0.9,0.25,0.28,0.75,2.81,0.41,2.3,0.05,0.5,0.17,0.9,0.7,0.98,0.46,4.22,0.75,0.71,0.44,1.33,0.11,0.33,0.21,2.21,0.67,3.84,0.45,0,4.19,0.24,20.80744526174669,19.958692049317584,19.717634253324466,18.670607600100293,16.751497200843577,15.341010883460026,11.157401738093604,4.119906704150679,3.5126700886812268,2.8881059813417003,1.1803400588670752,0.5271604917661313,0.25945832669561625,0.1935420994007864,0.06743107279608013,0.033786376098814665,0.005998210684562848,0.0033448122566519982,0.0022973005345473694,0.0016355805616775948
6.120401337792648,62.28419310740187,6.666883856099015,15.876232835558861,19.419704303906755,9.845289747533833,17.97480104051217,19.283979344310907,1.5028878988921646,1.376200999922586,2.812400226373171,0.8829135041150058,0.32331499790234747,0.07257645593273417,0.12491489087636867,0.030542387142317023,0.022223519433325702,0.001992930083654776,0.0007566066768439563,0.000461728347007242,10,4.32,0.36,0.37,0.46,5.01,0.86,2.22,0.85,1.29,0.83,2.25,0.37,0.9,0.25,0.28,0.75,2.81,0.41,2.3,0.05,0.5,0.17,0.9,0.7,0.98,0.46,4.22,0.75,0.71,0.44,1.33,0.11,0.33,0.21,2.21,0.67,3.84,0.45,0,4.19,0.24,20.77769048133533,19.97838487593314,19.74752788047544,18.738488236619933,16.879828061586633,15.50122554696162,11.356326100383225,4.272348292237932,3.658872585918722,3.024642288503289,1.2561048174870346,0.568301655171862,0.28346352821524284,0.21258647587886167,0.07525092217960228,0.038176787761615816,0.006915246095429979,0.0038974490113916046,0.002697591882927533,0.0019346417739603441
6.220735785953184,62.36203862608021,6.689554905279831,15.97562865280482,19.603236771549334,9.982036575096618,18.388691562660394,19.99685098065525,1.5647318596149549,1.4402975279970565,2.9928704303996727,0.9536823408499133,0.352772906387455,0.07994506357256237,0.13928297325938002,0.034443913674472665,0.025547713666600663,0.002315579035022159,0.0008853442920383873,0.0005438565311351198,10,4.32,0.36,0.37,0.46,5.01,0.86,2.22,0.85,1.29,0.83,2.25,0.37,0.9,0.25,0.28,0.75,2.81,0.41,2.3,0.05,0.5,0.17,0.9,0.7,0.98,0.46,4.22,0.75,0.71,0.44,1.33,0.11,0.33,0.21,2.21,0.67,3.84,0.45,0,4.19,0.24,20.749666094611126,19.996759035220954,19.775629434039807,18.803144353409774,17.00308507796845,15.655766415783045,11.550609661230542,4.425569379872254,3.8063745390392305,3.163040792873246,1.334309217255351,0.6113730722937035,0.3089427190163272,0.23290593833167816,0.08373558899739184,0.043000156683722576,0.007944473912623566,0.004524248991733253,0.0031549866424166032,0.002278758865456152
6.321070234113719,62.43537353930429,6.711272766923788,16.07142669500679,19.780981101020767,10.115675245708678,18.79854802958112,20.713577261272043,1.627124006112698,1.5052793861162124,3.1793475548706613,1.027999615828909,0.384017884102593,0.08784123023919319,0.15486929381120795,0.038724662231155456,0.029269418455587372,0.002680619914277502,0.001031988061750069,0.0006379956399067524,10,4.32,0.36,0.37,0.46,5.01,0.86,2.22,0.85,1.29,0.83,2.25,0.37,0.9,0.25,0.28,0.75,2.81,0.41,2.3,0.05,0.5,0.17,0.9,0.7,0.98,0.46,4.22,0.75,0.71,0.44,1.33,0.11,0.33,0.21,2.21,0.67,3.84,0.45,0,4.19,0.24,20.72326552585046,20.013902736757643,19.802049604582336,18.86473332704742,17.12145516637859,15.804806531899509,11.740298911304999,4.579458628571649,3.9550539088690337,3.3031752103237553,1.4149138427444161,0.6563871353742031,0.3359305605105123,0.25453802125098923,0.09291834722424924,0.04828416473732215,0.009095977908345558,0.005232738009180733,0.0036757361191622263,0.002673201731209293
6.421404682274255,62.50447497638022,6.732081599845387,16.16376368883824,19.953118293678997,10.246267913198878,19.204285482722018,21.4336382220178,1.690013807986439,1.571090805215251,3.3717607944755255,1.1059086337214714,0.41709231891102994,0.09628445942967631,0.17173565786597264,0.04340871637627064,0.033423464580981346,0.003092254990584644,0.0011984427983817167,0.0007455034895257487,10,4.32,0.36,0.37,0.46,5.01,0.86,2.22,0.85,1.29,0.83,2.25,0.37,0.9,0.25,0.28,0.75,2.81,0.41,2.3,0.05,0.5,0.17,0.9,0.7,0.98,0.46,4.22,0.75,0.71,0.44,1.33,0.11,0.33,0.21,2.21,0.67,3.84,0.45,0,4.19,0.24,20.698389008503124,20.029898205331804,19.826892042824497,18.923404839593747,17.235120230890843,15.948517176090329,11.925447378945364,4.733908346175156,4.104791570303641,3.4449208122713006,1.4978759295051125,0.7033531471116035,0.36445962119515823,0.2775186753937545,0.10283248187928148,0.054057011676532006,0.01038036976370107,0.006030926854276312,0.004266543775499206,0.0031236596211128872
6.52173913043479,62.5696024134244,6.752023464132947,16.252771779094147,20.119826000951505,10.373877647195458,19.605830355665802,22.15653020877724,1.7533519143365193,1.637676641112711,3.570031367332028,1.1874474701247146,0.45203621917384484,0.10529389060666237,0.1899440581386542,0.048520643557000434,0.03804644434001777,0.0035549492976206633,0.0013867459730123877,0.0008678411936411589,10,4.32,0.36,0.37,0.46,5.01,0.86,2.22,0.85,1.29,0.83,2.25,0.37,0.9,0.25,0.28,0.75,2.81,0.41,2.3,0.05,0.5,0.17,0.9,0.7,0.98,0.46,4.22,0.75,0.71,0.44,1.33,0.11,0.33,0.21,2.21,0.67,3.84,0.45,0,4.19,0.24,20.674943131167222,20.044822099465872,19.850253825285094,18.97930124878023,17.344257094055212,16.087067474593432,12.106114767904913,4.888814522705239,4.255471456429408,3.5881547061926335,1.5831496137448124,0.7522773696905518,0.39456030511130324,0.30188217475612455,0.11351119811336427,0.06034734705340863,0.011808787279705526,0.0069273181458233656,0.004934575999229047,0.003636254601356456
6.622073578595326,62.630998778715664,6.771138417212883,16.33857861298136,20.28127834350345,10.498568172868012,20.00311968953218,22.881766036082603,1.817090205131336,1.704982482658688,3.774073010601072,1.2726489867713613,0.48888713911330484,0.11488825281601016,0.20955651513190882,0.05408543975428784,0.043176696498478884,0.004073433077596788,0.0015990701526381024,0.0010065758585033726,10,4.32,0.36,0.37,0.46,5.01,0.86,2.22,0.85,1.29,0.83,2.25,0.37,0.9,0.25,0.28,0.75,2.81,0.41,2.3,0.05,0.5,0.17,0.9,0.7,0.98,0.46,4.22,0.75,0.71,0.44,1.33,0.11,0.33,0.21,2.21,0.67,3.84,0.45,0,4.19,0.24,20.652840439662363,20.05874587620687,19.872225863072572,19.032557928840696,17.449037479639,16.22062410382612,12.282366211558314,5.044076836254627,4.406980658528992,3.7327560595849283,1.6706861775494046,0.8031630907149119,0.426260800035674,0.3276610405346312,0.12498753225176859,0.06718419825837015,0.013392888898202707,0.007930910099221374,0.005687470249803795,0.004217552847129131
6.722408026755861,62.68889175928121,6.789464620737965,16.421307402147473,20.43764562859399,10.620403535718701,20.39610024051404,23.608875354098817,1.8811818676390288,1.7729547913685524,3.983792467829174,1.3615408003722755,0.5276800765670016,0.12508581347378764,0.23063491844131823,0.060128479507406796,0.04885430635835127,0.004652706177555191,0.0018377263179434498,0.0011633838786279092,10,4.32,0.36,0.37,0.46,5.01,0.86,2.22,0.85,1.29,0.83,2.25,0.37,0.9,0.25,0.28,0.75,2.81,0.41,2.3,0.05,0.5,0.17,0.9,0.7,0.98,0.46,4.22,0.75,0.71,0.44,1.33,0.11,0.33,0.21,2.21,0.67,3.84,0.45,0,4.19,0.24,20.631998966658767,20.071736225394584,19.892893384050375,19.083303648462504,17.54962792623973,16.349350866376884,12.454271377937935,5.199598698418398,4.559209583604565,3.878606396756212,1.7604342978513001,0.8560106667381469,0.45958700083771925,0.35488594402839513,0.13729426111007695,0.0745969040454324,0.015144852800969331,0.009051204019374861,0.0065333463155202885,0.00487457845145094
6.822742474916397,62.74349445196165,6.807038411498698,16.501077053265885,20.589094392357563,10.739448008998771,20.784727948528698,24.33740434654267,1.9455813915007987,1.8415409374912626,4.199089990381567,1.4541454030988714,0.5684474637228849,0.13590434432931486,0.2532408692432457,0.06667544933979583,0.05512105441358982,0.005298035636127437,0.0021051640564057846,0.0013400520597983128,10,4.32,0.36,0.37,0.46,5.01,0.86,2.22,0.85,1.29,0.83,2.25,0.37,0.9,0.25,0.28,0.75,2.81,0.41,2.3,0.05,0.5,0.17,0.9,0.7,0.98,0.46,4.22,0.75,0.71,0.44,1.33,0.11,0.33,0.21,2.21,0.67,3.84,0.45,0,4.19,0.24,20.612341997293807,20.08385527793641,19.912336175799812,19.131660824746344,17.646189918672277,16.47340867929162,12.621904067040163,5.355287173406349,4.712051925745827,4.025589656710825,1.8523402766639752,0.9108176381829648,0.49456251605694235,0.3835856811372745,0.15046381945319426,0.08261503163643358,0.017077360472897877,0.010298198838049758,0.007480806549688972,0.005614818130554931
6.923076923076932,62.7950066263521,6.823894405129385,16.578002230277082,20.73578713135149,10.855765772880119,21.168967079172468,25.066916064373416,2.010244640136611,1.9106893317503533,4.41985981133006,1.5504801419797682,0.6112190743426125,0.1473610729996332,0.27743552636113944,0.07375229775540329,0.0620204106268139,0.006014959125762701,0.0024039743845813187,0.0015384805257775537,10,4.32,0.36,0.37,0.46,5.01,0.86,2.22,0.85,1.29,0.83,2.25,0.37,0.9,0.25,0.28,0.75,2.81,0.41,2.3,0.05,0.5,0.17,0.9,0.7,0.98,0.46,4.22,0.75,0.71,0.44,1.33,0.11,0.33,0.21,2.21,0.67,3.84,0.45,0,4.19,0.24,20.59379761451325,20.09516102539076,19.930629051659928,19.177745889566356,17.738879807952927,16.592955169686455,12.785341355161869,5.511053017922099,4.865404812766233,4.173592472459309,1.9463482815284694,0.9675787757419627,0.531208599275929,0.41378708328759745,0.16452821270403156,0.09126831084573686,0.01920359409043842,0.011682396830266086,0.008538945400192365,0.006446233403007951
7.023411371237468,62.84361536980902,6.840065565984332,16.65219348172014,20.877882341188496,10.969420822513941,21.54878970489522,25.79699012770397,2.0751288454345054,1.980349459594379,4.645990634130133,1.6505573411211478,0.6560220182467564,0.15947265052516882,0.30327945299011755,0.08138516949944942,0.06959748051337095,0.006809282029117808,0.0027368896545651843,0.0017606836015492382,10,4.32,0.36,0.37,0.46,5.01,0.86,2.22,0.85,1.29,0.83,2.25,0.37,0.9,0.25,0.28,0.75,2.81,0.41,2.3,0.05,0.5,0.17,0.9,0.7,0.98,0.46,4.22,0.75,0.71,0.44,1.33,0.11,0.33,0.21,2.21,0.67,3.84,0.45,0,4.19,0.24,20.576298466868757,20.105707526476547,19.947842091302185,19.22166953940849,17.82784893744659,16.708144659845136,12.944663202479708,5.6668106016812345,5.019168777237265,4.322504225360564,2.0424005690744713,1.0262861942363035,0.5695441586402437,0.44551499547362416,0.1795189370432257,0.10058655257779693,0.02153721934329767,0.013214797215791682,0.00971734865283315,0.007377264290491309
7.123745819398003,62.88949592539018,6.855583285473249,16.723757336096536,21.015534439301096,11.080476799662847,21.924175107028255,26.527222656683787,2.1401926276714462,2.0504719435771803,4.877366077716085,1.7543843797054592,0.7028807169042686,0.17225511823827616,0.3308324762786398,0.08960034792848141,0.07789896014296087,0.007687075158629993,0.00310678358856989,0.002008790656361622,10,4.32,0.36,0.37,0.46,5.01,0.86,2.22,0.85,1.29,0.83,2.25,0.37,0.9,0.25,0.28,0.75,2.81,0.41,2.3,0.05,0.5,0.17,0.9,0.7,0.98,0.46,4.22,0.75,0.71,0.44,1.33,0.11,0.33,0.21,2.21,0.67,3.84,0.45,0,4.19,0.24,20.55978146685954,20.11554518107667,19.964040951177957,19.26353701272838,17.91324368297825,16.819128009640952,13.099951932154482,5.822477873117876,5.17324778689012,4.47221716634171,2.1404376943081145,1.0869294399019256,0.6095857481765762,0.47879224175654556,0.19546690506930242,0.1105995771291546,0.02409237106386479,0.014906891096230456,0.011026093184745647,0.008416832850155197
7.224080267558539,62.93281259799134,6.870477466119814,16.79279640104832,21.14889367258554,11.188996803485216,22.29510911391966,27.257226244113486,2.2053960229690266,2.121008619088541,5.11386515613427,1.8619637529358297,0.7518168610686069,0.18572386882566286,0.36015353511425413,0.09842419644671851,0.08697310246012022,0.008654674440753686,0.003516672358492319,0.0022850477837898574,10,4.32,0.36,0.37,0.46,5.01,0.86,2.22,0.85,1.29,0.83,2.25,0.37,0.9,0.25,0.28,0.75,2.81,0.41,2.3,0.05,0.5,0.17,0.9,0.7,0.98,0.46,4.22,0.75,0.71,0.44,1.33,0.11,0.33,0.21,2.21,0.67,3.84,0.45,0,4.19,0.24,20.544187464723123,20.12472102684168,19.97928720035871,19.30344838862957,17.99520549074262,16.92605243569146,13.251291641499325,5.9779763311250065,5.3275492907166635,4.622626566096931,2.2403987400680436,1.149495574894222,0.6513475441874299,0.5136395751086067,0.2124023634945643,0.12133714000352241,0.0268836421792814,0.01677066003387579,0.01247575035390507,0.009574350214079503
7.324414715719074,62.97371933762145,6.884776584215864,16.859409475895113,21.278106150018992,11.295043312044458,22.66158366350503,27.986629654655957,2.2707004729960136,2.191912555142584,5.355362696653726,1.9732932080615637,0.8028494287237389,0.19989362342271835,0.3913005515493868,0.10788309746261025,0.09686964760143449,0.009718674888798386,0.003969712751660184,0.0025918172286782015,10,4.32,0.36,0.37,0.46,5.01,0.86,2.22,0.85,1.29,0.83,2.25,0.37,0.9,0.25,0.28,0.75,2.81,0.41,2.3,0.05,0.5,0.17,0.9,0.7,0.98,0.46,4.22,0.75,0.71,0.44,1.33,0.11,0.33,0.21,2.21,0.67,3.84,0.45,0,4.19,0.24,20.52946103845628,20.13327892618064,19.993638537651677,19.341498808971007,18.073870984527602,17.02906149660317,13.398767883490539,6.133230948556658,5.481984181510338,4.773630741995257,2.3422215029563973,1.2139692871487902,0.6948413733748137,0.5500756771818313,0.23035482871651614,0.13282885838911385,0.029926061981825722,0.01881856396063211,0.014077379213469915,0.010859714188161666
7.42474916387961,63.01236043940692,6.898507759751319,16.92369165671384,21.403313825196886,11.398678061690818,23.02359628659289,28.71507763701138,2.3360688295906606,2.263138095974122,5.6017297692342645,2.0883658498991173,0.8559946814438549,0.21477840398811318,0.42433029877474177,0.11800339422657759,0.10763976574077556,0.01088592633065097,0.004469201167488901,0.0029315774091793786,10,4.32,0.36,0.37,0.46,5.01,0.86,2.22,0.85,1.29,0.83,2.25,0.37,0.9,0.25,0.28,0.75,2.81,0.41,2.3,0.05,0.5,0.17,0.9,0.7,0.98,0.46,4.22,0.75,0.71,0.44,1.33,0.11,0.33,0.21,2.21,0.67,3.84,0.45,0,4.19,0.24,20.515550241813514,20.141259793094953,20.007149051580207,19.37777872648737,18.149372043300602,17.128295012764973,13.542467248680758,6.288170116170191,5.636466791800366,4.925131132278767,2.445842690134282,1.2803329878985072,0.7400767219804457,0.5881171407487813,0.2493530186703725,0.1451041400898629,0.033235078165019236,0.02106353240852108,0.01584252264902666,0.012283309344461597
7.525083612040145,63.0488712811687,6.911696829188465,16.985734441882503,21.52465446816186,11.499961915349116,23.381149563371476,29.442230755773075,2.401465362621059,2.334640908042813,5.8528341320135535,2.207170240748063,0.9112661537854496,0.23039150294511013,0.45929826201573,0.12881133122268804,0.11933600443770102,0.01216353005449875,0.005018573139011817,0.003306923386329927,10,4.32,0.36,0.37,0.46,5.01,0.86,2.22,0.85,1.29,0.83,2.25,0.37,0.9,0.25,0.28,0.75,2.81,0.41,2.3,0.05,0.5,0.17,0.9,0.7,0.98,0.46,4.22,0.75,0.71,0.44,1.33,0.11,0.33,0.21,2.21,0.67,3.84,0.45,0,4.19,0.24,20.50240633877927,20.148701832605724,20.01986949421525,19.412374163041584,18.221835874189033,17.223888971088066,13.68247691809106,6.442725589650668,5.790914896667622,5.0770323818977925,2.551198125079606,1.348566909023442,0.78706073935499,0.6277784459165672,0.2694247802931855,0.15819211003802797,0.0368265401529966,0.02351895741730432,0.01778320532995691,0.013856008988722395
7.625418060200681,63.08337872550582,6.924368395196899,17.045625846934836,21.64226175831879,11.598954841556852,23.734250813511913,30.167764968469292,2.4668557314955453,2.406377972596308,6.108540592623362,2.329690570043313,0.9686747044966659,0.24674547140136813,0.4962585343029847,0.1403329963224,0.132012198444149,0.01355882899077733,0.005621399414800239,0.0037205645687201686,10,4.32,0.36,0.37,0.46,5.01,0.86,2.22,0.85,1.29,0.83,2.25,0.37,0.9,0.25,0.28,0.75,2.81,0.41,2.3,0.05,0.5,0.17,0.9,0.7,0.98,0.46,4.22,0.75,0.71,0.44,1.33,0.11,0.33,0.21,2.21,0.67,3.84,0.45,0,4.19,0.24,20.48998365881791,20.155640666646576,20.0318474315725,19.44536688562437,18.291385149739053,17.315975592503506,13.8188844900434,6.596832392549745,5.945249636737996,5.229242307340339,2.6582228994043176,1.4186492198913154,0.8357982935621032,0.6690719885865348,0.2905970409732631,0.17212154327993562,0.040716671398505926,0.02619867446170174,0.019911919696908843,0.015589165542937508
7.725752508361216,63.116001764026144,6.936545892279948,17.103450508559888,21.756265282543744,11.695715810992805,24.082911623637365,30.891371403600203,2.5322069841969403,2.478307617985387,6.368711415208892,2.455906770499636,1.0282285242349398,0.26385209546866273,0.5352636934223486,0.1525942639724696,0.14572340570567477,0.015079402148788577,0.006281384240308767,0.0041753241397303,10,4.32,0.36,0.37,0.46,5.01,0.86,2.22,0.85,1.29,0.83,2.25,0.37,0.9,0.25,0.28,0.75,2.81,0.41,2.3,0.05,0.5,0.17,0.9,0.7,0.98,0.46,4.22,0.75,0.71,0.44,1.33,0.11,0.33,0.21,2.21,0.67,3.84,0.45,0,4.19,0.24,20.478239364950593,20.162109542240895,20.04312748296104,19.47683463884077,18.358138091357404,17.404683273987988,13.951777610373579,6.750428754860352,6.099395502219394,5.381671950605945,2.766851556619508,1.4905561264852143,0.8862919898346562,0.7120080728109951,0.31289574618198085,0.18692079645576037,0.04492204943162707,0.02911695130781588,0.02224161961990703,0.017494608145469957
7.826086956521752,63.146852033268026,6.948251644071762,17.159289794861955,21.866790584421423,11.790302736994771,24.427147460030373,31.6127560304097,2.5974875416221708,2.550389530931726,6.633206705006144,2.5857946628151534,1.0899331660907972,0.28172237870127304,0.5763646881492681,0.16562073761491866,0.16052582966766976,0.01673305685394543,0.007002362508887623,0.004674137604225507,10,4.32,0.36,0.37,0.46,5.01,0.86,2.22,0.85,1.29,0.83,2.25,0.37,0.9,0.25,0.28,0.75,2.81,0.41,2.3,0.05,0.5,0.17,0.9,0.7,0.98,0.46,4.22,0.75,0.71,0.44,1.33,0.11,0.33,0.21,2.21,0.67,3.84,0.45,0,4.19,0.24,20.467133268023513,20.168139496036158,20.053751513218245,19.506851347835337,18.422208582197978,17.490136598027,14.08124370642491,6.903456032298089,6.2532802842762925,5.534235585892663,2.8770182598244958,1.5642619802700801,0.9385422085663957,0.7565949220074211,0.33634580403541614,0.20261773976439817,0.049459581851002486,0.032288472766264696,0.024785710112226994,0.019584636561704876
7.926421404682287,63.17603419514979,6.959506909516829,17.213221909220504,21.973959244240024,11.88277245464881,24.766977391063776,32.33163926648444,2.6626671702363374,2.6225847466942973,6.901884722551557,2.7193261211921955,1.153791603962839,0.3003665356773038,0.6196107537192423,0.17943769829142822,0.17647672428230352,0.018527817402423458,0.007788294853606393,0.005220049572636682,10,4.32,0.36,0.37,0.46,5.01,0.86,2.22,0.85,1.29,0.83,2.25,0.37,0.9,0.25,0.28,0.75,2.81,0.41,2.3,0.05,0.5,0.17,0.9,0.7,0.98,0.46,4.22,0.75,0.71,0.44,1.33,0.11,0.33,0.21,2.21,0.67,3.84,0.45,0,4.19,0.24,20.456627689746078,20.17375947382768,20.06375877474968,19.535487280865503,18.483706287711122,17.572456388266225,14.207369835336289,7.055858616938391,6.406835002219447,5.686850681269306,2.9886569206731055,1.6397393862989889,0.9925471654720226,0.8028387152687904,0.3609710478924336,0.21923969905654617,0.05434647735865124,0.035728318907439556,0.027558029930162042,0.0218720077093477
8.026755852842822,63.20364648339844,6.9703319416675305,17.26532199635585,22.077888911133275,11.973180648931118,25.10242368253285,33.04775568610107,2.7277169709880087,2.694855666014066,7.174602263581166,2.8564692081283405,1.2198042577432815,0.31979397391838965,0.6650493004028653,0.19407004909535935,0.19363431955849167,0.02047191760752024,0.008643264899001395,0.005816212343372613,10,4.32,0.36,0.37,0.46,5.01,0.86,2.22,0.85,1.29,0.83,2.25,0.37,0.9,0.25,0.28,0.75,2.81,0.41,2.3,0.05,0.5,0.17,0.9,0.7,0.98,0.46,4.22,0.75,0.71,0.44,1.33,0.11,0.33,0.21,2.21,0.67,3.84,0.45,0,4.19,0.24,20.446687265976568,20.178996505690357,20.073186110888294,19.56280925744671,18.5427367567491,17.65175969755786,14.3302423927543,7.207583863867294,6.559993865410537,5.839437918653293,3.101701366408765,1.7169593068952098,1.0483029445859566,0.8507435946334552,0.3867941816840762,0.23681339014539385,0.059600222756723005,0.0394519504302888,0.03057284165764768,0.02436992971873125
8.127090301003356,63.229781065562705,6.980746032200954,17.315662244463038,22.178693385634944,12.061581838271815,25.43351153519806,33.76085362462419,2.792609350887927,2.7671660428888294,7.4512149603310265,2.9971883410563125,1.2879690550721419,0.3400132892567627,0.7127258346947898,0.20954226544403948,0.21205772457781152,0.022573788930929903,0.009571474028050433,0.006465882392753315,10,4.32,0.36,0.37,0.46,5.01,0.86,2.22,0.85,1.29,0.83,2.25,0.37,0.9,0.25,0.28,0.75,2.81,0.41,2.3,0.05,0.5,0.17,0.9,0.7,0.98,0.46,4.22,0.75,0.71,0.44,1.33,0.11,0.33,0.21,2.21,0.67,3.84,0.45,0,4.19,0.24,20.43727881639743,20.183875819445763,20.082068091088566,19.58888080491825,18.59940154170347,17.728159868088305,14.44994697552221,7.358582001728829,6.712694198410655,5.991921150627755,3.21608546218594,1.795891168400182,1.105803560912588,0.9003117046424463,0.4138367458379234,0.25536486333701325,0.06523855343518252,0.0434751859385613,0.033844813190974675,0.027092047225636393
8.227424749163891,63.2545244124677,6.990767556016938,17.364311984672796,22.27648269478652,12.148029353238384,25.76026881682145,34.470694805087845,2.8573179970790266,2.839480975260498,7.731577575066847,3.1414444515367084,1.3582814899015505,0.36103226150412654,0.7626838850678601,0.22587834800508144,0.23180683296326612,0.02484204871125714,0.010577236116007674,0.0071724167768431255,10,4.32,0.36,0.37,0.46,5.01,0.86,2.22,0.85,1.29,0.83,2.25,0.37,0.9,0.25,0.28,0.75,2.81,0.41,2.3,0.05,0.5,0.17,0.9,0.7,0.98,0.46,4.22,0.75,0.71,0.44,1.33,0.11,0.33,0.21,2.21,0.67,3.84,0.45,0,4.19,0.24,20.42837121151163,20.188420956845256,20.090437148826254,19.61376231540507,18.653798313086753,17.80176658256243,14.566568233867347,7.508806047615327,6.864876371935261,6.144227364345803,3.331743230772183,1.8765029634519526,1.1650410198116214,0.9515432297465187,0.4421190852759448,0.2749194512207991,0.07127942464851383,0.04781417945415313,0.03738899913589006,0.0300524262949727
8.327759197324426,63.27795773204255,7.000414021308192,17.411337794663872,22.371363154913112,12.232575298340956,26.08272574376309,35.17705398431799,2.9218178553352643,2.911766904404291,8.015544331908165,3.289195138657842,1.4307346694546548,0.3828578445226559,0.8149649107203386,0.2431017709709291,0.2529422352381706,0.027285490077150622,0.011664973288820202,0.007939270448321017,10,4.32,0.36,0.37,0.46,5.01,0.86,2.22,0.85,1.29,0.83,2.25,0.37,0.9,0.25,0.28,0.75,2.81,0.41,2.3,0.05,0.5,0.17,0.9,0.7,0.98,0.46,4.22,0.75,0.71,0.44,1.33,0.11,0.33,0.21,2.21,0.67,3.84,0.45,0,4.19,0.24,20.419935216464687,20.192653911053974,20.098323743343112,19.637511222477656,18.706020972214922,17.87268589607481,14.680189673307282,7.65821172410759,7.016483742686334,6.296286663534461,3.4486089923822494,1.9587613561737995,1.22600536758514,1.004436420845354,0.4716603073842316,0.29550170951513693,0.07774098471239468,0.05248540096699334,0.04122082572732511,0.033265543178465064
8.42809364548496,63.30015722874886,7.009702105053629,17.45680359245027,22.463437470537464,12.315270560903215,26.400914699118346,35.87971853700371,2.9860850956631824,2.983991589906694,8.302969151083195,3.4403948408147746,1.5053193929996767,0.4054961708859663,0.8696082531825527,0.26123544154503875,0.2755251124467997,0.029913067448764933,0.012839209029451057,0.008769991224296728,10,4.32,0.36,0.37,0.46,5.01,0.86,2.22,0.85,1.29,0.83,2.25,0.37,0.9,0.25,0.28,0.75,2.81,0.41,2.3,0.05,0.5,0.17,0.9,0.7,0.98,0.46,4.22,0.75,0.71,0.44,1.33,0.11,0.33,0.21,2.21,0.67,3.84,0.45,0,4.19,0.24,20.411943397650415,20.19659520631241,20.105756456811445,19.66018212528276,18.756159771443663,17.941020323358448,14.790893594955584,7.806757368613653,7.167462566951799,6.448032199231237,3.5666174526030856,2.0426317816335233,1.2886847665321386,1.0589876512518632,0.5024782654797953,0.3171353748857536,0.08464154294320328,0.05750560901203829,0.045356066622158527,0.036746263229803296
8.528428093645495,63.32119443838135,7.0186476943092595,17.500770731567453,22.552804812381137,12.396164797300262,26.71486999362761,36.57848808205434,3.0500970849158278,3.056124096415154,8.593705915559962,3.594994994395918,1.5820242154750832,0.42895255094044404,0.9266510742858614,0.28030165702459464,0.29961713957295033,0.03273388394915753,0.014104562357074179,0.009668215656149738,10,4.32,0.36,0.37,0.46,5.01,0.86,2.22,0.85,1.29,0.83,2.25,0.37,0.9,0.25,0.28,0.75,2.81,0.41,2.3,0.05,0.5,0.17,0.9,0.7,0.98,0.46,4.22,0.75,0.71,0.44,1.33,0.11,0.33,0.21,2.21,0.67,3.84,0.45,0,4.19,0.24,20.40437000218272,20.20026400281884,20.112762119341376,19.681826933555783,18.80430142621245,18.006868896283372,14.898760973751264,7.954403849288346,7.317761929083264,6.599400125976857,3.685703808732675,2.1280785441237677,1.353065557732977,1.1151914592542778,0.5345895336521399,0.33984331848968635,0.09199954042975053,0.06289182674839844,0.049810822405897466,0.04050982359926741
8.62876254180603,63.34113654677007,7.027265926291232,17.54329809613192,22.639560900150947,12.475306424167764,27.02462763870193,37.27317409898915,3.1138323578211122,3.1281347777972632,8.88760873139721,3.752944195582979,1.6608355144218327,0.45323147300310995,0.9861282966741767,0.3003220622235198,0.32528038683311195,0.0357571784240268,0.015465741791662806,0.010637664722737143,10,4.32,0.36,0.37,0.46,5.01,0.86,2.22,0.85,1.29,0.83,2.25,0.37,0.9,0.25,0.28,0.75,2.81,0.41,2.3,0.05,0.5,0.17,0.9,0.7,0.98,0.46,4.22,0.75,0.71,0.44,1.33,0.11,0.33,0.21,2.21,0.67,3.84,0.45,0,4.19,0.24,20.39719084316278,20.20367819621096,20.119365928045617,19.702495008284565,18.85052922913548,18.070327228057756,15.00387135008445,8.101114479351128,7.467333666580448,6.750329552363844,3.8058038524494986,2.2150649159293985,1.4191323265519655,1.1730405935674915,0.5680093832603167,0.3636475002056391,0.09983352018588132,0.06866131731668514,0.05460149935475346,0.04457181518826863
8.729096989966564,63.360046585412356,7.035571217259513,17.584442183789815,22.723798101180382,12.552742638602565,27.330225218798784,37.963599529046704,3.1772705815829667,3.199995246396996,9.184532101648992,3.9141883653673166,1.7417375764932306,0.47833661506633046,1.0480725834112576,0.32131761933697794,0.352577211251561,0.0389923094140143,0.01692753734249772,0.01168213768088971,10,4.32,0.36,0.37,0.46,5.01,0.86,2.22,0.85,1.29,0.83,2.25,0.37,0.9,0.25,0.28,0.75,2.81,0.41,2.3,0.05,0.5,0.17,0.9,0.7,0.98,0.46,4.22,0.75,0.71,0.44,1.33,0.11,0.33,0.21,2.21,0.67,3.84,0.45,0,4.19,0.24,20.390383229251555,20.206854476663196,20.125591520410918,19.722233262010068,18.894923160482563,18.131487605900222,15.10630281465723,8.246854931945853,7.616132283225368,6.9007624616306416,3.9268540287120524,2.3035532252853237,1.4868679820328539,1.232526078021471,0.6027517817137226,0.388568940480509,0.10816209473607213,0.07483155378549813,0.059744781438790875,0.04894815688292789
8.829431438127099,63.37798393679592,7.043577319928704,17.624257221094055,22.805605492775843,12.628519366897923,27.631701512186048,38.649598404758514,3.2403925357621355,3.271678379105256,9.48433132443079,4.078670909554463,1.8247126353912844,0.5042708270637617,1.112514216138899,0.3433085450118675,0.38157017166282187,0.04244874679010042,0.01849481751026073,0.012805510617288761,10,4.32,0.36,0.37,0.46,5.01,0.86,2.22,0.85,1.29,0.83,2.25,0.37,0.9,0.25,0.28,0.75,2.81,0.41,2.3,0.05,0.5,0.17,0.9,0.7,0.98,0.46,4.22,0.75,0.71,0.44,1.33,0.11,0.33,0.21,2.21,0.67,3.84,0.45,0,4.19,0.24,20.383925782753472,20.209808489447287,20.131461162701918,19.741086361969337,18.93756001115556,18.19043901601149,15.206131759777817,8.391593151510783,7.764114890058446,7.0506437057205495,4.048791607591137,2.3935049738251175,1.5562538022341281,1.2936372281048998,0.6388293336533966,0.4146276459828734,0.11700391982281012,0.08142020267424724,0.06525761946162126,0.05365508948643991
8.929765886287633,63.39500405199109,7.051297306935648,17.662795188529916,22.885069002049658,12.702681388188484,27.929096754278827,39.331015453594226,3.3031800578174613,3.3431582340688566,9.786862294855208,4.246332874290721,1.9097410270965027,0.5310361894425766,1.179481244513894,0.36631433819171233,0.41232189193796925,0.046136044372523215,0.020172513564804293,0.014011722902167019,10,4.32,0.36,0.37,0.46,5.01,0.86,2.22,0.85,1.29,0.83,2.25,0.37,0.9,0.25,0.28,0.75,2.81,0.41,2.3,0.05,0.5,0.17,0.9,0.7,0.98,0.46,4.22,0.75,0.71,0.44,1.33,0.11,0.33,0.21,2.21,0.67,3.84,0.45,0,4.19,0.24,20.377798541283212,20.212554738046304,20.13699564561187,19.759096666794207,18.978513460447616,18.247267324340925,15.303433215452388,8.535299283643289,7.911241086498835,7.199920823615609,4.1715545587981815,2.4848808678940975,1.6272695594109874,1.3563617860622528,0.6762533748005113,0.4418426616818008,0.1263776550213,0.08844507397485742,0.07115717678287332,0.05870911896007981
9.030100334448168,63.41115951317878,7.058743681223358,17.70010600361963,22.962271420697213,12.77527216291246,28.222451803145674,40.00770572249949,3.3656160449587915,3.4144101176963595,10.091982337241635,4.417113118226143,1.9968011483396968,0.558633940840949,1.2489991659859128,0.3903536492407843,0.44489500829141504,0.050063844716930414,0.02196562550241984,0.015304784345256445,10,4.32,0.36,0.37,0.46,5.01,0.86,2.22,0.85,1.29,0.83,2.25,0.37,0.9,0.25,0.28,0.75,2.81,0.41,2.3,0.05,0.5,0.17,0.9,0.7,0.98,0.46,4.22,0.75,0.71,0.44,1.33,0.11,0.33,0.21,2.21,0.67,3.84,0.45,0,4.19,0.24,20.371982575255643,20.215106926513403,20.14221467981614,19.776304620442954,19.017854237482062,18.302055199389134,15.398280192206235,8.677945568580764,8.057472938078696,7.348544153839545,4.295081938522373,2.5776410025657412,1.6998935125860664,1.42068585585937,0.715033802184053,0.47023190257818753,0.13630194534561157,0.09592412773779492,0.07746084897392679,0.0641270464066245
9.130434782608702,63.42649937900718,7.065928323527606,17.73623749728965,23.03729256994058,12.846334033200531,28.511808705309402,40.67953420946063,3.4276843876307863,3.485410463610514,10.399549707066502,4.590948448746678,2.0858696592912516,0.5870645731630697,1.3210912134762351,0.41544435723616946,0.47935201785318016,0.05424184365611542,0.023879200592866426,0.016688756013070787,10,4.32,0.36,0.37,0.46,5.01,0.86,2.22,0.85,1.29,0.83,2.25,0.37,0.9,0.25,0.28,0.75,2.81,0.41,2.3,0.05,0.5,0.17,0.9,0.7,0.98,0.46,4.22,0.75,0.71,0.44,1.33,0.11,0.33,0.21,2.21,0.67,3.84,0.45,0,4.19,0.24,20.366460223557418,20.217477741409958,20.147136653204207,19.792748559533536,19.055650167666904,18.354882353736716,15.490744282413306,8.819506287925886,8.202774839162199,7.496466580950856,4.419313617246315,2.6717448423681347,1.7741025624504145,1.4865940886409776,0.7551792443842122,0.49981227316025556,0.14679537872376522,0.10387541008279455,0.08418619007072521,0.0699258876947666
9.230769230769237,63.44106987213602,7.0728625676842505,17.771235554679897,23.110209353640293,12.915908135497526,28.797210168126767,41.346375469552996,3.489369954319323,3.5561368562440636,10.709424141139442,4.767773795215645,2.176921499743118,0.6163277957182263,1.3957781631285495,0.4416034812571634,0.515755199017936,0.058679785761617004,0.02591833316708206,0.018167751559026828,10,4.32,0.36,0.37,0.46,5.01,0.86,2.22,0.85,1.29,0.83,2.25,0.37,0.9,0.25,0.28,0.75,2.81,0.41,2.3,0.05,0.5,0.17,0.9,0.7,0.98,0.46,4.22,0.75,0.71,0.44,1.33,0.11,0.33,0.21,2.21,0.67,3.84,0.45,0,4.19,0.24,20.361214846031036,20.21967907155557,20.15177888707338,19.808464980795126,19.09196631373303,18.405825542662534,15.580895283925841,8.959957665735349,8.347113460577232,7.643643562304375,4.544190525383061,2.7671513658738984,1.8498722837178718,1.5540696755845027,0.7966969640681182,0.5305995581800544,0.15787646066597932,0.11231704331122859,0.09135091116003305,0.07612287903232241
9.331103678929772,63.45491462273381,7.079557232936746,17.805144197469975,23.181095840552697,12.984034404387717,29.07869939327109,42.00811325660298,3.550658562191395,3.6265680095954984,11.02146704895191,4.947522358204836,2.2699299613821666,0.6464225428734767,1.4730783073224263,0.4688471509773477,0.55416651516751,0.06338745028340823,0.028088157620903182,0.01974593186618728,10,4.32,0.36,0.37,0.46,5.01,0.86,2.22,0.85,1.29,0.83,2.25,0.37,0.9,0.25,0.28,0.75,2.81,0.41,2.3,0.05,0.5,0.17,0.9,0.7,0.98,0.46,4.22,0.75,0.71,0.44,1.33,0.11,0.33,0.21,2.21,0.67,3.84,0.45,0,4.19,0.24,20.35623073581583,20.22172208326061,20.15615772718892,19.823488653913554,19.126865078671173,18.454958634362058,15.668801139793235,9.099277790205289,8.490457675823667,7.79003306962205,4.669654723581133,2.8638191494168357,1.9271769924327238,1.6230944004342516,0.8395928517688895,0.5626083941314464,0.16956358544576258,0.12126719952032705,0.09897285592448393,0.08273545451932471
9.431438127090306,63.46807424089461,7.086022591257729,17.83800557781096,23.250023390592546,13.05075171418489,29.35632045567847,42.664640219166195,3.611536926394663,3.696683678325387,11.335541161703231,5.13012572211244,2.3648668446198933,0.6773470474459493,1.5530076775503177,0.49719066698427755,0.5946474934770829,0.06837462272194099,0.03039383117463494,0.02142748958747784,10,4.32,0.36,0.37,0.46,5.01,0.86,2.22,0.85,1.29,0.83,2.25,0.37,0.9,0.25,0.28,0.75,2.81,0.41,2.3,0.05,0.5,0.17,0.9,0.7,0.98,0.46,4.22,0.75,0.71,0.44,1.33,0.11,0.33,0.21,2.21,0.67,3.84,0.45,0,4.19,0.24,20.351493273277946,20.223617077152447,20.160288385283796,19.837852500736677,19.160406251090926,18.50235278831497,15.754528355319076,9.237446566570538,8.632778455055595,7.935595402063228,4.795649208092501,2.961706358667271,2.0059898659023587,1.6936487820591677,0.8838715575876434,0.59585236280661,0.18187500207582977,0.13074404932848416,0.10706994139623315,0.08978118137153217
9.53177257525084,63.48058735444893,7.092268478598476,17.869860176862144,23.3170607072667,13.116097730959192,29.630117492801478,43.31585740142549,3.6719926480689713,3.766464708199242,11.651511399755002,5.31551408065431,2.461702446382939,0.7090987699472636,1.635579703392474,0.5266483528683888,0.6372591382527615,0.07365109580421801,0.03284053832730036,0.023216655473802437,10,4.32,0.36,0.37,0.46,5.01,0.86,2.22,0.85,1.29,0.83,2.25,0.37,0.9,0.25,0.28,0.75,2.81,0.41,2.3,0.05,0.5,0.17,0.9,0.7,0.98,0.46,4.22,0.75,0.71,0.44,1.33,0.11,0.33,0.21,2.21,0.67,3.84,0.45,0,4.19,0.24,20.34698855239839,20.225373820990804,20.164185325676918,19.851587991457265,19.192647195677917,18.548076422321635,15.838141393164957,9.37444558634741,8.77404881071212,8.080293258870507,4.9221183061662686,3.0607709601208226,2.0862829632795385,1.765712031633097,0.9295363141465653,0.6303438041071534,0.19482878550452554,0.14076576104803054,0.11566017221362229,0.09727778643523222
9.632107023411375,63.49248988600417,7.098304228359271,17.900746729768926,23.382273925619923,13.180109085689548,29.90013532059608,43.96167416027547,3.7320141745667246,3.83589293903145,11.969244196716025,5.503616247796251,2.5604057127820483,0.7416745018358228,1.7208055905455437,0.5572336863261848,0.6820618526698595,0.07922664034505021,0.0354334711564578,0.02511767943819178,10,4.32,0.36,0.37,0.46,5.01,0.86,2.22,0.85,1.29,0.83,2.25,0.37,0.9,0.25,0.28,0.75,2.81,0.41,2.3,0.05,0.5,0.17,0.9,0.7,0.98,0.46,4.22,0.75,0.71,0.44,1.33,0.11,0.33,0.21,2.21,0.67,3.84,0.45,0,4.19,0.24,20.3427036410385,20.22700131277628,20.16786199647867,19.864724903310083,19.223642822927378,18.592195374180935,15.919703248467604,9.51025813395209,8.914243725529602,8.224091549936531,5.049007336232649,3.1609706240691926,2.168027327681929,1.8392622048380145,0.9765891473038146,0.6660939990201412,0.2084428169085931,0.15135044948773424,0.12476157349361165,0.10524307684602356
9.73244147157191,63.50381589929189,7.1041387686674184,17.930702425139934,23.445726727422876,13.242821290852536,30.166418780820248,44.60200751048713,3.791590763747248,3.9049512170544816,12.28860828628329,5.694359947366645,2.6609442874105804,0.775070312956989,1.8086940126484432,0.588959149847277,0.7291152971550665,0.08511099703878532,0.03817782894811489,0.027134833052733946,10,4.32,0.36,0.37,0.46,5.01,0.86,2.22,0.85,1.29,0.83,2.25,0.37,0.9,0.25,0.28,0.75,2.81,0.41,2.3,0.05,0.5,0.17,0.9,0.7,0.98,0.46,4.22,0.75,0.71,0.44,1.33,0.11,0.33,0.21,2.21,0.67,3.84,0.45,0,4.19,0.24,20.338626276254924,20.228508049150985,20.17133114540342,19.877291665501215,19.253445806967903,18.634772955514713,15.999275025116443,9.64486903012596,9.053340047137429,8.366957384911142,5.176262952089315,3.262262951442575,2.2511930577021535,1.9142762111921612,1.0250307230475928,0.7031129866098211,0.22273473868302704,0.16251615806047856,0.1343921882870309,0.11369495049095525
9.832775919732445,63.51459731559218,7.109780597102873,17.95976288048787,23.507480386041866,13.304268816094524,30.429012998592523,45.23678205544337,3.8507124632980876,3.97362334779607,12.609474363636947,5.887671825099184,2.763284596128378,0.8092816109667849,1.8992513339961496,0.6218363103554825,0.7784783450750365,0.09131385894756482,0.04107880618266052,0.029272397870437443,10,4.32,0.36,0.37,0.46,5.01,0.86,2.22,0.85,1.29,0.83,2.25,0.37,0.9,0.25,0.28,0.75,2.81,0.41,2.3,0.05,0.5,0.17,0.9,0.7,0.98,0.46,4.22,0.75,0.71,0.44,1.33,0.11,0.33,0.21,2.21,0.67,3.84,0.45,0,4.19,0.24,20.334744966386822,20.229901932101786,20.174604714265822,19.889315266547484,19.282106580635556,18.675870026733445,16.076916184872427,9.778264628050579,9.191316449271238,8.508859981749113,5.303832971551612,3.364605425299401,2.335749363161089,1.9907298977827195,1.0748604705808538,0.7414096748145377,0.23772194349577344,0.17428082813173568,0.14457003669971955,0.12265134707713289
9.93311036789298,63.52486415988139,7.115237814361593,17.98796223119983,23.567593860615432,13.364485097624177,30.68796321444614,45.86592958713014,3.9093700771826363,4.041894070538253,12.931715297002512,6.083477616030704,2.8673919277324424,0.8443031485380381,1.992481572074344,0.655875782862426,0.830208975206311,0.09784485631535449,0.04414158514729145,0.03153465990330944,10,4.32,0.36,0.37,0.46,5.01,0.86,2.22,0.85,1.29,0.83,2.25,0.37,0.9,0.25,0.28,0.75,2.81,0.41,2.3,0.05,0.5,0.17,0.9,0.7,0.98,0.46,4.22,0.75,0.71,0.44,1.33,0.11,0.33,0.21,2.21,0.67,3.84,0.45,0,4.19,0.24,20.331048902442703,20.23119034454978,20.17769393111972,19.90082137174051,19.309673449165842,18.71554508030933,16.152684496218992,9.910432726509462,9.328153347962525,8.649770597387855,5.431666453776036,3.467955505014924,2.421664640850296,2.068598107774762,1.1260765717133168,0.7809918039343324,0.2534215419918582,0.18666227040824812,0.1553130900091099,0.13213022499486657
10.033444816053514,63.53464478855394,7.120518156652827,18.01533322004512,23.62612389711363,13.423502554211144,30.943314631460332,46.48938866846654,3.967555129543529,4.109749028863123,13.255206333026436,6.2817023190903285,2.9732305208037717,0.8801290322037423,2.0883863623300516,0.6910871934925895,0.884364158548928,0.10471354049710031,0.04737132810034326,0.033925903757157566,10,4.32,0.36,0.37,0.46,5.01,0.86,2.22,0.85,1.29,0.83,2.25,0.37,0.9,0.25,0.28,0.75,2.81,0.41,2.3,0.05,0.5,0.17,0.9,0.7,0.98,0.46,4.22,0.75,0.71,0.44,1.33,0.11,0.33,0.21,2.21,0.67,3.84,0.45,0,4.19,0.24,20.327527876120584,20.232380219704655,20.180609395591855,19.911834435953587,19.336192707281334,18.75385433333475,16.22663600119766,10.041362480012985,9.463832812183437,8.78966244973386,5.5597137722678625,3.572270722618656,2.5089065555739745,2.1478547441522537,1.1786759521175971,0.821865909904762,0.2698503288167552,0.1996781346713617,0.1666392432145972,0.14214953674249023
10.133779264214049,63.543965742436264,7.125628982948663,18.04190718654666,23.68312505623668,13.48135263026116,31.19511255844284,47.10710458352366,4.025259851775625,4.177174741587548,13.579824866715526,6.482270198712277,3.0807636182585996,0.9167527655337255,2.186965128275782,0.7274792441864917,0.9409998394879556,0.11192937260137235,0.05077316900758192,0.036450404317004845,10,4.32,0.36,0.37,0.46,5.01,0.86,2.22,0.85,1.29,0.83,2.25,0.37,0.9,0.25,0.28,0.75,2.81,0.41,2.3,0.05,0.5,0.17,0.9,0.7,0.98,0.46,4.22,0.75,0.71,0.44,1.33,0.11,0.33,0.21,2.21,0.67,3.84,0.45,0,4.19,0.24,20.32417233272295,20.233477992545033,20.183361024142677,19.92237765633241,19.361708639428556,18.790851771463757,16.29882515671764,10.171044394554906,9.598338539438613,8.928510662315583,5.687926499576676,3.6775086460600295,2.597442073747914,2.228472824345485,1.2326543736337485,0.8640374124243588,0.2870247787847372,0.213345890213953,0.17856628704646238,0.1527271940882503
10.234113712374583,63.55285220811809,7.1305773352173825,18.067714217168103,23.73864985691467,13.538065793774733,31.443402074791553,47.719028698614366,4.082477132607386,4.244158573212085,13.905450906112653,6.6851050671633345,3.189953577516683,0.9541672388457413,2.288214926629988,0.7650596147882471,1.000170757177493,0.11950170297459008,0.05435220506336723,0.03911242159350892,10,4.32,0.36,0.37,0.46,5.01,0.86,2.22,0.85,1.29,0.83,2.25,0.37,0.9,0.25,0.28,0.75,2.81,0.41,2.3,0.05,0.5,0.17,0.9,0.7,0.98,0.46,4.22,0.75,0.71,0.44,1.33,0.11,0.33,0.21,2.21,0.67,3.84,0.45,0,4.19,0.24,20.320973205077493,20.2344897428037,20.185958222674522,19.93247318373572,19.3862637065869,18.826589268320276,16.369304692658808,10.299470186156483,9.731655727609802,9.06629217308216,5.81625759163856,3.783627056185323,2.687237576097308,2.310424552956537,1.2880063674004627,0.9075105043788446,0.30496099224390877,0.22768278618138799,0.19111187772625116,0.16388104647680238
10.334448160535118,63.561327703445414,7.135369906418167,18.09278309518927,23.79274878131732,13.593671595780142,31.68822830264168,48.32511854768449,4.139200512847796,4.310688702980395,14.231966674066216,6.890130216488465,3.300761909264503,0.9923647840004336,2.3921306915930356,0.8038350663459506,1.0619304746562437,0.12743976389599235,0.058113489539505056,0.04191619256629939,10,4.32,0.36,0.37,0.46,5.01,0.86,2.22,0.85,1.29,0.83,2.25,0.37,0.9,0.25,0.28,0.75,2.81,0.41,2.3,0.05,0.5,0.17,0.9,0.7,0.98,0.46,4.22,0.75,0.71,0.44,1.33,0.11,0.33,0.21,2.21,0.67,3.84,0.45,0,4.19,0.24,20.317922026759653,20.235421093322447,20.188409769292246,19.942142007200456,19.409898503401827,18.861116618527895,16.43812583545639,10.426632808715812,9.863771072880345,9.202985683151596,5.944661200230069,3.8905838583544665,2.778258870439013,2.393681369787053,1.3447253618388368,0.9522882860279275,0.32367470621840205,0.2427058402186747,0.2042935131768647,0.17562884685279445
10.434782608695652,63.5694145237786,7.140013098204531,18.117141442803682,23.845470407768985,13.648198665884186,31.92963608521983,48.92533723218111,4.195424138702563,4.3767540973902745,14.559257037925802,7.097268685837887,3.4131493849672734,1.0313371674629908,2.4987050996105755,0.8438113524203384,1.1263312036850186,0.13575264850620658,0.06206202270226324,0.04486592531621811,10,4.32,0.36,0.37,0.46,5.01,0.86,2.22,0.85,1.29,0.83,2.25,0.37,0.9,0.25,0.28,0.75,2.81,0.41,2.3,0.05,0.5,0.17,0.9,0.7,0.98,0.46,4.22,0.75,0.71,0.44,1.33,0.11,0.33,0.21,2.21,0.67,3.84,0.45,0,4.19,0.24,20.31501077143971,20.236277348623997,20.190723981193532,19.951404156420537,19.43265193333812,18.89448164670808,16.50533816865257,10.55252632098379,9.994672649824189,9.33857157210134,6.07309284237046,3.9983372477770067,2.870471300234952,2.4782140219858886,1.4028036256585596,0.9983726663136981,0.3431812410297528,0.25843179798820015,0.2181285007843927,0.18798822707495388
10.535117056856187,63.577133551231476,7.144513002591096,18.140815696953688,23.89686142613142,13.701674755492814,32.167670158669125,49.519653433814575,4.251142754065353,4.44234448508362,14.887209242344898,7.3064432269045465,3.5270760717997045,1.071075631600363,2.60792874894019,0.8849932944400658,1.1934238244938014,0.1444493051659566,0.06620274640262372,0.04796579289195913,10,4.32,0.36,0.37,0.46,5.01,0.86,2.22,0.85,1.29,0.83,2.25,0.37,0.9,0.25,0.28,0.75,2.81,0.41,2.3,0.05,0.5,0.17,0.9,0.7,0.98,0.46,4.22,0.75,0.71,0.44,1.33,0.11,0.33,0.21,2.21,0.67,3.84,0.45,0,4.19,0.24,20.312231921556673,20.23706343276374,20.19290864360122,19.96027863502548,19.454561192650498,18.926730241151255,16.57098978434857,10.677145895919068,10.124349900039357,9.47303185357508,6.201509272598676,4.106845653954299,2.963839759827543,2.563992603648388,1.462232362193906,1.0457644609109695,0.36349550799810354,0.2748771243270062,0.23263393938469348,0.20097667221730878
10.635451505016722,63.584504375415015,7.148875421509432,18.16383117053327,23.946966718570923,13.754126761957501,32.40237508439669,50.10804109917233,4.3063516706951575,4.507450326997511,15.215712989069669,7.5175764312543025,3.642501412222129,1.111570913963437,2.7197901843666537,0.9273847737010005,1.2632577962612561,0.15353852214868374,0.07054053579920884,0.05121992648037853,10,4.32,0.36,0.37,0.46,5.01,0.86,2.22,0.85,1.29,0.83,2.25,0.37,0.9,0.25,0.28,0.75,2.81,0.41,2.3,0.05,0.5,0.17,0.9,0.7,0.98,0.46,4.22,0.75,0.71,0.44,1.33,0.11,0.33,0.21,2.21,0.67,3.84,0.45,0,4.19,0.24,20.3095784248506,20.237783925009218,20.194971055103643,19.968783487798582,19.47566185453177,18.957906433177605,16.635127301163934,10.800487754746886,10.252793560584413,9.606350102640791,6.329868501221603,4.216067799573382,3.0583287635545053,2.6509866186507143,1.5230017304718837,1.0944633914335926,0.38463198311499097,0.29205797496312114,0.24782669055279158,0.21461149195278606
10.735785953177256,63.59154573361503,7.153105926048403,18.186212205906752,23.995829516647127,13.805580738082059,32.63379493773628,50.690478754761195,4.361046712185733,4.572062777572809,15.544660880705873,7.7305910399549616,3.7593843594914094,1.1528132455663835,2.8342757612380547,0.9709886340443036,1.3358809402529719,0.16302890015156135,0.075080187011152,0.05463240700408752,10,4.32,0.36,0.37,0.46,5.01,0.86,2.22,0.85,1.29,0.83,2.25,0.37,0.9,0.25,0.28,0.75,2.81,0.41,2.3,0.05,0.5,0.17,0.9,0.7,0.98,0.46,4.22,0.75,0.71,0.44,1.33,0.11,0.33,0.21,2.21,0.67,3.84,0.45,0,4.19,0.24,20.307043535898593,20.238443195455293,20.196918192422693,19.976936007962934,19.49598806386669,18.988052533722207,16.69779575527236,10.922549017193836,10.379995522437058,9.738511344382166,6.458129963560593,4.32596288431548,3.153902579341045,2.739165075361597,1.5851007914995252,1.1444679798510968,0.40660464125165285,0.3099901440374787,0.2637233349709843,0.22890978534712675
10.83612040133779,63.598275363921054,7.157209842678374,18.20798215828392,24.043491417192875,13.856061928031462,32.86197344425683,51.26694950461604,4.415224206459876,4.6361736628138575,15.873948194741713,7.9454099165180105,3.877683409339669,1.1947923876040043,2.951369804987057,1.0158067490794322,1.4113394585457868,0.17292884742527428,0.07982641236615537,0.05820725969700485,10,4.32,0.36,0.37,0.46,5.01,0.86,2.22,0.85,1.29,0.83,2.25,0.37,0.9,0.25,0.28,0.75,2.81,0.41,2.3,0.05,0.5,0.17,0.9,0.7,0.98,0.46,4.22,0.75,0.71,0.44,1.33,0.11,0.33,0.21,2.21,0.67,3.84,0.45,0,4.19,0.24,20.304620868988422,20.239045357018735,20.198756655694485,19.984752686776357,19.5155725279127,19.01720916369576,16.759038723677136,11.043327706447585,10.505948818398572,9.869502014734786,6.586254411562795,4.436490538328441,3.2505252428550335,2.8284965219486047,1.6485175919458601,1.1957756358356084,0.42942696336080205,0.32868905652453206,0.28034015662238443,0.24388841813045034
10.936454849498325,63.60470908827485,7.161192137476402,18.229163120178942,24.089992143610072,13.905594801124115,33.08695468939279,51.83744217023931,4.468881068275997,4.699775510920973,16.203471718252963,8.161955456714084,3.997356419690582,1.2374977068132405,3.071055172092707,1.0618403337778441,1.4896783754802854,0.18324662145397352,0.08478385401682728,0.061948458976988606,10,4.32,0.36,0.37,0.46,5.01,0.86,2.22,0.85,1.29,0.83,2.25,0.37,0.9,0.25,0.28,0.75,2.81,0.41,2.3,0.05,0.5,0.17,0.9,0.7,0.98,0.46,4.22,0.75,0.71,0.44,1.33,0.11,0.33,0.21,2.21,0.67,3.84,0.45,0,4.19,0.24,20.302304728221056,20.23959397942255,20.200492325402884,19.992248804728693,19.534446180323975,19.045415067453924,16.818898677893685,11.162823006460009,10.630647842377952,9.999310089205588,6.714203431485087,4.547610417259269,3.34816034616268,2.918948943682344,1.7132394253235705,1.2483830226217014,0.45311207340315973,0.3481698512220072,0.29769319288497187,0.2595640431135823
11.03678929765886,63.61086287988924,7.1650576888798,18.249776610440392,24.13537021839898,13.954203053879944,33.30878159112551,52.40194827198085,4.522014561551504,4.762861412299632,16.533132156800168,8.380151048700895,4.118361169470077,1.2809180882699827,3.1933122703259684,1.1090893400336694,1.5709404644423028,0.19399020858083482,0.08995703550811403,0.06585990035926235,10,4.32,0.36,0.37,0.46,5.01,0.86,2.22,0.85,1.29,0.83,2.25,0.37,0.9,0.25,0.28,0.75,2.81,0.41,2.3,0.05,0.5,0.17,0.9,0.7,0.98,0.46,4.22,0.75,0.71,0.44,1.33,0.11,0.33,0.21,2.21,0.67,3.84,0.45,0,4.19,0.24,20.300089363239877,20.240092728674313,20.202131136309063,19.999439389538544,19.55263904701433,19.07270768251344,16.877416364017748,11.28103459499101,10.754087738916878,10.127924640449145,6.841940400120931,4.659283125201752,3.4467716254764835,3.0104901297548503,1.7792524023166227,1.302285371156127,0.47767240946398465,0.3684471471732086,0.31579806118948983,0.2759529825053093
11.137123745819395,63.6167516949784,7.1688111395951575,18.269843219794023,24.179662652205415,14.001909648864002,33.52749679888908,52.960463503195534,4.574622407126831,4.825425062589845,16.862832672077424,8.599920318038794,4.240655120984587,1.3250420252025807,3.3181197485628995,1.1575528435523021,1.6551668095116616,0.20516737824266024,0.09535038007500694,0.06994540769107276,10,4.32,0.36,0.37,0.46,5.01,0.86,2.22,0.85,1.29,0.83,2.25,0.37,0.9,0.25,0.28,0.75,2.81,0.41,2.3,0.05,0.5,0.17,0.9,0.7,0.98,0.46,4.22,0.75,0.71,0.44,1.33,0.11,0.33,0.21,2.21,0.67,3.84,0.45,0,4.19,0.24,20.29796938980778,20.240545002928233,20.203678640348883,20.006338693568132,19.570179812787863,19.099122894355045,16.934631243201288,11.397962975549628,10.876264688364557,10.255336010352773,6.9694298819721165,4.771469701545704,3.546322686971708,3.103087534932716,1.8465417703166458,1.3574769328782792,0.5031198977078897,0.38953515126602445,0.3346700260270439,0.2930712582255949
11.23745819397993,63.62238936445457,7.1724568848404875,18.289382589405466,24.222904937795946,14.048736832009471,33.743142792358604,53.51298779576202,4.6267027842658335,4.88746075411957,17.19247868070729,8.821187065201965,4.364195419877823,1.3698576454527225,3.4454546349690656,1.2072291109493574,1.7423968681979636,0.21678568602895296,0.10096821026417829,0.07420873138291915,10,4.32,0.36,0.37,0.46,5.01,0.86,2.22,0.85,1.29,0.83,2.25,0.37,0.9,0.25,0.28,0.75,2.81,0.41,2.3,0.05,0.5,0.17,0.9,0.7,0.98,0.46,4.22,0.75,0.71,0.44,1.33,0.11,0.33,0.21,2.21,0.67,3.84,0.45,0,4.19,0.24,20.29593982879636,20.240953897821566,20.205139966162136,20.01296015135358,19.58709579918891,19.124695038848625,16.990581564182236,11.513609494613993,10.99717591459797,10.381535800439647,7.09663753926931,4.8841315647672925,3.646776994572014,3.196708287583689,1.9150919820103192,1.4139510620608693,0.5294659724392479,0.41144766524698656,0.354323998292131,0.3109345844944313
11.337792642140464,63.62778832742246,7.175999040305151,18.308413340117884,24.26513099926357,14.094706153559718,33.955762099886385,54.059525593129315,4.678254347719651,4.948963374695647,17.521977465108787,9.043875101158317,4.4889388606312695,1.4153527476224994,3.5752925577179187,1.2581157143658346,1.832668607064411,0.22885248412002046,0.10681475020615638,0.07865354787317001,10,4.32,0.36,0.37,0.46,5.01,0.86,2.22,0.85,1.29,0.83,2.25,0.37,0.9,0.25,0.28,0.75,2.81,0.41,2.3,0.05,0.5,0.17,0.9,0.7,0.98,0.46,4.22,0.75,0.71,0.44,1.33,0.11,0.33,0.21,2.21,0.67,3.84,0.45,0,4.19,0.24,20.293996202127918,20.24132212260594,20.206519719427426,20.01931626568767,19.60341288159544,19.149456868551404,17.04530449161542,11.627976405286471,11.116819733467006,10.50651688854455,7.223529965357479,4.997230388600597,3.748097819512294,3.2913191766785084,1.9848868016587549,1.4717003533294748,0.5567216186660514,0.4341981072671204,0.374774544248714,0.32955836558858237
11.438127090300998,63.632961462242804,7.179441689735059,18.326953717362517,24.306373855550913,14.139838507293762,34.165395967793245,54.60008292987532,4.729275990153066,5.009928250456219,17.851240325191956,9.26790966644176,4.614842472163076,1.4615147463451938,3.7076069043213424,1.3102089813877844,1.92601741442012,0.24137479172078244,0.11289407045790606,0.08328342476841205,10,4.32,0.36,0.37,0.46,5.01,0.86,2.22,0.85,1.29,0.83,2.25,0.37,0.9,0.25,0.28,0.75,2.81,0.41,2.3,0.05,0.5,0.17,0.9,0.7,0.98,0.46,4.22,0.75,0.71,0.44,1.33,0.11,0.33,0.21,2.21,0.67,3.84,0.45,0,4.19,0.24,20.292133873592594,20.24165256375171,20.207822668640876,20.02541947532652,19.619156312606858,19.173440133327464,17.09883563854509,11.741066227750292,11.235194949643065,10.630272959789705,7.350075519300878,5.110728969283432,3.8502488394010252,3.3868870513357106,2.055908950257528,1.5307160296595401,0.5848970404972753,0.4577992624961321,0.39603568941257383,0.34895754977964655
11.538461538461533,63.6379206743858,7.182788700241109,18.345021129933954,24.346665180336462,14.184154141934332,34.37208542516391,55.13466944594458,4.779766997955848,5.070351229431495,18.18018080182367,9.493216403449535,4.741863145759291,1.5083307583228334,3.8423696222765615,1.3635044724653331,2.0224769021297946,0.2543593816782259,0.11921012148965474,0.08810183893258398,10,4.32,0.36,0.37,0.46,5.01,0.86,2.22,0.85,1.29,0.83,2.25,0.37,0.9,0.25,0.28,0.75,2.81,0.41,2.3,0.05,0.5,0.17,0.9,0.7,0.98,0.46,4.22,0.75,0.71,0.44,1.33,0.11,0.33,0.21,2.21,0.67,3.84,0.45,0,4.19,0.24,20.290348557221115,20.241947847411836,20.20905321646476,20.03128150516739,19.634350144828538,19.196675212041598,17.151209521161373,11.852882196397598,11.352301260189021,10.752798787601254,7.476243612325414,5.224590561073079,3.9531937340156023,3.483378583414935,2.1281404639316115,1.5909884891446158,0.6140019075504048,0.48226345211081056,0.41812103900061137,0.36914670512752695
11.638795986622068,63.64267639740416,7.1860436528956,18.362631963184946,24.386035100000626,14.227672640032026,34.57587164901051,55.66329927943248,4.829727125807504,5.130228733827362,18.508713992675524,9.719720874748157,4.869957427354365,1.5557876213228115,3.9795515196977505,1.4179971840653067,2.1220793436559315,0.2678128349727112,0.12576675772635298,0.09311219242280455,10,4.32,0.36,0.37,0.46,5.01,0.86,2.22,0.85,1.29,0.83,2.25,0.37,0.9,0.25,0.28,0.75,2.81,0.41,2.3,0.05,0.5,0.17,0.9,0.7,0.98,0.46,4.22,0.75,0.71,0.44,1.33,0.11,0.33,0.21,2.21,0.67,3.84,0.45,0,4.19,0.24,20.288636496934508,20.242210186707563,20.210215212667904,20.036913123270054,19.64901698777423,19.219190929938172,17.20245966425134,11.963428453885468,11.468139442649868,10.874090388169154,7.602004447630575,5.338778588125287,4.056895972998784,3.580760122208951,2.2015628179966678,1.6525075270047056,0.6440454880621881,0.5076026376130353,0.4410438630789334,0.3901400862515511
11.739130434782602,63.647239064087536,7.1892100516017905,18.379802154553133,24.424512839427912,14.270413012294654,34.776794935711834,56.18598830746937,4.879156360206738,5.189557576967881,18.836758287605765,9.947349916639022,4.999082148662931,1.6038718945912736,4.119121661446627,1.4736810909518032,2.2248545539871922,0.2817413937009482,0.13256766985957588,0.09831776511458695,10,4.32,0.36,0.37,0.46,5.01,0.86,2.22,0.85,1.29,0.83,2.25,0.37,0.9,0.25,0.28,0.75,2.81,0.41,2.3,0.05,0.5,0.17,0.9,0.7,0.98,0.46,4.22,0.75,0.71,0.44,1.33,0.11,0.33,0.21,2.21,0.67,3.84,0.45,0,4.19,0.24,20.28699393692849,20.242441829975565,20.211312505609275,20.042324869594232,19.663178762657445,19.241015151449595,17.252618365273307,12.072709455936373,11.582710765624103,10.994144512645837,7.7273296579742485,5.453257420911068,4.161319434177687,3.6789981490902033,2.2761566996083116,1.7152618500273071,0.6750363101385743,0.5338281412731796,0.4648168579592072,0.4119514358301194
11.839464882943137,63.65161865624737,7.19229126314232,18.396547040390793,24.46212656992662,14.312393695412508,34.974895041681506,56.702754841777335,4.928054974571056,5.2483349952062746,19.164234749872378,10.176031259866425,5.129194282194942,1.652569888310946,4.261047662459443,1.5305493269787682,2.3308302220898094,0.2961509991226423,0.1396164004350668,0.1037217239868112,10,4.32,0.36,0.37,0.46,5.01,0.86,2.22,0.85,1.29,0.83,2.25,0.37,0.9,0.25,0.28,0.75,2.81,0.41,2.3,0.05,0.5,0.17,0.9,0.7,0.98,0.46,4.22,0.75,0.71,0.44,1.33,0.11,0.33,0.21,2.21,0.67,3.84,0.45,0,4.19,0.24,20.28541728375095,20.24264492176606,20.21234877360694,20.047526845229935,19.67685650801296,19.262174649255982,17.301716827069022,12.180730124769363,11.696017130510095,11.112958751480813,7.852192060758897,5.567992136343324,4.266428247928008,3.7780591818276097,2.3519021364755464,1.7792392804518828,0.7069822634738823,0.5609507197695447,0.4894522018765914,0.43459402350473897
11.939799331103671,63.655824442250314,7.195290481629204,18.412881263232737,24.498903313951963,14.353632547492024,35.17021138250914,57.213620064768484,4.976423564488243,5.306558669636219,19.491066727006896,10.405693277979323,5.260250840354876,1.7018676811726206,4.405295877833776,1.5885943061341674,2.4400321525120763,0.31104732064132923,0.14691635625113683,0.10932713099985948,10,4.32,0.36,0.37,0.46,5.01,0.86,2.22,0.85,1.29,0.83,2.25,0.37,0.9,0.25,0.28,0.75,2.81,0.41,2.3,0.05,0.5,0.17,0.9,0.7,0.98,0.46,4.22,0.75,0.71,0.44,1.33,0.11,0.33,0.21,2.21,0.67,3.84,0.45,0,4.19,0.24,20.28390320078989,20.242821422083182,20.213327426582154,20.052528587517507,19.690070260579652,19.28269502032867,17.349785228066104,12.287495944768995,11.808061161661115,11.230531603812958,7.976565506246963,5.6829483619329775,4.372186690208372,3.877909706173126,2.428778578562947,1.8444268903821142,0.7398906729943061,0.5889806199290759,0.5149615990544287,0.4580806788894113
12.040133779264206,63.659864783461074,7.198210697513964,18.42881867588862,24.53486882083751,14.394146814770343,35.36278316194804,57.718608554393036,5.024263096038271,5.364226769509476,19.817179545087548,10.636264684397856,5.392208715934211,1.7517511122742135,4.5518315183542475,1.647807827882668,2.552484593963663,0.3264358026960263,0.1544708312402427,0.11513696018343929,10,4.32,0.36,0.37,0.46,5.01,0.86,2.22,0.85,1.29,0.83,2.25,0.37,0.9,0.25,0.28,0.75,2.81,0.41,2.3,0.05,0.5,0.17,0.9,0.7,0.98,0.46,4.22,0.75,0.71,0.44,1.33,0.11,0.33,0.21,2.21,0.67,3.84,0.45,0,4.19,0.24,20.282448677954015,20.242973049024172,20.214251533280745,20.05733896276086,19.702838922621005,19.302600563312495,17.396852707154977,12.393013073201347,11.918846324368657,11.346862592617416,8.100424776196139,5.798092114804123,4.4785590299693885,3.9785160550314957,2.506764933763142,1.9108111057479455,0.7737683974418433,0.6179276670272554,0.5413563598799842,0.4824238631686107
12.14046822742474,63.663748081259804,7.201054849978851,18.44437281540982,24.57004818602899,14.433953306363259,35.55264878668341,58.217745762056445,5.071574670818613,5.4213377302448125,20.142501605343845,10.867675789568567,5.5250253882584675,1.8022058711593947,4.7006184319612085,1.7081807697498068,2.668209054179327,0.3423214868004705,0.16228291681743318,0.1211540284283613,10,4.32,0.36,0.37,0.46,5.01,0.86,2.22,0.85,1.29,0.83,2.25,0.37,0.9,0.25,0.28,0.75,2.81,0.41,2.3,0.05,0.5,0.17,0.9,0.7,0.98,0.46,4.22,0.75,0.71,0.44,1.33,0.11,0.33,0.21,2.21,0.67,3.84,0.45,0,4.19,0.24,20.281050690746476,20.243101559075853,20.215124177141593,20.06196669208516,19.715180915695896,19.321914888244468,17.442947467500964,12.497287810261847,12.028376355599931,11.461951699295875,8.223745918445266,5.913390438830785,4.585510179759976,4.079844952321739,2.585839548002543,1.978377427807517,0.8086214756510791,0.6478009315613594,0.5686470877861808,0.5076353791148339
12.240802675585275,63.66748213403072,7.2038257269625845,18.459556601530302,24.60446547100418,14.47306829976727,35.73984629034579,58.711059600921764,5.118359670720187,5.477890382451012,20.46696352649382,11.099857656465344,5.65865847833895,1.853217466937383,4.851619378263657,1.7697033506710407,2.7872251352546247,0.3587091311997829,0.170355560414951,0.1273810393261224,10,4.32,0.36,0.37,0.46,5.01,0.86,2.22,0.85,1.29,0.83,2.25,0.37,0.9,0.25,0.28,0.75,2.81,0.41,2.3,0.05,0.5,0.17,0.9,0.7,0.98,0.46,4.22,0.75,0.71,0.44,1.33,0.11,0.33,0.21,2.21,0.67,3.84,0.45,0,4.19,0.24,20.279706431748945,20.243208555188577,20.215948214766488,20.06642000504372,19.727113768788556,19.34066054704842,17.48809676108077,12.600326935217957,12.136655617918809,11.575799703312635,8.346505961647802,6.028810955981545,4.693005273980974,4.1818631767780134,2.6659802842719382,2.047110691514476,0.8444553770820719,0.678608954473503,0.5968438842966568,0.5337265547764529
12.34113712374581,63.67107419160657,7.206525970446786,18.47438234389629,24.638143699697636,14.511507529584033,35.924413290172666,59.19858045956977,5.164619761593839,5.533883959459913,20.790498163355135,11.332742056935754,5.793065710810167,1.9047712181039915,5.0047960153731665,1.8323651413595652,2.9095506414777237,0.37560322960706793,0.17869157571641486,0.13382059168998625,10,4.32,0.36,0.37,0.46,5.01,0.86,2.22,0.85,1.29,0.83,2.25,0.37,0.9,0.25,0.28,0.75,2.81,0.41,2.3,0.05,0.5,0.17,0.9,0.7,0.98,0.46,4.22,0.75,0.71,0.44,1.33,0.11,0.33,0.21,2.21,0.67,3.84,0.45,0,4.19,0.24,20.27841329102164,20.243295504488913,20.216726296187588,20.070706658706776,19.738654123055206,19.35885902420019,17.53232684626296,12.702137707484157,12.243689106700124,11.688408198590041,8.46868293199849,6.144321853675063,4.801009636266127,4.284537528868968,2.7471645087167396,2.1169950674456723,0.8812750334701647,0.7103597817016222,0.6259563844905393,0.5607082791810425
12.441471571906344,63.6745311400944,7.209158112870802,18.488861873124122,24.671105055528958,14.549286265255125,36.10638690821908,59.68034044042614,5.210356816911399,5.589318013750481,21.113040749155296,11.566261832629335,5.928205158474887,1.9568523143332774,5.160108983333953,1.896155032897205,3.035201216833345,0.3930079486826081,0.18729360869328243,0.14047515142507458,10,4.32,0.36,0.37,0.46,5.01,0.86,2.22,0.85,1.29,0.83,2.25,0.37,0.9,0.25,0.28,0.75,2.81,0.41,2.3,0.05,0.5,0.17,0.9,0.7,0.98,0.46,4.22,0.75,0.71,0.44,1.33,0.11,0.33,0.21,2.21,0.67,3.84,0.45,0,4.19,0.24,20.27716878956602,20.24336378991436,20.217460934595973,20.07483406113594,19.749817921470605,19.376530940782974,17.575663107290637,12.802727710635772,12.349482269883334,11.79977939416834,8.590255863030661,6.259892038433982,4.909488990712081,4.387835028985965,2.829369163692336,2.1880140599016147,0.9190847323316561,0.7430608487640645,0.6559936392409209,0.5885908844710626
12.541806020066879,63.67785961110959,7.21172459894662,18.503006619967145,24.703371001330996,14.586419359305003,36.28580372875149,60.15637290287517,5.255572871666718,5.644192365603337,21.434528954048556,11.800351098093055,6.064035385189661,2.00944585704523,5.317517976821428,1.9610612312068578,3.1641901545358366,0.41092709384010095,0.19616411867800876,0.1473470356011793,10,4.32,0.36,0.37,0.46,5.01,0.86,2.22,0.85,1.29,0.83,2.25,0.37,0.9,0.25,0.28,0.75,2.81,0.41,2.3,0.05,0.5,0.17,0.9,0.7,0.98,0.46,4.22,0.75,0.71,0.44,1.33,0.11,0.33,0.21,2.21,0.67,3.84,0.45,0,4.19,0.24,20.27597054000055,20.243414740595103,20.218154547550817,20.078809345195722,19.760620523493834,19.393696178798205,17.618130130157546,12.90210475905501,12.45404089948611,11.909915993185246,8.711204790348459,6.375491218650987,5.018409583245062,4.4917230341147985,2.912570821812196,2.260150520506179,0.957888061290405,0.7767189178723573,0.6869640497030229,0.6173840791689412
12.642140468227414,63.68106585738092,7.214227762578566,18.51682753541997,24.73496216355972,14.622921205841903,36.46269986822891,60.62671293852898,5.300270168702483,5.698507150133824,21.754902686666064,12.034944961335752,6.200515278006897,2.0625368349152113,5.476981783988591,2.027071330107882,3.296528732614448,0.42936416177319064,0.20530540550136817,0.15443843393279796,10,4.32,0.36,0.37,0.46,5.01,0.86,2.22,0.85,1.29,0.83,2.25,0.37,0.9,0.25,0.28,0.75,2.81,0.41,2.3,0.05,0.5,0.17,0.9,0.7,0.98,0.46,4.22,0.75,0.71,0.44,1.33,0.11,0.33,0.21,2.21,0.67,3.84,0.45,0,4.19,0.24,20.274816291342873,20.2434495964448,20.21880941005744,20.082639289606576,19.771076590143263,19.410373761899585,17.659751646773778,13.000276996261256,12.55737124249911,12.01882131097449,8.831510699905953,6.49108977059735,5.127738028385761,4.596169105350749,2.9967456813844313,2.3333867084558944,0.997688007790398,0.8113401758328346,0.7188754618554946,0.6470970381784236
12.742474916387948,63.68415554312042,7.216669791389332,18.530334975748207,24.765898175415824,14.658805690890938,36.637111099562794,61.09139802019332,5.344451220668056,5.752262878651871,22.074103837021106,12.269979160504334,6.337603826229067,2.1161100850416883,5.638458301009872,2.0941723884515278,3.432226643068419,0.44832241014216945,0.21471964628929874,0.16175143854015755,10,4.32,0.36,0.37,0.46,5.01,0.86,2.22,0.85,1.29,0.83,2.25,0.37,0.9,0.25,0.28,0.75,2.81,0.41,2.3,0.05,0.5,0.17,0.9,0.7,0.98,0.46,4.22,0.75,0.71,0.44,1.33,0.11,0.33,0.21,2.21,0.67,3.84,0.45,0,4.19,0.24,20.273704004476652,20.243469446915462,20.21942757571709,20.08633019705757,19.781199922846938,19.426581697666375,17.700550484558185,13.09725303015309,12.659480149829971,12.126499429048247,8.951155461224817,6.6066585660935555,5.237441110585309,4.7011408331185205,3.081869542798337,2.407704345903006,1.0384870860827227,0.8469303634003643,0.7517352944078362,0.6777385274832602
12.842809364548483,63.68713434774287,7.219052835637207,18.543539072697428,24.796198206434205,14.694086381746954,36.80907254497673,61.550465902682596,5.388118604244757,5.805460221949189,22.392076809144626,12.505391105141358,6.475260802201128,2.1701504525448674,5.801904700181415,2.162350807135126,3.571290883437321,0.46780466860496256,0.22440879324060106,0.1692879595124277,10,4.32,0.36,0.37,0.46,5.01,0.86,2.22,0.85,1.29,0.83,2.25,0.37,0.9,0.25,0.28,0.75,2.81,0.41,2.3,0.05,0.5,0.17,0.9,0.7,0.98,0.46,4.22,0.75,0.71,0.44,1.33,0.11,0.33,0.21,2.21,0.67,3.84,0.45,0,4.19,0.24,20.27263163481257,20.243475404271745,20.22001110402262,20.08988826591922,19.791003989450154,19.442337517289253,17.740548814808413,13.19304149956756,12.760374586928599,12.232954670025903,9.070121916698282,6.7221694330864326,5.347486377986467,4.806606384603279,3.1679179819893486,2.4830845763116125,1.080287011127274,0.8834944261457646,0.7855501842633156,0.7093165503570721
12.943143812709017,63.69000759064956,7.221378942513804,18.556449514953115,24.825880656471647,14.728776423514756,36.97861888533567,62.00395586601736,5.431275080387905,5.858100132774372,22.70876809588147,12.741119207662962,6.613446344194566,2.2246427093749848,5.967277415699224,2.2315924521146786,3.713726519526007,0.48781346418604543,0.23437464021848767,0.17704977903848743,10,4.32,0.36,0.37,0.46,5.01,0.86,2.22,0.85,1.29,0.83,2.25,0.37,0.9,0.25,0.28,0.75,2.81,0.41,2.3,0.05,0.5,0.17,0.9,0.7,0.98,0.46,4.22,0.75,0.71,0.44,1.33,0.11,0.33,0.21,2.21,0.67,3.84,0.45,0,4.19,0.24,20.271597267366165,20.243468494983983,20.22056191913448,20.093319365195022,19.80050161533118,19.457657965334,17.779768030297767,13.287651332193931,12.86006192145252,12.338191900586981,9.188393782638032,6.83759484596047,5.457841770998182,4.9125341717880175,3.25486628621599,2.559508044164662,1.1230889239645128,0.9210367469047737,0.8203262178716733,0.7418385741712624
13.043478260869552,63.69278020610144,7.223650054486308,18.56907554936028,24.854963166621527,14.7628885504558,37.14578439120452,62.45190869575585,5.473923590528266,5.910183837803381,23.024126201292297,12.977102864627142,6.752120959813124,2.2795715658449804,6.134532201063493,2.3018826833886945,3.8595367310794195,0.5083510263002597,0.24461882476371613,0.18503855258129814,10,4.32,0.36,0.37,0.46,5.01,0.86,2.22,0.85,1.29,0.83,2.25,0.37,0.9,0.25,0.28,0.75,2.81,0.41,2.3,0.05,0.5,0.17,0.9,0.7,0.98,0.46,4.22,0.75,0.71,0.44,1.33,0.11,0.33,0.21,2.21,0.67,3.84,0.45,0,4.19,0.24,20.270599125803486,20.24344965119383,20.221081800526555,20.09662902795153,19.80970498806346,19.47255901377988,17.81822877814511,13.381091741915437,12.958549915885042,12.442216516883162,9.305955613659535,6.952907906295242,5.56847562032817,5.018892857068197,3.342689482064054,2.6369549284882274,1.1668934057331541,0.9595611555318841,0.8560689384310858,0.7753115353156393
13.143812709030087,63.6954567819117,7.225868017322151,18.581426010710796,24.88346266531856,14.796435105671659,37.310602913384145,62.89436651741642,5.51606723945833,5.961712817305041,23.338101620106546,13.213282508615839,6.89124557125856,2.3349216908145114,6.303624191523624,2.3732063743963696,4.008722786498443,0.5294192797355283,0.25514282358525087,0.1932558046435117,10,4.32,0.36,0.37,0.46,5.01,0.86,2.22,0.85,1.29,0.83,2.25,0.37,0.9,0.25,0.28,0.75,2.81,0.41,2.3,0.05,0.5,0.17,0.9,0.7,0.98,0.46,4.22,0.75,0.71,0.44,1.33,0.11,0.33,0.21,2.21,0.67,3.84,0.45,0,4.19,0.24,20.26963555851179,20.24341972133914,20.22157239757269,20.09982247825719,19.81862570055347,19.4870559098091,17.855950992691625,13.47337219528285,13.055846687782841,12.545034398796266,9.42279278358858,7.068082357873264,5.679356682058714,5.125651391594521,3.4313623712473706,2.715404971432343,1.2117004708000254,0.9990709164133994,0.892783330477783,0.809741821456314
13.244147157190621,63.6980418976507,7.2280346384034155,18.59350951357169,24.911395634553386,14.829428130555328,37.47310770279816,63.331371740973935,5.557709193105018,6.0126886991080735,23.65064710029194,13.449600107934387,7.0307818417340835,2.3906777925566693,6.474508009687767,2.4455478680432368,4.161283539120935,0.5510197570403098,0.2659479046646349,0.20170288881905,10,4.32,0.36,0.37,0.46,5.01,0.86,2.22,0.85,1.29,0.83,2.25,0.37,0.9,0.25,0.28,0.75,2.81,0.41,2.3,0.05,0.5,0.17,0.9,0.7,0.98,0.46,4.22,0.75,0.71,0.44,1.33,0.11,0.33,0.21,2.21,0.67,3.84,0.45,0,4.19,0.24,20.268704916845753,20.243379568465187,20.222035356729457,20.102904830758774,19.82727502021295,19.50116344371417,17.89295399727486,13.564502192643943,13.151960465990792,12.64665165293397,9.538891531797125,7.183092807927091,5.790454420323334,5.232779277323319,3.5208596249392907,2.7948374751942024,1.2575094189314435,1.0395685669337793,0.9304736539436256,0.8451351041518196
13.344481605351156,63.70053983862145,7.230151640229793,18.605334306395417,24.938777917344705,14.861879308835686,37.63333158603857,63.76296786009753,5.598852753692028,6.063113331176798,23.961717315565917,13.685998732991312,7.17069191591401,2.4468245731526865,6.647137781170902,2.5188910648048366,4.31721592063385,0.5731536788838616,0.27703516978400355,0.21038102227816344,10,4.32,0.36,0.37,0.46,5.01,0.86,2.22,0.85,1.29,0.83,2.25,0.37,0.9,0.25,0.28,0.75,2.81,0.41,2.3,0.05,0.5,0.17,0.9,0.7,0.98,0.46,4.22,0.75,0.71,0.44,1.33,0.11,0.33,0.21,2.21,0.67,3.84,0.45,0,4.19,0.24,20.267805658096282,20.24332998578423,20.2224722140512,20.105880930454834,19.835663687041052,19.514895758046023,17.929256462410333,13.654491435558288,13.24689977209211,12.74707479592834,9.654238873174435,7.297914518552375,5.901738773945494,5.340246362826159,3.6111557561172116,2.8752313649207095,1.3043189812435598,1.0810560665780515,0.9691435919454,0.8814964833455049
13.44481605351169,63.70295443396744,7.232220631372652,18.616908173202454,24.965624577799623,14.893799917581983,37.79130705355002,64.18920002238458,5.6395014153655625,6.1129888393173495,24.271268689646796,13.922422243432035,7.310938217571639,2.5033466824167476,6.821467092148259,2.5932194662670454,4.476515319317271,0.5958220189726706,0.2884055898355614,0.21929131511501515,10,4.32,0.36,0.37,0.46,5.01,0.86,2.22,0.85,1.29,0.83,2.25,0.37,0.9,0.25,0.28,0.75,2.81,0.41,2.3,0.05,0.5,0.17,0.9,0.7,0.98,0.46,4.22,0.75,0.71,0.44,1.33,0.11,0.33,0.21,2.21,0.67,3.84,0.45,0,4.19,0.24,20.266936403771723,20.24327165013653,20.222884334222876,20.108755253379776,19.84380177376847,19.528266204745954,17.964876342598874,13.743349944743514,13.340673553057117,12.846310895947562,9.76882256343995,7.412523266788685,6.013179979308502,5.448022680687481,3.7022250702677635,2.9565652050102704,1.3521274313904388,1.123534916739776,1.0087963731667988,0.9188306103319136
13.545150501672225,63.70528953019362,7.234243193191996,18.628238731433058,24.991950331506263,14.925200984961613,37.94706603029369,64.61011333752157,5.679658697143596,6.16231744783097,24.579259729089564,14.158816098802479,7.451484002453847,2.560228869104715,6.997449241778833,2.6685161331806446,4.639174720908361,0.6190253499358169,0.30005991929125714,0.22843469807167313,10,4.32,0.36,0.37,0.46,5.01,0.86,2.22,0.85,1.29,0.83,2.25,0.37,0.9,0.25,0.28,0.75,2.81,0.41,2.3,0.05,0.5,0.17,0.9,0.7,0.98,0.46,4.22,0.75,0.71,0.44,1.33,0.11,0.33,0.21,2.21,0.67,3.84,0.45,0,4.19,0.24,20.266095769130303,20.24320525730332,20.223273088859465,20.11153220200107,19.85169911012494,19.54128778495496,17.99983109288393,13.831087711648342,13.433290785362807,12.944367143556752,9.882631127748361,7.526895687204538,6.1247490426166005,5.5560788962877705,3.7940418630634873,3.0388172378303375,1.4009323344132376,1.167005877433013,1.0494344759461747,0.9571413849203105
13.64548494983276,63.70754874785316,7.236220837180166,18.639333289930068,25.017769346449246,14.956093222671184,38.10064001061922,65.0257536869396,5.719328221397853,6.211101560147684,24.885650769957923,14.395126925105401,7.592293080544581,2.6174559188008093,7.175037189383612,2.7447637465564183,4.805185215419144,0.642763929829672,0.31199874311413606,0.23781196142155145,10,4.32,0.36,0.37,0.46,5.01,0.86,2.22,0.85,1.29,0.83,2.25,0.37,0.9,0.25,0.28,0.75,2.81,0.41,2.3,0.05,0.5,0.17,0.9,0.7,0.98,0.46,4.22,0.75,0.71,0.44,1.33,0.11,0.33,0.21,2.21,0.67,3.84,0.45,0,4.19,0.24,20.265282450772865,20.243131451602792,20.223639764932777,20.114215959162898,19.85936508210245,19.55397294708105,18.0341375878224,13.917714866294698,13.524760662467418,13.041251049841776,9.995653807711044,7.641009076213654,6.236417496285317,5.664386085301706,3.88658035597754,3.1219654092239306,1.4507306958240864,1.2114691270371039,1.0910597909185842,0.9964321183563006
13.745819397993294,63.709735482518965,7.238155004765685,18.650198847416238,25.043095239866606,14.986487024556288,38.25206006077397,65.43616774847848,5.75851371627777,6.259343760903123,25.19040394193944,14.631302473491257,7.733329792015823,2.675012651826136,7.354183568123536,2.821944624732881,4.974536080291928,0.6670377156319894,0.3242224839100669,0.24742376078766581,10,4.32,0.36,0.37,0.46,5.01,0.86,2.22,0.85,1.29,0.83,2.25,0.37,0.9,0.25,0.28,0.75,2.81,0.41,2.3,0.05,0.5,0.17,0.9,0.7,0.98,0.46,4.22,0.75,0.71,0.44,1.33,0.11,0.33,0.21,2.21,0.67,3.84,0.45,0,4.19,0.24,20.264495226293175,20.243050826339804,20.22398556509812,20.116810487377435,19.866808629046204,19.56633358276528,18.067812117576956,14.003241682365648,13.615092600770256,13.13697045298021,10.107880550476207,7.754841371731056,6.348157376335484,5.7729157146136405,3.9798146984852427,3.20598738206262,1.5015189862136187,1.2569242873269517,1.1336736458602075,1.03670555770032
13.846153846153829,63.711852872905226,7.24004706022869,18.66084206526973,25.06794103531127,15.016392448657584,38.40135683324126,65.8414031754607,5.797219033875429,6.30704683584771,25.493483116026066,14.867291503169493,7.874558927801246,2.7328839038999537,7.534840662570258,2.9000407399119736,5.147214950810222,0.6918463930611661,0.33673141831679837,0.25727063089389524,10,4.32,0.36,0.37,0.46,5.01,0.86,2.22,0.85,1.29,0.83,2.25,0.37,0.9,0.25,0.28,0.75,2.81,0.41,2.3,0.05,0.5,0.17,0.9,0.7,0.98,0.46,4.22,0.75,0.71,0.44,1.33,0.11,0.33,0.21,2.21,0.67,3.84,0.45,0,4.19,0.24,20.263732965754123,20.242963915269737,20.224311595613766,20.11931950488422,19.874038203165746,19.578380981180302,18.100870356051956,14.087678613722426,13.704296282492393,13.231533566648428,10.219302002474219,7.868371103391673,6.459941153451242,5.881639577530111,4.073718944863614,3.2908605394938006,1.5532931912245282,1.3033704783929223,1.1772768624342527,1.0779639434454211
13.946488294314364,63.71390401685863,7.2418983392338845,18.671269455267005,25.092319461527463,15.045819348016993,38.548560510266206,66.2415074597632,5.835448032585918,6.354213634748068,25.79485393664351,15.103044307313358,8.015946133704322,2.791054665285963,7.71696074264008,2.979033758642209,5.323207238570811,0.7171892631121973,0.34952561167369506,0.26735292868702015,10,4.32,0.36,0.37,0.46,5.01,0.86,2.22,0.85,1.29,0.83,2.25,0.37,0.9,0.25,0.28,0.75,2.81,0.41,2.3,0.05,0.5,0.17,0.9,0.7,0.98,0.46,4.22,0.75,0.71,0.44,1.33,0.11,0.33,0.21,2.21,0.67,3.84,0.45,0,4.19,0.24,20.2629945539309,20.242871250190106,20.224618948032138,20.12174664839441,19.881062046516323,19.59012614423974,18.133327594298784,14.171036064294258,13.792381381319723,13.324948663088382,10.329909436078484,7.981577582988998,6.571742064998692,5.990530130526704,4.168267273471884,3.3765621027513486,1.6060486434748062,1.3508061116565804,1.2218695309178298,1.1202087711986146
14.046822742474898,63.71589182178479,7.243710116216601,18.681487255365923,25.116242757241046,15.074777287812994,38.69370085627182,66.63652869932041,5.873204655642804,6.400847160424997,26.094483719679356,15.338512307855499,8.15745761724019,2.849509993046353,7.900495892220286,3.05890505179744,5.502496636341893,0.7430653350560025,0.36260497031064426,0.2776708780234368,10,4.32,0.36,0.37,0.46,5.01,0.86,2.22,0.85,1.29,0.83,2.25,0.37,0.9,0.25,0.28,0.75,2.81,0.41,2.3,0.05,0.5,0.17,0.9,0.7,0.98,0.46,4.22,0.75,0.71,0.44,1.33,0.11,0.33,0.21,2.21,0.67,3.84,0.45,0,4.19,0.24,20.26227894415748,20.242773320600733,20.224908642630474,20.124095363257464,19.887888007956164,19.601579580758667,18.165198595814534,14.253324544077614,13.87935774658203,13.417224282993523,10.439694767504243,8.094440745001817,6.683533868094064,6.099560251490393,4.263433860685529,3.463069088892987,1.6597801696310643,1.3992290603656337,1.2674511908823274,1.1634409789182003
14.147157190635433,63.71781899098233,7.245483599410093,18.691501406849003,25.139722630648993,15.1032755250868,38.83680721493893,67.02651576152219,5.910492948649695,6.446950590113148,26.392341450887837,15.573647953217547,8.29906006638129,2.9082349821282443,8.085397937823759,3.139635687922066,5.685065277452096,0.7694733574371699,0.3759692594258507,0.2882245852820724,10,4.32,0.36,0.37,0.46,5.01,0.86,2.22,0.85,1.29,0.83,2.25,0.37,0.9,0.25,0.28,0.75,2.81,0.41,2.3,0.05,0.5,0.17,0.9,0.7,0.98,0.46,4.22,0.75,0.71,0.44,1.33,0.11,0.33,0.21,2.21,0.67,3.84,0.45,0,4.19,0.24,20.261585163246366,20.24267057093482,20.225181623154423,20.126368887153145,19.89452350771516,19.6127512619179,18.196497553064493,14.334554701738945,13.965235443759251,13.508369284715847,10.548650573396936,8.20694111142889,6.795290773274673,6.2087031712133705,4.35919283316916,3.550358284416618,1.7144821364973861,1.4486367161208256,1.314020892818334,1.2076610123318834
14.247491638795967,63.71968812460455,7.247219957048181,18.701317662435844,25.162770439574782,15.1313230936703,38.977908505825205,67.41151761380947,5.947316988547427,6.492527188737443,26.688397711777846,15.808405006029774,8.440720894251042,2.9672148654670965,8.271618734864575,3.221206499578052,5.870893422047876,0.7964117508700402,0.3896180629553439,0.29901400343478113,10,4.32,0.36,0.37,0.46,5.01,0.86,2.22,0.85,1.29,0.83,2.25,0.37,0.9,0.25,0.28,0.75,2.81,0.41,2.3,0.05,0.5,0.17,0.9,0.7,0.98,0.46,4.22,0.75,0.71,0.44,1.33,0.11,0.33,0.21,2.21,0.67,3.84,0.45,0,4.19,0.24,20.260912275142363,20.24256342586152,20.225438795116553,20.128570336969016,19.900975699305118,19.623650813602847,18.22723825179032,14.41473719045608,14.050024590435918,13.598392648507225,10.656770004863862,8.319059879451068,6.906987638251158,6.3179326811227146,4.455518441939505,3.6384063680135426,1.7701483615930909,1.4990258672427084,1.3615770602028692,1.252868674391733
14.347826086956502,63.721501718065774,7.248920317060604,18.71094158523011,25.18539719008294,15.158928804223043,39.11703322953573,67.79158334242258,5.983680885281617,6.537580309906671,26.982624642696695,16.042738505621102,8.58240821812819,3.0264350126450754,8.459110182105094,3.303598099707364,6.059959534640737,0.8238786206082419,0.40355079023628987,0.3100389374716846,10,4.32,0.36,0.37,0.46,5.01,0.86,2.22,0.85,1.29,0.83,2.25,0.37,0.9,0.25,0.28,0.75,2.81,0.41,2.3,0.05,0.5,0.17,0.9,0.7,0.98,0.46,4.22,0.75,0.71,0.44,1.33,0.11,0.33,0.21,2.21,0.67,3.84,0.45,0,4.19,0.24,20.260259381496326,20.242452289836457,20.225681025175728,20.130702707640346,19.90725146770187,19.63428751457363,18.25743407097651,14.493882671917111,14.133735360579609,13.687303480650506,10.76404677539276,8.430778902369259,7.018599947948892,6.427223116783397,4.552385065423376,3.727189923800313,1.8267721361037126,1.5503927220859004,1.4101175126450949,1.2990631480063586
14.448160535117037,63.72326212914398,7.250585759076913,18.720378516650417,25.207613484214455,15.18610122089558,39.25420947718118,68.16676236430904,6.019588803790273,6.582113421338692,27.27499591738204,16.276604640753412,8.724090764631915,3.085880899645333,8.647824156603892,3.3867908819795365,6.252240468118903,0.8518717911723744,0.41776669569411945,0.3212990613964438,10,4.32,0.36,0.37,0.46,5.01,0.86,2.22,0.85,1.29,0.83,2.25,0.37,0.9,0.25,0.28,0.75,2.81,0.41,2.3,0.05,0.5,0.17,0.9,0.7,0.98,0.46,4.22,0.75,0.71,0.44,1.33,0.11,0.33,0.21,2.21,0.67,3.84,0.45,0,4.19,0.24,20.25962563350817,20.24233753860789,20.225909128655974,20.13276884538164,19.913357381293316,19.64467024045802,18.287097938385802,14.572001859163828,14.216378035901805,13.775111073209887,10.87047516976294,8.542080641435732,7.1301037355024235,6.5365492790503845,4.649767163117767,3.816685421539705,1.8843462783330396,1.6027329723758874,1.4596395338370187,1.3462430672510997
14.548494983277571,63.72497152102575,7.2522173023061125,18.729633530834302,25.229429448896973,15.212848631381066,39.38946495063265,68.5371047119377,6.055044993241069,6.626130138583488,27.565486726839943,16.509960595937315,8.865737750729457,3.145538065608974,8.837712403099427,3.470765005442671,6.44771167156549,0.8803888476807392,0.4322649029063343,0.33279393940331903,10,4.32,0.36,0.37,0.46,5.01,0.86,2.22,0.85,1.29,0.83,2.25,0.37,0.9,0.25,0.28,0.75,2.81,0.41,2.3,0.05,0.5,0.17,0.9,0.7,0.98,0.46,4.22,0.75,0.71,0.44,1.33,0.11,0.33,0.21,2.21,0.67,3.84,0.45,0,4.19,0.24,20.259010252430734,20.242219503718715,20.226123848036124,20.134771406889726,19.91929962503081,19.654807388873323,18.316242277584962,14.649105574411756,14.297963074188171,13.861824982400023,10.976050062110627,8.652948110832963,7.24147548553474,6.645886334545298,4.747639203805818,3.9068691733665486,1.9428631936036564,1.6560418684271898,1.51013995442883,1.394406606099907
14.648829431438106,63.72663205125535,7.253815949020164,18.738711604899887,25.25085500988222,15.239179169982112,39.52282692887721,68.90266000436586,6.090053679196362,6.669634095067392,27.854073671754154,16.742764988105666,9.007319256883518,3.2053922718061916,9.028727006028843,3.5555005141115297,6.646346718114401,0.9094270315278614,0.4470443415394409,0.3445229688620068,10,4.32,0.36,0.37,0.46,5.01,0.86,2.22,0.85,1.29,0.83,2.25,0.37,0.9,0.25,0.28,0.75,2.81,0.41,2.3,0.05,0.5,0.17,0.9,0.7,0.98,0.46,4.22,0.75,0.71,0.44,1.33,0.11,0.33,0.21,2.21,0.67,3.84,0.45,0,4.19,0.24,20.258412461548076,20.242098522415205,20.226325924377115,20.13671300447787,19.92508425166291,19.664707168775188,18.344879234898023,14.725204541825168,14.378500859564147,13.947454735067291,11.080766787899114,8.763365009476637,7.352692426715,6.755210132500496,4.8459759480714055,3.9977175447757505,2.0023147403569017,1.7103140308451483,1.5616149355235498,1.4435512395318086
14.74916387959864,63.72824574985061,7.255382657253551,18.747617513479135,25.271899723899715,15.265100744094196,39.65432230041238,69.26347810000505,6.124619131376657,6.712629021956483,28.14073477037283,16.974977545180565,9.148805969035461,3.265429402429962,9.220820120739653,3.640977286934534,6.848117708486212,0.9389833230318415,0.4621037959887028,0.3564854234542658,10,4.32,0.36,0.37,0.46,5.01,0.86,2.22,0.85,1.29,0.83,2.25,0.37,0.9,0.25,0.28,0.75,2.81,0.41,2.3,0.05,0.5,0.17,0.9,0.7,0.98,0.46,4.22,0.75,0.71,0.44,1.33,0.11,0.33,0.21,2.21,0.67,3.84,0.45,0,4.19,0.24,20.257831530053785,20.24197490510809,20.226516051248232,20.138596114608923,19.930717026232447,19.67437742305936,18.373020545369883,14.800309519468922,14.45800186016625,14.032010011981267,11.184621202505719,8.873315612337688,7.463732324536968,6.864496987699699,4.944752279473958,4.089206843689446,2.062692345963763,1.7655436005879388,1.6140601360421993,1.4936739242733739
14.849498327759175,63.72981450375816,7.256918338580096,18.75635582255518,25.29257277176191,15.290621033497533,39.78397757699594,69.61960913677106,6.158745667191531,6.755118750959332,28.42544942579046,17.206559067057327,9.290169154667396,3.3256354590546855,9.413943967758305,3.7271750439592397,7.0529953383008435,0.969054453560549,0.4774419121735014,0.36868045899154434,10,4.32,0.36,0.37,0.46,5.01,0.86,2.22,0.85,1.29,0.83,2.25,0.37,0.9,0.25,0.28,0.75,2.81,0.41,2.3,0.05,0.5,0.17,0.9,0.7,0.98,0.46,4.22,0.75,0.71,0.44,1.33,0.11,0.33,0.21,2.21,0.67,3.84,0.45,0,4.19,0.24,20.257266778647065,20.241848930643677,20.226694868888828,20.140423070074878,19.93620341776991,19.683825621880953,18.400677535103583,14.874431307902253,14.536476636914877,14.115500655916938,11.287609671495485,8.982784752084418,7.574573460408893,6.973723661392043,5.043943197766331,4.181313321252696,2.1239870263915632,1.8217242612125673,1.6674707362000505,1.5447711231745709
14.94983277591971,63.7313401033202,7.258423868593291,18.76493093011847,25.312883023451576,15.315747519722228,39.911818887721495,69.9711032981207,6.192437627084397,6.797107183961723,28.70819837200075,17.43747149986746,9.431380734900928,3.3859965978109137,9.608050959015252,3.814073389351206,7.260948851016629,0.9996368911521366,0.49305718802327664,0.38110710428322775,10,4.32,0.36,0.37,0.46,5.01,0.86,2.22,0.85,1.29,0.83,2.25,0.37,0.9,0.25,0.28,0.75,2.81,0.41,2.3,0.05,0.5,0.17,0.9,0.7,0.98,0.46,4.22,0.75,0.71,0.44,1.33,0.11,0.33,0.21,2.21,0.67,3.84,0.45,0,4.19,0.24,20.25671756280473,20.241720858675556,20.2268629817505,20.142196094929172,19.941548658883086,19.693058930918056,18.427861174419174,14.947580703160497,14.613935786682848,14.197936604511924,11.389729031022908,9.091757835450064,7.685194685209889,7.082867423500616,5.143523889586297,4.274013234225275,2.186189373693539,1.8788492134706267,1.7218414050819297,1.5968387669467243
15.050167224080244,63.732824306184106,7.2599001010976325,18.77334712078763,25.332839125025455,15.34048752476076,40.037871968191276,70.31801049602295,6.225699341284114,6.838598252487677,28.98896361380244,17.667678045792076,9.572413386511355,3.446499179429125,9.803093862725092,3.901651864486458,7.471945952839389,1.0307268176315965,0.5089479587955866,0.39376424731127824,10,4.32,0.36,0.37,0.46,5.01,0.86,2.22,0.85,1.29,0.83,2.25,0.37,0.9,0.25,0.28,0.75,2.81,0.41,2.3,0.05,0.5,0.17,0.9,0.7,0.98,0.46,4.22,0.75,0.71,0.44,1.33,0.11,0.33,0.21,2.21,0.67,3.84,0.45,0,4.19,0.24,20.256183249773727,20.24159094678321,20.227020982621777,20.143917351876905,19.946757825731403,19.70208430248094,18.454582147366413,15.01976843292334,14.690389865488415,14.279327800031533,11.490976539116566,9.20022087065492,7.795575496243731,7.191906140147088,5.2434698221607725,4.367282924954656,2.249289532734363,1.9369111345727852,1.7771662504849774,1.649872196234256
15.150501672240779,63.73426877094555,7.261347854570023,18.781608516049833,25.35244942241273,15.364848179870307,40.162162186211745,70.66038067487933,6.258535160801328,6.879595953236812,29.26772841301045,17.897143007240697,9.71324042031579,3.50712972301789,9.999025678955123,3.9898899255539173,7.685953011643256,1.0623201692707596,0.5251124210170365,0.4066506564880117,10,4.32,0.36,0.37,0.46,5.01,0.86,2.22,0.85,1.29,0.83,2.25,0.37,0.9,0.25,0.28,0.75,2.81,0.41,2.3,0.05,0.5,0.17,0.9,0.7,0.98,0.46,4.22,0.75,0.71,0.44,1.33,0.11,0.33,0.21,2.21,0.67,3.84,0.45,0,4.19,0.24,20.255663242459608,20.24145943214764,20.22716942759296,20.145588896579813,19.951835765620068,19.710908395809845,18.480850798870737,15.09100521836522,14.765849461024638,14.359684271794144,11.591349895274305,9.308160412295576,7.9056959393212445,7.300818171919152,5.343756664814413,4.461098769705952,2.313277258295415,1.995902252006964,1.8334389012858145,1.703866250684769
15.250836120401313,63.735674999305814,7.26276789876753,18.789719021690836,25.37172187679688,15.38883638787862,40.2847145551464,70.99826413957912,6.290949491696721,6.920104389130596,29.54447731445459,18.125831633616368,9.853835651398164,3.5678748492257366,10.195799466527506,4.07876689827362,7.902935237004035,1.0944126769870282,0.5415486569323538,0.4197650028927557,10,4.32,0.36,0.37,0.46,5.01,0.86,2.22,0.85,1.29,0.83,2.25,0.37,0.9,0.25,0.28,0.75,2.81,0.41,2.3,0.05,0.5,0.17,0.9,0.7,0.98,0.46,4.22,0.75,0.71,0.44,1.33,0.11,0.33,0.21,2.21,0.67,3.84,0.45,0,4.19,0.24,20.25515700024991,20.241326516310085,20.227308814171202,20.14721263287631,19.956787019128726,19.719537487322725,18.50667706473698,15.161301840309616,14.840325272124241,14.43901622927764,11.69084727951251,9.415563514276016,8.015536507726361,7.4095822638369775,5.444360185994135,4.555437098633471,2.378141966044056,2.055814415996655,1.8906525913184986,1.7588153621206466
15.351170568561848,63.73704450500918,7.264160994386894,18.79768248455875,25.390664318643662,15.41245893892343,40.40555371223086,71.33171061698509,6.322946696085592,6.960127647866355,29.819195968610458,18.353710472886213,9.994173723955438,3.6287214394698686,10.39336886733322,4.16826214379462,8.122856366728865,1.126999785334391,0.5582545830203919,0.4331058120513916,10,4.32,0.36,0.37,0.46,5.01,0.86,2.22,0.85,1.29,0.83,2.25,0.37,0.9,0.25,0.28,0.75,2.81,0.41,2.3,0.05,0.5,0.17,0.9,0.7,0.98,0.46,4.22,0.75,0.71,0.44,1.33,0.11,0.33,0.21,2.21,0.67,3.84,0.45,0,4.19,0.24,20.2546639781967,20.241192409435424,20.227439645157812,20.148790444873313,19.961616051743874,19.7279777390523,18.532070686761504,15.230668950691632,14.913827880375308,14.517333791662093,11.789467203914572,9.522417818828785,8.12507838732019,7.5181778240629304,5.545256552536953,4.65027445090667,2.4438726461003033,2.1166389549653415,1.9487999833751783,1.814713352495331
15.451505016722383,63.73837870690619,7.26552786870489,18.805502597668298,25.409284295696352,15.435722442979126,40.52470394260253,71.66076983808045,6.354531152935288,6.999669874885334,30.0918711883276,18.580747113653352,10.134229890179082,3.6896565375741734,10.591687803242499,4.25835497633553,8.345678953825566,1.1600767177950249,0.5752279899396577,0.4466715004096723,10,4.32,0.36,0.37,0.46,5.01,0.86,2.22,0.85,1.29,0.83,2.25,0.37,0.9,0.25,0.28,0.75,2.81,0.41,2.3,0.05,0.5,0.17,0.9,0.7,0.98,0.46,4.22,0.75,0.71,0.44,1.33,0.11,0.33,0.21,2.21,0.67,3.84,0.45,0,4.19,0.24,20.254183665513775,20.24105730195104,20.22756238821676,20.150324115481727,19.96632711377562,19.736235037940098,18.55704108882216,15.299117189961063,14.986367891045173,14.594647152819887,11.887208584842732,9.628711479162662,8.23430328509138,7.626584736131138,5.646422150714541,4.7455874336054436,2.5104579440254815,2.178366793067434,2.007873306183933,1.8715535867165272
15.551839464882917,63.739678944034424,7.266869218670287,18.813182911616398,25.427589090646244,15.45863333763453,40.64218917775724,71.98549148148386,6.385707252119112,7.03873526589372,30.362490924745728,18.80691018809892,10.273980017831054,3.7506673563043975,10.790710503578419,4.349024676499176,8.571364390701655,1.1936384797846737,0.5924665438810912,0.46046037626785763,10,4.32,0.36,0.37,0.46,5.01,0.86,2.22,0.85,1.29,0.83,2.25,0.37,0.9,0.25,0.28,0.75,2.81,0.41,2.3,0.05,0.5,0.17,0.9,0.7,0.98,0.46,4.22,0.75,0.71,0.44,1.33,0.11,0.33,0.21,2.21,0.67,3.84,0.45,0,4.19,0.24,20.25371558014761,20.240921368704406,20.227677481548035,20.1518153367391,19.970924256696996,19.744315013907517,18.581597389610547,15.366657175726147,15.057955919438282,14.670966565318269,11.984070730396047,9.734433156807293,8.34319343357441,7.734783365920743,5.747833599881039,4.841352736766722,2.577886168176765,2.240988455923798,2.0678643591828543,1.9293289765623236
15.652173913043452,63.74094647369686,7.268185710547674,18.820726833365164,25.445585719486825,15.481197887909639,40.75803299990671,72.30592519113279,6.416479396053906,7.077328068174254,30.6310442445488,19.03216934237505,10.41340057153331,3.8117412732305618,10.990391501980595,4.4402504974240875,8.799872968756116,1.22767986927996,0.6099677924925676,0.47447064482881457,10,4.32,0.36,0.37,0.46,5.01,0.86,2.22,0.85,1.29,0.83,2.25,0.37,0.9,0.25,0.28,0.75,2.81,0.41,2.3,0.05,0.5,0.17,0.9,0.7,0.98,0.46,4.22,0.75,0.71,0.44,1.33,0.11,0.33,0.21,2.21,0.67,3.84,0.45,0,4.19,0.24,20.253259269469133,20.240784768415907,20.227785333149807,20.153265708506865,19.975411331173007,19.752223037831204,18.605748402132846,15.433299506476754,15.128602594960032,14.746302344573342,12.08005333407064,9.839572008064227,8.451731574416586,7.842754546547523,5.849467747539623,4.937547135010864,2.646145307140727,2.304494090138691,2.1287645329984928,1.9880320018327333
15.752508361203986,63.742182529027765,7.269477996270227,18.828137696091687,25.463281050747984,15.503422245024531,40.872258654481314,72.6221201519078,6.446851953659339,7.115452521342778,30.897521180314026,19.256495367706375,10.55246875476833,3.872865912511587,11.19068593069717,4.532011771978206,9.031163799079016,1.262195447755235,0.6277291448807443,0.48870038852410036,10,4.32,0.36,0.37,0.46,5.01,0.86,2.22,0.85,1.29,0.83,2.25,0.37,0.9,0.25,0.28,0.75,2.81,0.41,2.3,0.05,0.5,0.17,0.9,0.7,0.98,0.46,4.22,0.75,0.71,0.44,1.33,0.11,0.33,0.21,2.21,0.67,3.84,0.45,0,4.19,0.24,20.25281428955001,20.240647657455966,20.22788634267499,20.154676792187765,19.979792092094538,19.759964349147104,18.629502751056233,15.499054677289681,15.198318456032204,14.820664740072688,12.175156377646928,9.944117702597906,8.559901059917634,7.95047970277602,5.95130183112458,5.034147638832322,2.715223009667476,2.3688734124689708,2.1905647415062126,2.0476546279159806
15.852842809364521,63.74338827672456,7.270746701750951,18.83541870977113,25.480681721865153,15.52531240623266,40.984889048963126,72.93412540713567,6.476829294332557,7.153112899730395,31.161912793837352,19.479860061784922,10.691162382168827,3.9340290824822888,11.391549315722326,4.624287850380045,9.265194966244763,1.297179577729341,0.6457478951172086,0.5031475888293917,10,4.32,0.36,0.37,0.46,5.01,0.86,2.22,0.85,1.29,0.83,2.25,0.37,0.9,0.25,0.28,0.75,2.81,0.41,2.3,0.05,0.5,0.17,0.9,0.7,0.98,0.46,4.22,0.75,0.71,0.44,1.33,0.11,0.33,0.21,2.21,0.67,3.84,0.45,0,4.19,0.24,20.252380220379163,20.24051017958265,20.22798088536909,20.156050072106535,19.984070124032943,19.767543965907127,18.652868792282895,15.563933143248573,15.267114028185022,14.894064029688039,12.269380186415239,10.048060388088253,8.667685756583596,8.057940741283513,6.053313359995631,5.131131394718537,2.7851066275376106,2.4341157770533135,2.2532555022768546,2.1081883971951516
15.953177257525056,63.74456480243628,7.27199242221925,18.842572940491205,25.49779410312831,15.546874196833324,41.095946749417514,73.24198999759467,6.506415803037654,7.190313531736385,31.424211217702695,19.702236167513167,10.829459818736535,3.9952187424828276,11.59293746053124,4.717058061038222,9.501923595159562,1.3326264408482515,0.6640212339127459,0.5178101373324572,10,4.32,0.36,0.37,0.46,5.01,0.86,2.22,0.85,1.29,0.83,2.25,0.37,0.9,0.25,0.28,0.75,2.81,0.41,2.3,0.05,0.5,0.17,0.9,0.7,0.98,0.46,4.22,0.75,0.71,0.44,1.33,0.11,0.33,0.21,2.21,0.67,3.84,0.45,0,4.19,0.24,20.251956671122944,20.24037246268057,20.228069306496007,20.157386940231415,19.988248809663858,19.774966645590496,18.675854575077093,15.627945347048268,15.334999858523888,14.96651056210855,12.362725460374108,10.151390677646278,8.775070000819703,8.1651199978791,6.155480050120364,5.228475625713284,2.8557832338245226,2.500210207553096,2.3168269764253386,2.169624475422996
16.05351170568559,63.745713164468725,7.2732157386313006,18.849603382313035,25.514624422320548,15.56811333315213,41.205454001826524,73.54576252428947,6.535615832315369,7.227058736638456,31.684409456614578,19.92359748962886,10.967340123384307,4.056423095521615,11.794806797440916,4.810301847708639,9.741305815167445,1.3685300129526667,0.6825462299634663,0.5326858165166608,10,4.32,0.36,0.37,0.46,5.01,0.86,2.22,0.85,1.29,0.83,2.25,0.37,0.9,0.25,0.28,0.75,2.81,0.41,2.3,0.05,0.5,0.17,0.9,0.7,0.98,0.46,4.22,0.75,0.71,0.44,1.33,0.11,0.33,0.21,2.21,0.67,3.84,0.45,0,4.19,0.24,20.251543260791262,20.24023463108303,20.228151941753605,20.15868874976248,19.99233143827724,19.782237018916476,18.698467970571507,15.691101632564529,15.401986406784419,15.038014621437718,12.455193155070383,10.25409965429696,8.882038696976677,8.272000365020528,6.257780013191249,5.326157817784072,2.927239616285197,2.5671453545498713,2.381268905627213,2.231953571204809
16.153846153846125,63.746834375376835,7.274417212147848,18.856512933253942,25.531178723360497,15.589035402251787,41.31343272980106,73.84549130811882,6.564433719498685,7.263352846378898,31.942501426663988,20.143918822457564,11.104782980074436,4.117630552611264,11.997114266240485,4.903998730521313,9.983296842009231,1.4048840849759043,0.7013198432178522,0.5477723121981304,10,4.32,0.36,0.37,0.46,5.01,0.86,2.22,0.85,1.29,0.83,2.25,0.37,0.9,0.25,0.28,0.75,2.81,0.41,2.3,0.05,0.5,0.17,0.9,0.7,0.98,0.46,4.22,0.75,0.71,0.44,1.33,0.11,0.33,0.21,2.21,0.67,3.84,0.45,0,4.19,0.24,20.251139624864344,20.24009680130142,20.228229110262326,20.159956796967336,19.996321169266057,19.789359545040128,18.720716629791248,15.753412276649257,15.468084084775958,15.108586475338264,12.546784513514208,10.356178854159703,8.988577266271765,8.378565232339172,6.3601916876013656,5.424155658972332,2.9994623000181067,2.6349095328407874,2.4465706574673938,2.2951659881101665
16.25418060200666,63.747929387813016,7.275597380334832,18.863304379401665,25.547462839610716,15.609645849289869,41.41990453547442,74.14122449551866,6.592873797995228,7.299200219711573,32.198481980553616,20.363175901361814,11.241768651359127,4.178829707758053,12.199817226937427,4.998128276696444,10.227851029669475,1.4416822768618125,0.7203389338498029,0.5630672220289132,10,4.32,0.36,0.37,0.46,5.01,0.86,2.22,0.85,1.29,0.83,2.25,0.37,0.9,0.25,0.28,0.75,2.81,0.41,2.3,0.05,0.5,0.17,0.9,0.7,0.98,0.46,4.22,0.75,0.71,0.44,1.33,0.11,0.33,0.21,2.21,0.67,3.84,0.45,0,4.19,0.24,20.250745420387318,20.239959078536792,20.228301109192078,20.16119230860259,20.00022100818724,19.79633848277667,18.742607958047316,15.814887510248806,15.533303282284846,15.178236406308935,12.6375010870453,10.457620255274243,9.09467161276324,8.484798446535915,6.462693789379137,5.522446994742628,3.0724375616499464,2.7034907461852375,2.5127212560702317,2.3592516603011466
16.354515050167194,63.74899906995788,7.276756750668325,18.869980367906564,25.56348234857902,15.629949955862616,41.524890698955836,74.43301022959136,6.620940415688814,7.3346052657291,32.45234696719713,20.581345340753636,11.37827791212406,4.240009297811648,12.402873311071811,5.092670045037802,10.474921913696301,1.4789180533859148,0.7396002731835798,0.5785680662932555,10,4.32,0.36,0.37,0.46,5.01,0.86,2.22,0.85,1.29,0.83,2.25,0.37,0.9,0.25,0.28,0.75,2.81,0.41,2.3,0.05,0.5,0.17,0.9,0.7,0.98,0.46,4.22,0.75,0.71,0.44,1.33,0.11,0.33,0.21,2.21,0.67,3.84,0.45,0,4.19,0.24,20.250360334815166,20.239821550576988,20.22836820444866,20.162396420460407,20.004033766300967,19.803177842077226,18.764149071662416,15.875537552518972,15.597654409136638,15.246974762817072,12.727344775670446,10.55841626819143,9.20030807688822,8.590684253461294,6.5652652310443536,5.621009749393684,3.1461514403087376,2.772876714949873,2.5797094191929815,2.424200197768741
16.45484949832773,63.75004431954747,7.2778958321506835,18.8765435409151,25.579242799715217,15.649952952607276,41.62841220631976,74.72089585138707,6.648637847689265,7.369572328828518,32.70409283400977,20.798404816706768,11.514292298472919,4.301158379893581,12.606241122941093,5.187603875594748,10.724462246486622,1.516584692227833,0.7591005160068645,0.5942722573581121,10,4.32,0.36,0.37,0.46,5.01,0.86,2.22,0.85,1.29,0.83,2.25,0.37,0.9,0.25,0.28,0.75,2.81,0.41,2.3,0.05,0.5,0.17,0.9,0.7,0.98,0.46,4.22,0.75,0.71,0.44,1.33,0.11,0.33,0.21,2.21,0.67,3.84,0.45,0,4.19,0.24,20.249984044962915,20.23968431544325,20.22843067388794,20.163570281073593,20.00776226096859,19.809881627028055,18.785347022841016,15.935372452621431,15.661147697187143,15.314811714605101,12.816317598164735,10.65855972610505,9.305473597752414,8.696207520945089,6.667885492026485,5.719822307427487,3.2205897559727408,2.8430548240989117,2.6475234656552087,2.4900007583304897
16.555183946488263,63.751065978612225,7.279015111997825,18.88299643734278,25.594749548060893,15.669659937933078,41.730489736026676,75.00492850137697,6.67597036162527,7.404105773702987,32.95371688676402,21.014332894089538,11.64979390050688,4.362266195043683,12.809879716869226,5.282909683217129,10.976424051078228,1.5546753219855733,0.7788362291277159,0.6101771291952441,10,4.32,0.36,0.37,0.46,5.01,0.86,2.22,0.85,1.29,0.83,2.25,0.37,0.9,0.25,0.28,0.75,2.81,0.41,2.3,0.05,0.5,0.17,0.9,0.7,0.98,0.46,4.22,0.75,0.71,0.44,1.33,0.11,0.33,0.21,2.21,0.67,3.84,0.45,0,4.19,0.24,20.249616247699603,20.239547460567525,20.228488774994307,20.164714975049215,20.0114091685141,19.816453658019554,18.806208637079767,15.994402209166601,15.723793348948783,15.381757435178667,12.904421851386788,10.75804387432577,9.410155572776649,8.801353555432422,6.770534338361612,5.818863233060178,3.295738119238845,2.9140121880725474,2.716151411712569,2.556642171328073
16.655518394648798,63.752064861273226,7.28011506348795,18.88934152635306,25.610007811500953,15.689075906736504,41.831143668925954,75.28515492659001,6.702942196398722,7.43820995685761,33.20121717640492,21.229109055363146,11.78476541385502,4.423322209876805,13.013748768832592,5.3785675325544835,11.230758664442833,1.5931829205114059,0.7988038880240536,0.6262799328243736,10,4.32,0.36,0.37,0.46,5.01,0.86,2.22,0.85,1.29,0.83,2.25,0.37,0.9,0.25,0.28,0.75,2.81,0.41,2.3,0.05,0.5,0.17,0.9,0.7,0.98,0.46,4.22,0.75,0.71,0.44,1.33,0.11,0.33,0.21,2.21,0.67,3.84,0.45,0,4.19,0.24,20.249256649941643,20.239411069466634,20.228542755410995,20.165831548727994,20.014977074244932,19.82289763265453,18.826740570385855,16.052636732146162,15.78560148956879,15.447822041952255,12.991660048790724,10.856862360128318,9.514341889034588,8.90610814905567,6.873191911547167,5.918111365208752,3.3715819459587397,2.9857356493540914,2.7855809602413975,2.6241129185341254
16.755852842809333,63.75304175800656,7.2811961473242786,18.89558121342273,25.625022681474242,15.708205756224224,41.9303940933503,75.56162145308431,6.729557558951366,7.471889221744332,33.44659246351077,21.44271368740493,11.9191901373478,4.484316121188138,13.217808603561206,5.4745576544749035,11.487416782964404,1.6321003215064822,0.8189998801344209,0.6425778388495917,10,4.32,0.36,0.37,0.46,5.01,0.86,2.22,0.85,1.29,0.83,2.25,0.37,0.9,0.25,0.28,0.75,2.81,0.41,2.3,0.05,0.5,0.17,0.9,0.7,0.98,0.46,4.22,0.75,0.71,0.44,1.33,0.11,0.33,0.21,2.21,0.67,3.84,0.45,0,4.19,0.24,20.248904967117642,20.23927522269326,20.22859285455109,20.166921014545355,20.018468481435665,19.829217136964893,18.846949320744194,16.110085837650086,15.846582159738162,15.513015586836424,13.078034904896546,10.955009222520976,9.618020918854299,9.01045757874304,6.975838740559498,6.017545834325538,3.4481064708618923,3.0582117908392634,2.85579951223386,2.6924011447797898
16.856187290969867,63.75399728958626,7.282258771803782,18.901717672663207,25.639798839055455,15.72705414686781,42.0282607785448,75.83437499853214,6.755820734430762,7.505148043107231,33.689842696737436,21.655127828186878,12.053051644485027,4.545237625916806,13.422019290419508,5.5708600753073325,11.746348445927175,1.6714202611311721,0.8394205436967973,0.6590679796196736,10,4.32,0.36,0.37,0.46,5.01,0.86,2.22,0.85,1.29,0.83,2.25,0.37,0.9,0.25,0.28,0.75,2.81,0.41,2.3,0.05,0.5,0.17,0.9,0.7,0.98,0.46,4.22,0.75,0.71,0.44,1.33,0.11,0.33,0.21,2.21,0.67,3.84,0.45,0,4.19,0.24,20.24856097574895,20.23913996211718,20.22863924824659,20.167984220115184,20.021885560481255,19.835415342390995,18.86684095105728,16.16675944876593,15.906745566076479,15.577348364309756,13.16354961757695,11.052478894228672,9.721181303673596,9.114388313554286,7.078455263062624,6.1171455711067635,3.525296732318422,3.131427012823036,2.9267942969668486,2.7614948346064323
16.9565217391304,63.75493213121459,7.283303354431872,18.90775310701089,25.65434099660148,15.745625720116678,42.12476322607641,76.10346152337986,6.781735917094549,7.5379908038763945,33.93096822550612,21.866333504844125,12.186334258230534,4.606076768947503,13.626342032547493,5.6674551995602345,12.007503171663489,1.7111353260711029,0.8600621190453763,0.6757473938089906,10,4.32,0.36,0.37,0.46,5.01,0.86,2.22,0.85,1.29,0.83,2.25,0.37,0.9,0.25,0.28,0.75,2.81,0.41,2.3,0.05,0.5,0.17,0.9,0.7,0.98,0.46,4.22,0.75,0.71,0.44,1.33,0.11,0.33,0.21,2.21,0.67,3.84,0.45,0,4.19,0.24,20.24822443276275,20.239005345510737,20.228682133674315,20.169022050452924,20.02523053791907,19.84149547661425,18.886421522623802,16.222667288725454,15.96610169744636,15.6408304376404,13.248207416929558,11.149266173598338,9.823812259350072,9.217887440547841,7.181022555302215,6.2168900665321285,3.6031376281740197,3.2053674508567354,2.998552209920199,2.831381580059671
17.056856187290936,63.755847017494304,7.284330323479104,18.91368975511072,25.66865390984949,15.763925104903231,42.21992067507757,76.36892599842133,6.80730720654307,7.570421789600199,34.16996976204363,22.076313721629106,12.319023050221803,4.666823948820769,13.830739198347086,5.764323828163685,12.27083000332403,1.7512379599433405,0.8809207517339325,0.6926130287673302,10,4.32,0.36,0.37,0.46,5.01,0.86,2.22,0.85,1.29,0.83,2.25,0.37,0.9,0.25,0.28,0.75,2.81,0.41,2.3,0.05,0.5,0.17,0.9,0.7,0.98,0.46,4.22,0.75,0.71,0.44,1.33,0.11,0.33,0.21,2.21,0.67,3.84,0.45,0,4.19,0.24,20.247895073702054,20.238871447672505,20.22872173123509,20.170035432973734,20.02850570663616,19.847460836253575,18.905697107964478,16.27781887465067,16.024660316649946,15.703471627978276,13.332011548344866,11.245366214310932,9.925903572759813,9.320942665263328,7.283522346434409,6.3167593910920585,3.681613929508828,3.280018987813048,3.0710598237130022,2.902048590535114
17.15719063545147,63.756742610726214,7.285340082083666,18.91952974022884,25.682742122133824,15.781956792431478,42.313752078699004,76.63081331805928,6.832538707056491,7.602445318542012,34.406848810744826,22.28505222952222,12.45110354338831,4.727469710103242,14.03517350628809,5.861446824684382,12.536277498285504,1.7917205060855004,0.9019925279800379,0.709661778896397,10,4.32,0.36,0.37,0.46,5.01,0.86,2.22,0.85,1.29,0.83,2.25,0.37,0.9,0.25,0.28,0.75,2.81,0.41,2.3,0.05,0.5,0.17,0.9,0.7,0.98,0.46,4.22,0.75,0.71,0.44,1.33,0.11,0.33,0.21,2.21,0.67,3.84,0.45,0,4.19,0.24,20.247572660138566,20.23873832821021,20.228758234642367,20.171025219494275,20.031713199834506,19.85331451385219,18.92467354131428,16.33222369876423,16.082431186226515,15.765281792109384,13.414965526353637,11.34077452619818,10.027445405873053,9.423542046919614,7.385936586603414,6.416733752018823,3.7607102681562616,3.35536732470233,3.1443035069399667,2.973482853575904
17.257525083612006,63.75761955910916,7.286333024394597,18.925275138657724,25.69661008081011,15.799725193979016,42.406276120565856,76.88916789958151,6.857434483673498,7.6340656832780835,34.64160744821475,22.492533599219566,12.582561826668295,4.788004832182972,14.239608386133352,5.958805270664312,12.80379379587123,1.8325751997926345,0.9232734652011076,0.7268904739690777,10,4.32,0.36,0.37,0.46,5.01,0.86,2.22,0.85,1.29,0.83,2.25,0.37,0.9,0.25,0.28,0.75,2.81,0.41,2.3,0.05,0.5,0.17,0.9,0.7,0.98,0.46,4.22,0.75,0.71,0.44,1.33,0.11,0.33,0.21,2.21,0.67,3.84,0.45,0,4.19,0.24,20.247256958720705,20.238606045648876,20.22879183297129,20.17199223913156,20.03485509324246,19.859059521843424,18.943356533613894,16.3858911491277,16.139423968978516,15.826270699128852,13.497073012240048,11.435486960629806,10.128428367330761,9.525674102212129,7.488247635062381,6.516793692437701,3.8404111606810525,3.43139796985698,3.2182693930861683,3.0456710859304357
17.35785953177254,63.75847849147972,7.287309534247181,18.930927974325417,25.710262128404537,15.817234637000398,42.49751121721917,77.14403372404831,6.881998566451483,7.665287155778845,34.87424832434958,22.69874319399056,12.713384531985604,4.848420318165181,14.444007942496519,6.056380454930687,13.073326653149975,1.8737941766919264,0.9447595172072054,0.7442958839283101,10,4.32,0.36,0.37,0.46,5.01,0.86,2.22,0.85,1.29,0.83,2.25,0.37,0.9,0.25,0.28,0.75,2.81,0.41,2.3,0.05,0.5,0.17,0.9,0.7,0.98,0.46,4.22,0.75,0.71,0.44,1.33,0.11,0.33,0.21,2.21,0.67,3.84,0.45,0,4.19,0.24,20.246947743067302,20.238474656093793,20.228822708658512,20.17293729385857,20.03793339693153,19.864698782879803,18.961751664485178,16.438830517894914,16.19564823785934,15.886448042073864,13.578337819196395,11.529499702201583,10.228843494989906,9.627327785784674,7.590438239003026,6.6169200732113165,3.9207010184341877,3.50809625396033,3.292943398307929,3.1185997536596197
17.458193979933075,63.7593196700856,7.288269887154745,18.936489800935302,25.723701789139096,15.834489010870682,42.58747542364087,77.39545684002579,6.906235224566176,7.696114350869194,35.10477598866628,22.90366664434664,12.843558068074717,4.908706817568433,14.64833462526173,6.154152882954756,13.344823118367673,1.9153695430791111,0.9664466467796232,0.7618748042756103,10,4.32,0.36,0.37,0.46,5.01,0.86,2.22,0.85,1.29,0.83,2.25,0.37,0.9,0.25,0.28,0.75,2.81,0.41,2.3,0.05,0.5,0.17,0.9,0.7,0.98,0.46,4.22,0.75,0.71,0.44,1.33,0.11,0.33,0.21,2.21,0.67,3.84,0.45,0,4.19,0.24,20.246644918769185,20.238344129840492,20.22885090584091,20.173860837308144,20.04094942896677,19.870234367711916,18.979863671270337,16.49105149678259,16.251114097174586,15.945824207565831,13.658764664794212,11.622809332259674,10.328681770631743,9.72849180119249,7.692490315435736,6.717092791309383,4.001564025014718,3.5854474368624882,3.3683114617097285,3.192255429914807
17.55852842809361,63.760143815565826,7.289214483716639,18.94196269798637,25.73693347079741,15.851492613607464,42.67618667099353,77.64347942506944,6.930148315443984,7.72655136122184,35.33319367388742,23.107291030423255,12.973070401713557,4.968855989864159,14.852554760520743,6.252104645329226,13.61823044651675,1.9572932338598197,0.9883306672615997,0.7796238652109021,10,4.32,0.36,0.37,0.46,5.01,0.86,2.22,0.85,1.29,0.83,2.25,0.37,0.9,0.25,0.28,0.75,2.81,0.41,2.3,0.05,0.5,0.17,0.9,0.7,0.98,0.46,4.22,0.75,0.71,0.44,1.33,0.11,0.33,0.21,2.21,0.67,3.84,0.45,0,4.19,0.24,20.246348226396307,20.2382145492497,20.228876643152077,20.17476373935195,20.043905308034468,19.87566931234919,18.99769814762682,16.54256300243646,16.30583070829664,16.00440844711586,13.738357361771758,11.715412646181443,10.427935238341771,9.829156206836196,7.7943878360248675,6.817293829171029,4.082984468239966,3.66343649976493,3.444359022939637,3.26662399523368
17.658862876254144,63.76095145706947,7.290143666040955,18.94734848786005,25.749961127627817,15.86824948753112,42.763662586370046,77.8881444691808,6.953741797680997,7.756602437998213,35.55950579517229,23.309603915730303,13.101909633827617,5.028859426062155,15.056634191468097,6.350217559828762,13.893495452057557,1.9995571377247583,1.010407374776172,0.7975396883463111,10,4.32,0.36,0.37,0.46,5.01,0.86,2.22,0.85,1.29,0.83,2.25,0.37,0.9,0.25,0.28,0.75,2.81,0.41,2.3,0.05,0.5,0.17,0.9,0.7,0.98,0.46,4.22,0.75,0.71,0.44,1.33,0.11,0.33,0.21,2.21,0.67,3.84,0.45,0,4.19,0.24,20.246057475454997,20.23808595273686,20.22890006730554,20.175646684565677,20.04680277998905,19.881006189988106,19.01526021043784,16.59337410310988,16.359807451904334,16.062210317637273,13.817120231911995,11.807306780477942,10.526596105162472,9.92931113438122,7.896114549617693,6.917504854845922,4.164946500256795,3.74204833327168,3.52107145938466,3.3416912941710435
17.75919732441468,63.76174311016193,7.291057768206327,18.952648951359475,25.762788628908762,15.884763603030573,42.84992054714637,78.12949449652636,6.977019590769701,7.786271803972058,35.783717241357905,23.510593586853446,13.23006437451946,5.088708940878505,15.260539470227029,6.44847368560882,14.170564738811063,2.0421530723359878,1.0326725173252962,0.8156188483389858,10,4.32,0.36,0.37,0.46,5.01,0.86,2.22,0.85,1.29,0.83,2.25,0.37,0.9,0.25,0.28,0.75,2.81,0.41,2.3,0.05,0.5,0.17,0.9,0.7,0.98,0.46,4.22,0.75,0.71,0.44,1.33,0.11,0.33,0.21,2.21,0.67,3.84,0.45,0,4.19,0.24,20.24577248034171,20.237958377385002,20.22892132054455,20.176510337445592,20.049643540776927,19.886247504374634,19.032554868300142,16.643493765950108,16.413053610434314,16.119239287067835,13.895057710913866,11.898489166004481,10.624656974224958,10.02894712783702,7.997654602193309,7.017707880590514,4.2474342186170935,3.8212677032545845,3.5984339847765936,3.417442974540351
17.859531772575213,63.762519279162255,7.291957117085374,18.957865831482646,25.775419765752943,15.901038862450738,42.934977685576285,78.36757155160691,6.9999855733640395,7.8155636506485004,36.00583334659639,23.71024903738017,13.357523736556427,5.148396574210807,15.464237872354705,6.5468553342875015,14.44938474380852,2.0850727913249907,1.055121798485519,0.8338578758994777,10,4.32,0.36,0.37,0.46,5.01,0.86,2.22,0.85,1.29,0.83,2.25,0.37,0.9,0.25,0.28,0.75,2.81,0.41,2.3,0.05,0.5,0.17,0.9,0.7,0.98,0.46,4.22,0.75,0.71,0.44,1.33,0.11,0.33,0.21,2.21,0.67,3.84,0.45,0,4.19,0.24,20.24549305950159,20.23783185943076,20.228940541522647,20.17735534500148,20.052429241987184,19.891395696850935,19.04958702911693,16.69293085442691,16.465578364387067,16.17550472916173,13.972174336943567,11.988957518052652,10.722110837688327,10.128055138903573,8.098992542285337,7.1178852727834405,4.330431679278564,3.9010792638429312,3.676431662029628,3.493864500018812
17.959866220735748,63.763280363505906,7.292842004438315,18.96300071217751,25.787858041587953,15.917078994137226,43.01885085052634,78.60241792266176,7.022643663195881,7.844482246237164,36.22586034326987,23.908559860889262,13.484277131692018,5.207914415382534,15.667696656318151,6.645344737204198,14.729901493937028,2.128307982389273,1.0777508871402348,0.8522532737166054,10,4.32,0.36,0.37,0.46,5.01,0.86,2.22,0.85,1.29,0.83,2.25,0.37,0.9,0.25,0.28,0.75,2.81,0.41,2.3,0.05,0.5,0.17,0.9,0.7,0.98,0.46,4.22,0.75,0.71,0.44,1.33,0.11,0.33,0.21,2.21,0.67,3.84,0.45,0,4.19,0.24,20.245219069137878,20.23770641245556,20.2289578297633,20.178182245684322,20.055161308514567,19.89645292211401,19.06636128480827,16.741694270948386,16.517390972623186,16.231016149181983,14.048474995283762,12.078709882615925,10.81895095798221,10.22662634067568,8.20011294161604,7.21801933614851,4.413922816697472,3.9814675466963356,3.7550494334460294,3.570941216872577
18.060200668896282,63.76402668034084,7.293712693800862,18.96805504850462,25.80010672462313,15.932887579509966,43.101556621117744,78.83407597221868,7.044997798104676,7.873031909371566,36.443805232037235,24.105516254072242,13.61031430577251,5.26725464202909,15.870883237375061,6.7439241290774685,15.012060710413763,2.1718502761693985,1.1005554199011216,0.8708015167393554,10,4.32,0.36,0.37,0.46,5.01,0.86,2.22,0.85,1.29,0.83,2.25,0.37,0.9,0.25,0.28,0.75,2.81,0.41,2.3,0.05,0.5,0.17,0.9,0.7,0.98,0.46,4.22,0.75,0.71,0.44,1.33,0.11,0.33,0.21,2.21,0.67,3.84,0.45,0,4.19,0.24,20.2449503950773,20.237582032577716,20.228973254228343,20.178991491750597,20.057840983770568,19.901421104083855,19.082881965951298,16.78979292364273,16.5685007298318,16.28578312995274,14.123964852826337,12.167744614624263,10.915170884323679,10.324652161331462,8.301000481742207,7.31809241352752,4.4978914764409685,4.062416979000619,3.834272129887597,3.6486583551378993
18.160535117056817,63.76475874193624,7.294569503649913,18.973030528723488,25.812169474656194,15.948468371769678,43.18311143416107,79.06258601028286,7.067051700282341,7.901216688510621,36.65967437408742,24.301109261291533,13.735625897320858,5.326410029532397,16.073767366059986,6.842576744514662,15.295808675788102,2.215691278759448,1.123530987502419,0.8894990181654716,10,4.32,0.36,0.37,0.46,5.01,0.86,2.22,0.85,1.29,0.83,2.25,0.37,0.9,0.25,0.28,0.75,2.81,0.41,2.3,0.05,0.5,0.17,0.9,0.7,0.98,0.46,4.22,0.75,0.71,0.44,1.33,0.11,0.33,0.21,2.21,0.67,3.84,0.45,0,4.19,0.24,20.24468685290296,20.23745876283745,20.22898695858386,20.179783720308386,20.06046987373766,19.90630260584218,19.099153788174252,16.83723530766745,16.618916435504023,16.339814664870055,14.198648612624151,12.25606020703778,11.010764765789538,10.422124800081725,8.401641062316138,7.41808811586781,4.58232169447059,4.1439119644317595,3.914084433834827,3.7270008861133266
18.26086956521735,63.76547695186327,7.295412716579476,18.977928679260653,25.82404965981016,15.963824949389444,43.26353145202923,79.28798863226879,7.0888091350044755,7.929040712679653,36.87347499804126,24.495330468421034,13.860202802068248,5.385373387133666,16.276318734163063,6.941285732305503,15.58109136161664,2.2598225503096088,1.146673157753176,0.9083421736531309,10,4.32,0.36,0.37,0.46,5.01,0.86,2.22,0.85,1.29,0.83,2.25,0.37,0.9,0.25,0.28,0.75,2.81,0.41,2.3,0.05,0.5,0.17,0.9,0.7,0.98,0.46,4.22,0.75,0.71,0.44,1.33,0.11,0.33,0.21,2.21,0.67,3.84,0.45,0,4.19,0.24,20.244428297329225,20.23733662256285,20.228999045899013,20.180559457120022,20.063049353161873,19.911099498875437,19.115181148759106,16.884029965781906,16.66864697716392,16.393119889261136,14.272531319389053,12.34365546013116,11.105726987945395,10.51903664308177,8.502020579041353,7.517989974188489,4.6671974137684735,4.225936820489607,3.9944709476282867,3.8059537076066188
18.361204013377886,63.76618170041047,7.29624260798691,18.98275098972809,25.83575057313255,15.978960826529912,43.34283260881859,79.51032399018412,7.110273829708203,7.956508081080894,37.08521470483599,24.688172074964275,13.984036357657782,5.444137731290769,16.478507721478277,7.040034499950794,15.867854750849354,2.3042356206570673,1.169977473378513,0.9273273518026484,10,4.32,0.36,0.37,0.46,5.01,0.86,2.22,0.85,1.29,0.83,2.25,0.37,0.9,0.25,0.28,0.75,2.81,0.41,2.3,0.05,0.5,0.17,0.9,0.7,0.98,0.46,4.22,0.75,0.71,0.44,1.33,0.11,0.33,0.21,2.21,0.67,3.84,0.45,0,4.19,0.24,20.244174587852235,20.237215629477895,20.229009614848266,20.181319210033692,20.06558075332116,19.915813794429422,19.1309683503907,16.930185344970404,16.717701148236884,16.445707851244258,14.34561809967407,12.4305294171074,11.200052274110872,10.615380434938338,8.602125302271226,7.617781862341128,4.752502587442303,4.308475814488515,4.075416189462298,3.885501604053097
18.46153846153842,63.766873365915956,7.297059446595503,18.9874989153872,25.84727543713422,15.993879455776463,43.42103061449487,79.72963178651925,7.131449473112284,7.983622861373413,37.294901444402534,24.879626877028166,14.107118335067478,5.502696285297509,16.680305402402052,7.1388067211437445,16.156044878671665,2.348921996230863,1.19343945577851,0.9464508973001198,10,4.32,0.36,0.37,0.46,5.01,0.86,2.22,0.85,1.29,0.83,2.25,0.37,0.9,0.25,0.28,0.75,2.81,0.41,2.3,0.05,0.5,0.17,0.9,0.7,0.98,0.46,4.22,0.75,0.71,0.44,1.33,0.11,0.33,0.21,2.21,0.67,3.84,0.45,0,4.19,0.24,20.24392558827026,20.23709579995497,20.229018760210476,20.182063470595505,20.06806536560868,19.920447448133938,19.14651960641557,16.97570979539118,16.766087646282422,16.49758750893872,14.417914153106478,12.516681354778116,11.293735677129273,10.71114927215395,8.701941878402208,7.717448002467298,4.838221190753169,4.391513176298606,4.156904606404424,3.965629259687502
18.561872909698955,63.76755223559448,7.2978634669204325,18.99217375174821,25.858627180524838,16.008584109288684,43.49814087808585,79.94595198293986,7.152339796050598,8.010389206226757,37.502544230012745,25.06968836136626,14.229440830884197,5.561042287132179,16.881682615434325,7.2375858497083,16.44560697442247,2.393873060754242,1.2170545636740377,0.96570910560254,10,4.32,0.36,0.37,0.46,5.01,0.86,2.22,0.85,1.29,0.83,2.25,0.37,0.9,0.25,0.28,0.75,2.81,0.41,2.3,0.05,0.5,0.17,0.9,0.7,0.98,0.46,4.22,0.75,0.71,0.44,1.33,0.11,0.33,0.21,2.21,0.67,3.84,0.45,0,4.19,0.24,20.243681195185992,20.236977132386556,20.229026542767905,20.18279262543492,20.07050425216744,19.925002121007772,19.1618387945423,17.020611708185214,16.81381525234921,16.548767962820904,14.48942509357411,12.602110943610699,11.38677256218571,10.80633649012205,8.801456883086718,7.816972412925567,4.9243369588010255,4.47503290660527,4.238920426987161,4.0463211524746425
18.66220735785949,63.768218657927115,7.298654922435944,18.99677687695538,25.86980887019478,16.02307810968089,43.574178663725455,80.15932345294298,7.172948417267852,8.03681112967575,37.708151730815885,25.25835047994515,14.350996444766809,5.619169348909389,17.082611728117584,7.336356053149182,16.736487189149244,2.4390802814245545,1.2408182815143693,0.9850982794801271,10,4.32,0.36,0.37,0.46,5.01,0.86,2.22,0.85,1.29,0.83,2.25,0.37,0.9,0.25,0.28,0.75,2.81,0.41,2.3,0.05,0.5,0.17,0.9,0.7,0.98,0.46,4.22,0.75,0.71,0.44,1.33,0.11,0.33,0.21,2.21,0.67,3.84,0.45,0,4.19,0.24,20.243441283146243,20.2368596391125,20.22903304722245,20.183507127175382,20.07289861151613,19.929479641203578,19.176929934117165,17.06489925387315,16.86089248935561,16.599258011713427,14.560156283817268,12.68681792061387,11.479158615373153,10.900935856309431,8.900657663577844,7.916339959881995,5.010833913320095,4.559019173333637,4.321447975249121,4.127561791021733
18.762541806020025,63.768872970982386,7.299434060653056,19.00130963828909,25.880823509156496,16.037364722490015,43.64915902138229,80.36978462400954,7.193278916646484,8.062892612664225,37.911732917517185,25.445607733648416,14.47177818094977,5.677071282580288,17.28306579377101,7.435101772533416,17.028631821205582,2.4845351195018477,1.2647260823225226,1.0046147063506055,10,4.32,0.36,0.37,0.46,5.01,0.86,2.22,0.85,1.29,0.83,2.25,0.37,0.9,0.25,0.28,0.75,2.81,0.41,2.3,0.05,0.5,0.17,0.9,0.7,0.98,0.46,4.22,0.75,0.71,0.44,1.33,0.11,0.33,0.21,2.21,0.67,3.84,0.45,0,4.19,0.24,20.243205730446345,20.23674333136308,20.22903835494319,20.184207414218765,20.075249607145167,19.93388178769109,19.191796963241675,17.10858050723781,16.90732778458429,16.649066363251855,14.630113144038361,12.770802233618738,11.57088982734384,10.994941467160556,8.999531933662713,8.01553585713683,5.097696125902455,4.643456138942993,4.404471538260713,4.209335619609037
18.86287625418056,63.76951548634634,7.300201117577353,19.00577332699034,25.891673991840793,16.051447132630088,43.72309677350647,80.57737362600751,7.213334851990143,8.08863762689128,38.1132971985118,25.631455179259444,14.591779418233806,5.734742058098185,17.483018355523686,7.533807623286173,17.321987162779617,2.53022901425672,1.2887734217023934,1.0242546552711802,10,4.32,0.36,0.37,0.46,5.01,0.86,2.22,0.85,1.29,0.83,2.25,0.37,0.9,0.25,0.28,0.75,2.81,0.41,2.3,0.05,0.5,0.17,0.9,0.7,0.98,0.46,4.22,0.75,0.71,0.44,1.33,0.11,0.33,0.21,2.21,0.67,3.84,0.45,0,4.19,0.24,20.24297442491532,20.236628215862567,20.22904253785084,20.184893892853886,20.077558329391653,19.9382102422203,19.20644368965395,17.1516634762895,16.953129507066876,16.698201681924353,14.699301218781795,12.854064068569837,11.661962483143963,11.088347718531573,9.0980676781759,8.114545551064854,5.184907670723362,4.728327928966747,4.487975344465159,4.291627005586245
18.963210702341094,63.770146504911274,7.3009563232697765,19.010169203685713,25.902363149542847,16.065328468963184,43.79600653371257,80.78212815672286,7.23311974347034,8.114050111852507,38.31285426409693,25.81588839249017,14.710993919213324,5.792175837474547,17.68244362119005,7.632458491298805,17.61649970215802,2.5761534089462077,1.3129557496987028,1.0440143851925443,10,4.32,0.36,0.37,0.46,5.01,0.86,2.22,0.85,1.29,0.83,2.25,0.37,0.9,0.25,0.28,0.75,2.81,0.41,2.3,0.05,0.5,0.17,0.9,0.7,0.98,0.46,4.22,0.75,0.71,0.44,1.33,0.11,0.33,0.21,2.21,0.67,3.84,0.45,0,4.19,0.24,20.242747258231944,20.23651429811307,20.229045664411867,20.18556695507087,20.07982583367083,19.94246663769351,19.2208738411606,17.194156076279647,16.998305933292126,16.74667254405592,14.767726105325135,12.936603809791828,11.752373155590766,11.18114931825005,9.196253234873462,8.213354826190027,5.272452685833444,4.813618681472988,4.571943605506374,4.374420273956761
19.06354515050163,63.77076631416869,7.301699900451638,19.01449849146672,25.912893737501797,16.079011796952248,43.86790269971493,80.98408551985916,7.252637078193115,8.13913398218892,38.51041415555109,25.99890349540485,14.829415834306763,5.849366960630078,17.881316381832168,7.731039483427864,17.912115989958192,2.622299731775863,1.3372685014408896,1.0638901378795282,10,4.32,0.36,0.37,0.46,5.01,0.86,2.22,0.85,1.29,0.83,2.25,0.37,0.9,0.25,0.28,0.75,2.81,0.41,2.3,0.05,0.5,0.17,0.9,0.7,0.98,0.46,4.22,0.75,0.71,0.44,1.33,0.11,0.33,0.21,2.21,0.67,3.84,0.45,0,4.19,0.24,20.242524126899276,20.236401582034663,20.229047798601325,20.186226974179593,20.082053129906953,19.946652544248032,19.23509104977865,17.23606613691573,17.0428652570252,16.79448745125696,14.83539348355672,13.018422061849632,11.842118715730791,11.273341287484804,9.29407725839258,8.31194975406366,5.360315333013273,4.899312511259261,4.656360483487228,4.457699677715223
19.163879598662163,63.77137517203396,7.302432056536689,19.018762336634456,25.923268361647054,16.092500076289564,43.93879940637109,81.18328281301106,7.271890333399451,8.163893166376393,38.70598766177554,26.18049734571645,14.947039754002525,5.906309883881367,18.079611622367228,7.829535676674858,18.208781877645308,2.6686592831163107,1.3617070402441056,1.0838780936543317,10,4.32,0.36,0.37,0.46,5.01,0.86,2.22,0.85,1.29,0.83,2.25,0.37,0.9,0.25,0.28,0.75,2.81,0.41,2.3,0.05,0.5,0.17,0.9,0.7,0.98,0.46,4.22,0.75,0.71,0.44,1.33,0.11,0.33,0.21,2.21,0.67,3.84,0.45,0,4.19,0.24,20.242304938067775,20.236290067645687,20.229048993743174,20.186874279928503,20.08424112320436,19.950769391294212,19.249098762481218,17.27740143759351,17.08681563863814,16.841654899576927,14.902309282115972,13.099519783343037,11.931196412337044,11.364918993203943,9.391528554143793,8.410316443436578,5.4484795701685265,4.985393298723496,4.741209892392916,4.54144921241165
19.264214046822698,63.77197335870982,7.303153008868307,19.022961932792317,25.93348971013545,16.105796295460667,44.0087106802505,81.37975635800225,7.290882905532041,8.188331487089654,38.89958506116244,26.360666908337706,15.063860517530156,5.9629993577025076,18.277305687896547,7.9279328843875305,18.50644492713102,2.7152235963019695,1.3862668408866936,1.1039745149520623,10,4.32,0.36,0.37,0.46,5.01,0.86,2.22,0.85,1.29,0.83,2.25,0.37,0.9,0.25,0.28,0.75,2.81,0.41,2.3,0.05,0.5,0.17,0.9,0.7,0.98,0.46,4.22,0.75,0.71,0.44,1.33,0.11,0.33,0.21,2.21,0.67,3.84,0.45,0,4.19,0.24,20.242089590864467,20.23617975864321,20.229049312228828,20.187509237183814,20.08639080084238,19.954818713093815,19.26290052272489,17.318169601091604,17.13016505483828,16.88818316724808,14.96847915616381,13.179897855232829,12.019603602636398,11.45587802358217,9.488596569276034,8.508441794251004,5.536929870729824,5.071845364433267,4.826476137276475,4.625653217649142
19.364548494983232,63.77256113415567,7.303862963889307,19.027098418316495,25.943560362034443,16.118903360835503,44.077650314615624,81.57354218233496,7.309618169899092,8.212452761220284,39.091217159225494,26.539409761437437,15.179873359456849,6.019430272526726,18.474375291692237,8.026217011488447,18.805052420947458,2.7619841414018906,1.4109433396769602,1.124175629313414,10,4.32,0.36,0.37,0.46,5.01,0.86,2.22,0.85,1.29,0.83,2.25,0.37,0.9,0.25,0.28,0.75,2.81,0.41,2.3,0.05,0.5,0.17,0.9,0.7,0.98,0.46,4.22,0.75,0.71,0.44,1.33,0.11,0.33,0.21,2.21,0.67,3.84,0.45,0,4.19,0.24,20.241877991703962,20.23607065624852,20.229048809333236,20.188132180933348,20.088503077530962,19.9588019454721,19.276499737570326,17.358378183629473,17.172921425316133,16.934080492845375,15.033908920168383,13.2595574336739,12.107337966905417,11.546214281293608,9.58527097204657,8.606312858975414,5.625650629218264,5.158652914914615,4.91214339116849,4.7102958868232045
19.464882943143767,63.77313875101904,7.304562123379052,19.031172906980405,25.953482844456957,16.13182412998932,44.14563190867715,81.76467588304934,7.328099463604662,8.236260770835045,39.28089497733462,26.71672393590811,15.295073857732872,6.075597699594094,18.670797791337396,8.124374238733317,19.10455195734285,2.808932415033252,1.4357319803009034,1.1444776654734048,10,4.32,0.36,0.37,0.46,5.01,0.86,2.22,0.85,1.29,0.83,2.25,0.37,0.9,0.25,0.28,0.75,2.81,0.41,2.3,0.05,0.5,0.17,0.9,0.7,0.98,0.46,4.22,0.75,0.71,0.44,1.33,0.11,0.33,0.21,2.21,0.67,3.84,0.45,0,4.19,0.24,20.24167004963315,20.235962761122682,20.229047538125897,20.18874343570809,20.09057884145834,19.96272048626542,19.2898997470471,17.39803464955032,17.215092576686732,16.979355024053874,15.09860441956293,13.338499841904289,12.19439743876493,11.635923948784026,9.681541766806891,8.7039170222076,5.714626338766157,5.245800210421882,4.998195854892437,4.795361418333567
19.5652173913043,63.77370645548176,7.305250684792564,19.035186489564676,25.963259635558284,16.144561413595692,44.21266887105379,81.95319262515663,7.34633008519933,8.259759262256475,39.46862973537698,26.89260790008397,15.409457925001556,6.131496889298423,18.866551188533865,8.222391026322589,19.40489148211922,2.856059946055627,1.4606282170090001,1.164876856090271,10,4.32,0.36,0.37,0.46,5.01,0.86,2.22,0.85,1.29,0.83,2.25,0.37,0.9,0.25,0.28,0.75,2.81,0.41,2.3,0.05,0.5,0.17,0.9,0.7,0.98,0.46,4.22,0.75,0.71,0.44,1.33,0.11,0.33,0.21,2.21,0.67,3.84,0.45,0,4.19,0.24,20.24146567602657,20.23585607352367,20.229045549785123,20.189343316609047,20.092618956585767,19.966575698300403,19.30310382765926,17.43714637114436,17.256686241884964,17.024014816421044,15.162571524674213,13.416726562574484,12.28078019742425,11.725003481438943,9.777399292277106,8.801242001975929,5.803841600427661,5.333271575386905,5.084617768073938,4.880834027018236
19.665551839464836,63.77426446532406,7.305928833420628,19.039140197848617,25.97289309986342,16.157117939811087,44.27877438810168,82.139127318083,7.364313315639972,8.282951979012177,39.65443314469164,27.06706069021481,15.523021840975073,6.187123225569065,19.061613847068635,8.320253932001533,19.706018714783884,2.9033582091860426,1.4856274705447963,1.1853694030516888,10,4.32,0.36,0.37,0.46,5.01,0.86,2.22,0.85,1.29,0.83,2.25,0.37,0.9,0.25,0.28,0.75,2.81,0.41,2.3,0.05,0.5,0.17,0.9,0.7,0.98,0.46,4.22,0.75,0.71,0.44,1.33,0.11,0.33,0.21,2.21,0.67,3.84,0.45,0,4.19,0.24,20.241264792483342,20.235750588796414,20.229042885287534,20.189932104340023,20.09462420878061,19.970368840977326,19.316115119770767,17.475720662333263,17.297710105553328,17.068067894493424,15.2258162550093,13.49423933251078,12.3664847203938,11.813449626599978,9.872834101338057,8.898275670935812,5.893280951949613,5.42105123703614,5.171393255518757,4.966697798786576
19.76588628762537,63.77481299532834,7.30659675154532,19.043035046770477,25.98238556420719,16.169496396599516,44.34396146524216,82.32251442221911,7.382052394970631,8.305842624407246,39.83831705627633,27.24008173806935,15.635762199478254,6.242472271609247,19.25596479642771,8.417949814640801,20.007881833276123,2.9508187299484545,1.5107251822728582,1.2059515205427995,10,4.32,0.36,0.37,0.46,5.01,0.86,2.22,0.85,1.29,0.83,2.25,0.37,0.9,0.25,0.28,0.75,2.81,0.41,2.3,0.05,0.5,0.17,0.9,0.7,0.98,0.46,4.22,0.75,0.71,0.44,1.33,0.11,0.33,0.21,2.21,0.67,3.84,0.45,0,4.19,0.24,20.2410673216818,20.23564630256064,20.229039585019443,20.19051007425435,20.09659536864968,19.974101150209314,19.328936713163166,17.513764741993384,17.338171753860504,17.111522183322847,15.288344632666377,13.57104002462764,12.451509710548436,11.90125938887024,9.967837087021719,8.995006251811892,5.982929071691946,5.509123521063269,5.258506515683516,5.052936871074331
19.866220735785905,63.775352278716795,7.307254626171689,19.04687207003885,25.9917393818941,16.181699467527466,44.40824296217395,82.5033877864589,7.399550502713016,8.328434829992746,40.02029316300843,27.411670723912636,15.747675862641358,6.2975398079807166,19.449583986345434,8.51546600552204,20.310430053252436,2.9984331735935346,1.5359168600797437,1.2266194715994756,10,4.32,0.36,0.37,0.46,5.01,0.86,2.22,0.85,1.29,0.83,2.25,0.37,0.9,0.25,0.28,0.75,2.81,0.41,2.3,0.05,0.5,0.17,0.9,0.7,0.98,0.46,4.22,0.75,0.71,0.44,1.33,0.11,0.33,0.21,2.21,0.67,3.84,0.45,0,4.19,0.24,20.240873179661957,20.23554321508624,20.229035696886747,20.19107752087627,20.098533244595593,19.977773905932438,19.341571719341832,17.551285703173733,17.37807863232655,17.154385450832894,15.350162558439067,13.647130547672422,12.535854033717401,11.988429999919546,10.06239958787556,9.091422481486546,6.072770951118661,5.597473017388284,5.345941980486452,5.139535586001803
19.96655518394644,63.77588253053541,7.307902635917526,19.050652259883762,26.00095682442117,16.193729771979022,44.47163153856552,82.68178093934871,7.416810792557297,8.350732210339089,40.200373492511865,27.581827800900847,15.858760019737582,6.352321758655573,19.642451823159707,8.612790006899276,20.61361266394995,3.0461931993803244,1.5611980038506579,1.2473695093003618,10,4.32,0.36,0.37,0.46,5.01,0.86,2.22,0.85,1.29,0.83,2.25,0.37,0.9,0.25,0.28,0.75,2.81,0.41,2.3,0.05,0.5,0.17,0.9,0.7,0.98,0.46,4.22,0.75,0.71,0.44,1.33,0.11,0.33,0.21,2.21,0.67,3.84,0.45,0,4.19,0.24,20.240682289007257,20.235441323776037,20.229031262446767,20.19163471618396,20.10043859276072,19.981388317683557,19.35402314987179,17.588290568599668,17.417438120846978,17.196665409154313,15.411276020102788,13.722513006994454,12.619516810361267,12.074958954156735,10.15651319140771,9.187513316141544,6.162791607233616,5.686084308050576,5.433684055601363,5.226478243968517
20.066889632106975,63.77640396124392,7.308540955927634,19.05437658970964,26.010040122327755,16.205589888030307,44.534139677165925,82.85772698794507,7.433836380092919,8.372738343171225,40.37857021625757,27.75055349826687,15.96901215552171,6.406814213956309,19.834549327275823,8.70990959938168,20.917379398831955,3.094090517777641,1.5865641350914663,1.268197900429214,10,4.32,0.36,0.37,0.46,5.01,0.86,2.22,0.85,1.29,0.83,2.25,0.37,0.9,0.25,0.28,0.75,2.81,0.41,2.3,0.05,0.5,0.17,0.9,0.7,0.98,0.46,4.22,0.75,0.71,0.44,1.33,0.11,0.33,0.21,2.21,0.67,3.84,0.45,0,4.19,0.24,20.24049457395219,20.23534062593354,20.22902632204715,20.19218192517681,20.102312150737646,19.9849455675168,19.366293962463065,17.624786271554935,17.456257507360903,17.23836967848094,15.471691013423417,13.797189639574988,12.702497373991374,12.160843987438756,10.250169798637895,9.283268033306118,6.252976192881241,5.7749420737773045,5.521717223558084,5.313749202798408
20.16722408026751,63.77691677739148,7.3091697581517225,19.058046015423812,26.01899146768597,16.21728235406182,44.59577968700167,83.03125861758018,7.450630342618743,8.394456768702703,40.55489563454665,27.91784870712932,16.078430041847433,6.461013428573682,20.025858130864904,8.806812844156777,21.22168046289253,3.1421168954692176,1.6120107997617974,1.2891009279237169,10,4.32,0.36,0.37,0.46,5.01,0.86,2.22,0.85,1.29,0.83,2.25,0.37,0.9,0.25,0.28,0.75,2.81,0.41,2.3,0.05,0.5,0.17,0.9,0.7,0.98,0.46,4.22,0.75,0.71,0.44,1.33,0.11,0.33,0.21,2.21,0.67,3.84,0.45,0,4.19,0.24,20.240309960139072,20.235241118885053,20.22902091507565,20.192719406707795,20.1041546394436,19.988446812448473,19.378387063906455,17.660779655958397,17.494543987590557,17.279505786288883,15.531413537061338,13.871162807123186,12.78479526386659,12.246083070432256,10.3433616214851,9.378676231810335,6.343310004705999,5.864031103146567,5.610026053519629,5.401332888000375
20.267558528428044,63.77742111906901,7.309789190871022,19.061661383710668,26.027812851873218,16.22880958164034,44.65656363728219,83.2024085557082,7.46719577299981,8.415891070530451,40.729362789239545,28.08371490793633,16.187011771067795,6.514915718640105,20.216359884241456,8.903487715021313,21.52646542707483,3.190263990666295,1.637533484708814,1.3100748253907692,10,4.32,0.36,0.37,0.46,5.01,0.86,2.22,0.85,1.29,0.83,2.25,0.37,0.9,0.25,0.28,0.75,2.81,0.41,2.3,0.05,0.5,0.17,0.9,0.7,0.98,0.46,4.22,0.75,0.71,0.44,1.33,0.11,0.33,0.21,2.21,0.67,3.84,0.45,0,4.19,0.24,20.24012839713516,20.235142786254862,20.229015056272647,20.193247347745448,20.10596662615497,19.99189301289636,19.390305134626924,17.69627756584844,17.532304783211984,17.32008132275806,15.590449860270596,13.944435177395242,12.866410305071991,12.33067441948015,10.436080923202054,9.473727464000117,6.433778152894773,5.953335984617606,5.698594909856,5.489213518387324
20.36789297658858,63.77791719631721,7.310399423526511,19.06522363313562,26.036506421690753,16.24017404762394,44.71650350935603,83.37120857534886,7.483535663446388,8.437044699868585,40.90198410104943,28.248153637515884,16.29475565794957,6.568517676462225,20.40603752305135,8.999922895359546,21.831685687736247,3.238523722420709,1.6631278059885055,1.3311159253998206,10,4.32,0.36,0.37,0.46,5.01,0.86,2.22,0.85,1.29,0.83,2.25,0.37,0.9,0.25,0.28,0.75,2.81,0.41,2.3,0.05,0.5,0.17,0.9,0.7,0.98,0.46,4.22,0.75,0.71,0.44,1.33,0.11,0.33,0.21,2.21,0.67,3.84,0.45,0,4.19,0.24,20.239949809325807,20.235045627815175,20.22900878737119,20.19376600712394,20.107748824453203,19.995285308692132,19.40205101458321,17.731286653512893,17.569546887338234,17.360103604645275,15.648805932147013,14.0170093131996,12.947342413617953,12.414616452382077,10.528320567408256,9.56841202517721,6.524366295244612,6.042841796537468,5.787408608565942,5.577375727425249
20.468227424749113,63.778405193582365,7.3110006154153355,19.068733653853847,26.04507423116916,16.251378160735094,44.77561109445298,83.53769020113967,7.499652987577907,8.457921099010065,41.072772309894866,28.411166842629896,16.401660294880493,6.621816014910961,20.594874366036375,9.096107216969115,22.137292769808315,3.2868880173741952,1.6887893802072693,1.352220558543342,10,4.32,0.36,0.37,0.46,5.01,0.86,2.22,0.85,1.29,0.83,2.25,0.37,0.9,0.25,0.28,0.75,2.81,0.41,2.3,0.05,0.5,0.17,0.9,0.7,0.98,0.46,4.22,0.75,0.71,0.44,1.33,0.11,0.33,0.21,2.21,0.67,3.84,0.45,0,4.19,0.24,20.23977413031035,20.23494963853442,20.22900214091652,20.19427561506176,20.109501884798092,19.998624756706363,19.413627434722763,17.765813515635678,17.60627724449979,17.399579912228404,15.70648779170035,14.088887951950563,13.027591722123839,12.497907808396974,10.620073624419415,9.662720393890009,6.615060130388163,6.132533633658101,5.87645196865141,5.665804140296603
20.568561872909648,63.77888528744862,7.3115929215670645,19.07219231404327,26.053518288497003,16.262424287111024,44.8338980155745,83.70188458389998,7.515550685652212,8.478523678657046,41.24174029052738,28.572756800594124,16.507724532214194,6.6748075926725186,20.78285427226131,9.192029762156018,22.443238659735393,3.335348860543781,1.7145138506641273,1.3733850742129943,10,4.32,0.36,0.37,0.46,5.01,0.86,2.22,0.85,1.29,0.83,2.25,0.37,0.9,0.25,0.28,0.75,2.81,0.41,2.3,0.05,0.5,0.17,0.9,0.7,0.98,0.46,4.22,0.75,0.71,0.44,1.33,0.11,0.33,0.21,2.21,0.67,3.84,0.45,0,4.19,0.24,20.2396012965185,20.234854812435138,20.22899514697378,20.194776391953617,20.111226433858985,20.001912380237243,19.42503706804205,17.79986466925284,17.642502718433327,17.438517446384836,15.763501489162689,14.160073947984776,13.107158548940554,12.580547336882043,10.711333437956881,9.756643331096612,6.705845496998486,6.22239670185679,5.965709903154401,5.7544834609524464
20.668896321070182,63.77935765048107,7.312176494061203,19.07560046589493,26.061840566763454,16.273314756361287,44.891375734161976,83.86382247714643,7.531231661668039,8.498855813168849,41.40890100606517,28.732926092981533,16.61294746779423,6.727489417323458,20.969961668436895,9.287679884504062,22.74947588953565,3.383898308828327,1.740296894512338,1.3946058464518423,10,4.32,0.36,0.37,0.46,5.01,0.86,2.22,0.85,1.29,0.83,2.25,0.37,0.9,0.25,0.28,0.75,2.81,0.41,2.3,0.05,0.5,0.17,0.9,0.7,0.98,0.46,4.22,0.75,0.71,0.44,1.33,0.11,0.33,0.21,2.21,0.67,3.84,0.45,0,4.19,0.24,20.239431245826818,20.23476114340984,20.228987834576984,20.195268552537808,20.112923083344988,20.005149180172968,19.436282541459175,17.833446547349972,17.67823008588796,17.47692331998509,15.819853067225726,14.23057025622742,13.186043386469551,12.66253408977732,10.802093635408408,9.85017189854148,6.796708398692816,6.312416343187336,6.055167444024049,5.8433984966332195
20.769230769230717,63.77982244019241,7.312751478074373,19.078958927449076,26.0700429713428,16.28405184365271,44.94805553448336,84.02353432686675,7.546698793981404,8.518920857073148,41.574267649364025,28.891677668791292,16.717328463354647,6.779858625007705,21.156181421348684,9.383047124775297,23.055957253015897,3.432528447305494,1.7661342001356837,1.4158792558771767,10,4.32,0.36,0.37,0.46,5.01,0.86,2.22,0.85,1.29,0.83,2.25,0.37,0.9,0.25,0.28,0.75,2.81,0.41,2.3,0.05,0.5,0.17,0.9,0.7,0.98,0.46,4.22,0.75,0.71,0.44,1.33,0.11,0.33,0.21,2.21,0.67,3.84,0.45,0,4.19,0.24,20.239263921530736,20.23466862295698,20.22898022754641,20.195752293295577,20.11459240280047,20.008336100459754,19.447366399318334,17.866565516036637,17.713466059687757,17.514804588800036,15.875548620987491,14.30037997756391,13.26424692658401,12.743867331521,10.892348074256434,9.943297378119397,6.887634919561092,6.402577954454233,6.144809663376296,5.932534082125371
20.86956521739125,63.78027978846226,7.313318008091399,19.08226846518679,26.07812730864006,16.294637752551868,45.003948508752096,84.18105035781038,7.561954945503549,8.538722160911371,41.73785377830866,29.04901490459983,16.820867159948243,6.8319124608223625,21.341498715142105,9.478121130162583,23.362635534097684,3.481231347426187,1.7920214455168089,1.437201672403499,10,4.32,0.36,0.37,0.46,5.01,0.86,2.22,0.85,1.29,0.83,2.25,0.37,0.9,0.25,0.28,0.75,2.81,0.41,2.3,0.05,0.5,0.17,0.9,0.7,0.98,0.46,4.22,0.75,0.71,0.44,1.33,0.11,0.33,0.21,2.21,0.67,3.84,0.45,0,4.19,0.24,20.239099276153592,20.234577238008992,20.22897234047727,20.19622778037063,20.116234893527626,20.011473995003428,19.45829106842429,17.899227891059247,17.748217310891313,17.55216828118072,15.93059435537236,14.369506402176079,13.341770084770992,12.82454654831379,10.982090790479358,10.03601119436549,6.978611143292737,6.4928669093156115,6.234621598202971,6.021875007370662
20.969899665551786,63.780729865192285,7.313876230991997,19.08552990051123,26.086095478035613,16.305074722093057,45.0590656623163,84.33640008856935,7.577002905278405,8.558262977898433,41.89967245413779,29.20494116980846,16.923563333928307,6.883648375437046,21.525899724966273,9.57289212324947,23.669465221249226,3.529999336372682,1.8179544392896736,1.4585695691824057,10,4.32,0.36,0.37,0.46,5.01,0.86,2.22,0.85,1.29,0.83,2.25,0.37,0.9,0.25,0.28,0.75,2.81,0.41,2.3,0.05,0.5,0.17,0.9,0.7,0.98,0.46,4.22,0.75,0.71,0.44,1.33,0.11,0.33,0.21,2.21,0.67,3.84,0.45,0,4.19,0.24,20.23893724853078,20.234486983864826,20.228964202830245,20.19669522280466,20.117851147328707,20.014563829652346,19.469059073942333,17.931439845840615,17.78249034289396,17.589021226459508,15.984996228201457,14.437952719077803,13.4186138145487,12.90457135061963,11.071316270496286,10.128305349584382,7.069623662373981,6.583269059059546,6.324588740740264,6.11140649487428
21.07023411371232,63.78117281826273,7.314426284354806,19.088744009792386,26.09394929191479,16.31536492685014,45.11341781877562,84.48961279846198,7.591845444401894,8.57754655251776,42.05973704100735,29.35946021654521,17.025417018615002,6.935063928034086,21.709370963650645,9.667350454996535,23.976400912482802,3.578824747926838,1.8439289907125764,1.4799794178966499,10,4.32,0.36,0.37,0.46,5.01,0.86,2.22,0.85,1.29,0.83,2.25,0.37,0.9,0.25,0.28,0.75,2.81,0.41,2.3,0.05,0.5,0.17,0.9,0.7,0.98,0.46,4.22,0.75,0.71,0.44,1.33,0.11,0.33,0.21,2.21,0.67,3.84,0.45,0,4.19,0.24,20.23877778542542,20.234397851954,20.22895583619612,20.19715480361153,20.119441697284458,20.017606492465838,19.479672837282568,17.963207500267934,17.81629161223704,17.62537021874048,16.03876028369099,14.505722281860189,13.494779271347024,12.983941553565856,11.160019183993484,10.220172004772284,7.160659104054689,6.673770269140885,6.4146965862828,6.2011137609869635
21.170568561872855,63.78160879142291,7.314968302975903,19.09191155447329,26.10169053001559,16.325510507422457,45.16701565114994,84.64071739475102,7.606485299902294,8.596576094491404,42.218060958921704,29.51257605000872,17.12642845857211,6.986156811272639,21.891899464412496,9.761486734819703,24.283397805399375,3.627700000003169,1.8699409504296955,1.5014277218079082,10,4.32,0.36,0.37,0.46,5.01,0.86,2.22,0.85,1.29,0.83,2.25,0.37,0.9,0.25,0.28,0.75,2.81,0.41,2.3,0.05,0.5,0.17,0.9,0.7,0.98,0.46,4.22,0.75,0.71,0.44,1.33,0.11,0.33,0.21,2.21,0.67,3.84,0.45,0,4.19,0.24,20.238620835087755,20.23430983345756,20.22894726106225,20.197606700417456,20.12100706255947,20.02060285077505,19.49013473734719,17.994536895603567,17.849627493983974,17.661221969384144,16.09189255095937,14.572818524007372,13.570267756215255,13.06265714526116,11.248194456412202,10.311603598716275,7.25170427578113,6.764356563219106,6.504930774836471,6.290982154375135
21.27090301003339,63.78203792455404,7.315502419005552,19.09503328175795,26.109320940776552,16.33551357142266,45.219869684536675,84.7897424154987,7.620925174914914,8.615354778676863,42.37465767339993,29.664292916329646,17.226598101745225,7.036924848652525,22.073472774464697,9.855291830137585,24.590411715621705,3.67661759829442,1.8959862126024096,1.522911017646388,10,4.32,0.36,0.37,0.46,5.01,0.86,2.22,0.85,1.29,0.83,2.25,0.37,0.9,0.25,0.28,0.75,2.81,0.41,2.3,0.05,0.5,0.17,0.9,0.7,0.98,0.46,4.22,0.75,0.71,0.44,1.33,0.11,0.33,0.21,2.21,0.67,3.84,0.45,0,4.19,0.24,20.23846634716055,20.234222919342443,20.22893849690598,20.198051085842586,20.122547749320944,20.023553752422416,19.500447112208334,18.02543399515345,17.882504282253393,17.696583107286788,16.144399040923926,14.639244953475027,13.64508070933016,13.140718280465133,11.335837264609399,10.4025928453646,7.342746170513335,6.855014129787055,6.595277098452378,6.380997163938367
21.371237458193924,63.78246034550377,7.316028757453304,19.098109902003376,26.116842198402693,16.345376167146767,45.27199025652189,84.93671610073727,7.635167748770229,8.63388576536785,42.52954099851601,29.814615523855995,17.32592670664791,7.087365984952926,22.25407879138745,9.948756715578488,24.897398328202712,3.7255700112795993,1.9220606472752957,1.544425819337652,10,4.32,0.36,0.37,0.46,5.01,0.86,2.22,0.85,1.29,0.83,2.25,0.37,0.9,0.25,0.28,0.75,2.81,0.41,2.3,0.05,0.5,0.17,0.9,0.7,0.98,0.46,4.22,0.75,0.71,0.44,1.33,0.11,0.33,0.21,2.21,0.67,3.84,0.45,0,4.19,0.24,20.238314275618645,20.234137099407874,20.22892955911815,20.19848811380521,20.12406421720766,20.026459981167125,19.510612205685383,18.055904696628765,17.914928210243524,17.731460210420256,16.196285860202487,14.705005276816859,13.719219819436605,13.218125362960759,11.422942987030554,10.493132615617093,7.43377174593818,6.945729091253467,6.685721266835191,6.471144183024763
21.47157190635446,63.78287618383435,7.3165474437354305,19.101142126681236,26.12425597506499,16.355100328270854,45.32338758743211,85.08166628601835,7.6492156613068945,8.652172167544602,42.682724585163406,29.963548657533646,17.424415150421876,7.13747829467651,22.43370600831543,10.041872713073928,25.20431444330638,3.7745498796910124,1.9481602141327148,1.565968712953301,10,4.32,0.36,0.37,0.46,5.01,0.86,2.22,0.85,1.29,0.83,2.25,0.37,0.9,0.25,0.28,0.75,2.81,0.41,2.3,0.05,0.5,0.17,0.9,0.7,0.98,0.46,4.22,0.75,0.71,0.44,1.33,0.11,0.33,0.21,2.21,0.67,3.84,0.45,0,4.19,0.24,20.23816457381964,20.23405236390041,20.22892046416864,20.198917942427105,20.12555693536903,20.02932233125954,19.520632257184314,18.085954814104966,17.94690541957909,17.76585975609441,16.247559020800985,14.77010318648497,13.792686831862243,13.294878897298297,11.509507272151424,10.583216119624623,7.524768291555993,7.0364878906482184,6.7762493014406395,6.561408907274332
21.571906354514994,63.783285568729056,7.3170586025167665,19.10413066255274,26.131563929867962,16.36468806720143,45.37407177118054,85.22462042436739,7.663071515818025,8.67021705647522,42.83422199833419,30.11109723202826,17.52206445314022,7.187259977477145,22.612343463585617,10.134631449373913,25.511117780196617,3.823549984195439,1.9742809451251904,1.5875363423394682,10,4.32,0.36,0.37,0.46,5.01,0.86,2.22,0.85,1.29,0.83,2.25,0.37,0.9,0.25,0.28,0.75,2.81,0.41,2.3,0.05,0.5,0.17,0.9,0.7,0.98,0.46,4.22,0.75,0.71,0.44,1.33,0.11,0.33,0.21,2.21,0.67,3.84,0.45,0,4.19,0.24,20.238017195257545,20.23396870327204,20.22891122881364,20.19934073047932,20.127026373752486,20.03214159586642,19.530509487970637,18.115590081959354,17.97844196629381,17.799788129976296,16.298224469722292,14.834542391627282,13.865483574437931,13.370979507264337,11.595526021421264,10.672836871845677,7.615723370783842,7.127277231838042,6.866847475227971,6.651777274402372
21.672240802675528,63.78368862326003,7.317562354552977,19.107076195786263,26.138767678699935,16.374141356632194,45.424052747874676,85.36560563773153,7.676737886277278,8.688023476125759,42.984046929687274,30.257266445620434,17.618875851778874,7.236709350597904,22.789980622503563,10.227024748657666,25.817766450087955,3.8725631575402133,2.000418896976866,1.6091253696354146,10,4.32,0.36,0.37,0.46,5.01,0.86,2.22,0.85,1.29,0.83,2.25,0.37,0.9,0.25,0.28,0.75,2.81,0.41,2.3,0.05,0.5,0.17,0.9,0.7,0.98,0.46,4.22,0.75,0.71,0.44,1.33,0.11,0.33,0.21,2.21,0.67,3.84,0.45,0,4.19,0.24,20.237872095626393,20.233886107511843,20.228901867934226,20.199756627750563,20.128472979518193,20.034918535708808,19.540246063654322,18.144816163856873,18.00954383522759,17.83325164860488,16.348288169088164,14.898326704813181,13.93761203346826,13.446427992645479,11.680995352568157,10.761988606205021,7.706624665445581,7.218083917189372,6.957502148055228,6.742235298772388
21.772575250836063,63.78408546727514,7.318058818269315,19.109979399898172,26.14586880936755,16.383462139036983,45.47334031962658,85.50464869856528,7.690217314427092,8.705594436704544,43.13221308964951,30.402061695393403,17.714850756536023,7.2858248483909565,22.966607419904673,10.319044678887584,26.124219213382354,3.9215823282485145,2.026570175037397,1.6307324952714026,10,4.32,0.36,0.37,0.46,5.01,0.86,2.22,0.85,1.29,0.83,2.25,0.37,0.9,0.25,0.28,0.75,2.81,0.41,2.3,0.05,0.5,0.17,0.9,0.7,0.98,0.46,4.22,0.75,0.71,0.44,1.33,0.11,0.33,0.21,2.21,0.67,3.84,0.45,0,4.19,0.24,20.237729231780953,20.23380456648792,20.22889239561684,20.200165779811527,20.129897188683444,20.037653894571378,19.549844113022605,18.17363864977796,18.04021693449127,17.866256549937976,16.397756056607875,14.96145999627885,14.009074311145461,13.52122529528133,11.765911609421778,10.850665309448427,7.797460051483989,7.308894928154162,7.048199849271473,6.832769155187178
21.872909698996597,63.78447621742562,7.318548109695942,19.112840935366886,26.152868880822727,16.392652326225008,45.52194415023772,85.64177603316159,7.703512310184107,8.722932915400644,43.27873421801922,30.54548858427493,17.809990753731597,7.33460502079214,23.142214248615147,10.410683542846883,26.430435439997286,3.970600514109341,2.0527309297894782,1.652354455084215,10,4.32,0.36,0.37,0.46,5.01,0.86,2.22,0.85,1.29,0.83,2.25,0.37,0.9,0.25,0.28,0.75,2.81,0.41,2.3,0.05,0.5,0.17,0.9,0.7,0.98,0.46,4.22,0.75,0.71,0.44,1.33,0.11,0.33,0.21,2.21,0.67,3.84,0.45,0,4.19,0.24,20.23758856172678,20.233724069987346,20.228882825161143,20.200568327815176,20.13129942549456,20.04034839841831,19.559305726923554,18.20206305664717,18.070467096303076,17.89880899452052,16.44663404968287,15.023946198235322,14.07987262909258,13.59537250128147,11.850271357664123,10.938861213586653,7.888217587236143,7.399697413222693,7.138927265603699,6.923365166802862
21.973244147157132,63.78486098404377,7.319030339455594,19.115661433398213,26.15976939092192,16.401713777391063,45.56987371887661,85.77701372643266,7.71662535497807,8.740041869337388,43.423624417112954,30.687553228719754,17.90429777891295,7.383048551171686,23.316791876338378,10.501933740292824,26.73637416469995,4.019610656970905,2.078897265334779,1.6739879426083581,10,4.32,0.36,0.37,0.46,5.01,0.86,2.22,0.85,1.29,0.83,2.25,0.37,0.9,0.25,0.28,0.75,2.81,0.41,2.3,0.05,0.5,0.17,0.9,0.7,0.98,0.46,4.22,0.75,0.71,0.44,1.33,0.11,0.33,0.21,2.21,0.67,3.84,0.45,0,4.19,0.24,20.237450045744247,20.23364460794662,20.228873167950063,20.200964399860407,20.132680079054694,20.043002723145545,19.568632915380785,18.230094827167594,18.10030008106005,17.93091507862034,16.494928159674117,15.085789460608712,14.150009489795714,13.66887097869073,11.934071386471405,11.026570716472461,7.978885236387093,7.490478384131399,7.22967092471179,7.0140094795290215
22.073578595317667,63.7852398795217,7.319505620513392,19.118441537555945,26.16657185907704,16.410648355682692,45.61713844173347,85.91038752139791,7.7295588943803,8.756924203927582,43.566897307274935,30.82826146872358,17.997773668520807,7.431154203440694,23.490331623867124,10.592788100679707,27.041996446663678,4.068606036950938,2.105065469255405,1.6956298045582596,10,4.32,0.36,0.37,0.46,5.01,0.86,2.22,0.85,1.29,0.83,2.25,0.37,0.9,0.25,0.28,0.75,2.81,0.41,2.3,0.05,0.5,0.17,0.9,0.7,0.98,0.46,4.22,0.75,0.71,0.44,1.33,0.11,0.33,0.21,2.21,0.67,3.84,0.45,0,4.19,0.24,20.237313643372193,20.233566169986865,20.22886343647398,20.201354133158716,20.13403956299275,20.045617576844673,19.57782771721065,18.257739335206193,18.12972156959834,17.962580803669688,16.54264420395446,15.146993753886658,14.219487261567672,13.741722020619381,12.017308688646587,11.113788564771006,8.069451559639317,7.581225477260452,7.320417989889537,7.104688881099109
22.1739130434782,63.785613011929584,7.31997406211452,19.121181871128126,26.17327776145432,16.41945788399863,45.66374757809304,86.04192282546464,7.742315344477948,8.773582798466224,43.70856669376721,30.967619486585672,18.090420509111482,7.478920859950841,23.66282520790996,10.683239611952233,27.347263488382808,4.11757994302285,2.131231830021742,1.7172768856969143,10,4.32,0.36,0.37,0.46,5.01,0.86,2.22,0.85,1.29,0.83,2.25,0.37,0.9,0.25,0.28,0.75,2.81,0.41,2.3,0.05,0.5,0.17,0.9,0.7,0.98,0.46,4.22,0.75,0.71,0.44,1.33,0.11,0.33,0.21,2.21,0.67,3.84,0.45,0,4.19,0.24,20.237179315705355,20.233488745841264,20.22885364202355,20.20173765666827,20.13537826855721,20.048193635102493,19.58689211391758,18.28500188277164,18.158737170611882,17.993812101783952,16.58978803416404,15.207563181549068,14.288308503351864,13.813927123060076,12.09998046835709,11.200509700174363,8.159905163131528,7.671926347965932,7.411155628719879,7.195390151070072
22.274247491638736,63.78598048700262,7.320435771552937,19.12388304659883,26.17988854977381,16.428144157919924,45.70971025863545,86.17164471285754,7.75489709045481,8.790020499271355,43.84864637675475,31.105633626955598,18.182240534389976,7.52634750791719,23.83426477407081,10.773281491747857,27.652137158897165,4.16652576521325,2.157392688248457,1.7389260724913198,10,4.32,0.36,0.37,0.46,5.01,0.86,2.22,0.85,1.29,0.83,2.25,0.37,0.9,0.25,0.28,0.75,2.81,0.41,2.3,0.05,0.5,0.17,0.9,0.7,0.98,0.46,4.22,0.75,0.71,0.44,1.33,0.11,0.33,0.21,2.21,0.67,3.84,0.45,0,4.19,0.24,20.23704702467906,20.233412325276618,20.228843795405215,20.202115096141668,20.136696578134682,20.05073155962471,19.59582805455752,18.31188770175901,18.18735241947676,18.024614829486378,16.636365471794925,15.267501890187058,14.356475870060269,13.885487902857435,12.182084133221219,11.286729296545962,8.250234851741283,7.762568839994817,7.501871190252981,7.28610024373863
22.37458193979927,63.786342408341866,7.320890854268735,19.126545666133485,26.186405652266224,16.436708946447354,45.75503548765024,86.29957792787009,7.7673064868355,8.806240119751056,43.987150144177996,31.242310387348144,18.27323611875277,7.573433236827619,24.004642889244522,10.862907185519527,27.956580003869814,4.215436996815857,2.1835444380407765,1.7605742943412714,10,4.32,0.36,0.37,0.46,5.01,0.86,2.22,0.85,1.29,0.83,2.25,0.37,0.9,0.25,0.28,0.75,2.81,0.41,2.3,0.05,0.5,0.17,0.9,0.7,0.98,0.46,4.22,0.75,0.71,0.44,1.33,0.11,0.33,0.21,2.21,0.67,3.84,0.45,0,4.19,0.24,20.23691673299693,20.23333689812287,20.228833907011563,20.20248657439005,20.137994865872127,20.05323199907596,19.604637456917697,18.338401954677003,18.215572778909824,18.054994768218528,16.682382306239813,15.326814065486394,14.42399210743701,13.95640609247916,12.263617289735016,11.372442756315293,8.340429631945709,7.853140989475723,7.59255220962301,7.376806293289928
22.474916387959805,63.78669887313563,7.321339412096666,19.129170313230972,26.192830458152404,16.445153982379807,45.799732126826385,86.4257468997566,7.779545860057787,8.822244446703007,44.12409189351355,31.37765652780508,18.363409839034308,7.620177245932309,24.173952518255856,10.952110319969659,28.26055489923135,4.2643071730780235,2.209683492808418,1.7822184943775268,10,4.32,0.36,0.37,0.46,5.01,0.86,2.22,0.85,1.29,0.83,2.25,0.37,0.9,0.25,0.28,0.75,2.81,0.41,2.3,0.05,0.5,0.17,0.9,0.7,0.98,0.46,4.22,0.75,0.71,0.44,1.33,0.11,0.33,0.21,2.21,0.67,3.84,0.45,0,4.19,0.24,20.236788405671177,20.233262453495716,20.22882398522566,20.20285220594322,20.13927348564136,20.0556955734288,19.613322189204595,18.364549736888513,18.243403643614148,18.084957632741233,16.72784433702991,15.385503987700556,14.49086010912476,14.02668358914245,12.344577747175006,11.457645686644199,8.430478610399962,7.943630912320791,7.683186289914437,7.467495491441838
22.57525083612034,63.78704997445918,7.321781544229756,19.131757557347726,26.19916432632057,16.45348096790541,45.84380890609882,86.55017574052947,7.791617507625889,8.838036237461218,44.259485564256316,31.51167900558406,18.45276443609312,7.6665788369301655,24.342187023637752,11.040884722111716,28.564025228263993,4.31312990318029,2.235806303260498,1.803855644948819,10,4.32,0.36,0.37,0.46,5.01,0.86,2.22,0.85,1.29,0.83,2.25,0.37,0.9,0.25,0.28,0.75,2.81,0.41,2.3,0.05,0.5,0.17,0.9,0.7,0.98,0.46,4.22,0.75,0.71,0.44,1.33,0.11,0.33,0.21,2.21,0.67,3.84,0.45,0,4.19,0.24,20.2366620091947,20.23318898020421,20.22881403727203,20.20321209993947,20.140532777592043,20.05812288253061,19.621884080356576,18.390336076628834,18.27085033906965,18.114509067947985,16.772757351178868,15.443575999760473,14.55708288238338,14.096322424116984,12.424963509053649,11.542333905299543,8.520371045659257,8.034026862843906,7.773761164293342,7.558155152335552
22.675585284280874,63.78739581170463,7.322217351538503,19.134307974553703,26.205408623909303,16.46169159899397,45.887274467934006,86.6728882216289,7.803523693038197,8.853618205730834,44.39334483647377,31.644384693599793,18.541302652610455,7.712637388360197,24.509340194007407,11.129224519440468,28.866955705601523,4.361899017516172,2.261909439890564,1.8254828183395342,10,4.32,0.36,0.37,0.46,5.01,0.86,2.22,0.85,1.29,0.83,2.25,0.37,0.9,0.25,0.28,0.75,2.81,0.41,2.3,0.05,0.5,0.17,0.9,0.7,0.98,0.46,4.22,0.75,0.71,0.44,1.33,0.11,0.33,0.21,2.21,0.67,3.84,0.45,0,4.19,0.24,20.236537507786338,20.233116468623003,20.228804073091716,20.203566373186316,20.141773097678005,20.060514544600853,19.630324965733383,18.415765932277445,18.29791811308769,18.14365463135723,16.81712702032492,15.501034367412498,14.622663400912554,14.165324633374478,12.504772749191453,11.626503483239656,8.610096589170107,8.124317503984061,7.864264980926976,7.648773008842649
22.77591973244141,63.7877364785472,7.322646931618638,19.136822123892227,26.211564682260963,16.469787537841423,45.930137319223626,86.79390780896769,7.815266652390242,8.868993038677747,44.525683475702394,31.77578069635696,18.629027412913327,7.758352380542011,24.675406193426834,11.217124015999225,29.169311413803094,4.410608396397814,2.2879894972756425,1.847097104885272,10,4.32,0.36,0.37,0.46,5.01,0.86,2.22,0.85,1.29,0.83,2.25,0.37,0.9,0.25,0.28,0.75,2.81,0.41,2.3,0.05,0.5,0.17,0.9,0.7,0.98,0.46,4.22,0.75,0.71,0.44,1.33,0.11,0.33,0.21,2.21,0.67,3.84,0.45,0,4.19,0.24,20.23641486772301,20.23304490851789,20.228794100862057,20.20391513511893,20.142994783708268,20.06287115203046,19.63864663505934,18.440844197218276,18.324612147358707,18.172399815173694,16.860959019470513,15.557883437681935,14.687604769605736,14.233692400817155,12.58400383029339,11.710150685760631,8.699645003311481,8.214491592864487,7.954685972340094,7.73933686946929
22.876254180601943,63.78807206694489,7.323070380456356,19.139300555356144,26.217633811851876,16.477770422392112,45.97240584912284,86.91325765631103,7.826848592644477,8.88416339171013,44.65651521651825,31.905874239424303,18.715941758678124,7.803723384436946,24.840379567160614,11.304577728400274,29.471058115699822,4.459252026143464,2.314043125555273,1.8686956400079453,10,4.32,0.36,0.37,0.46,5.01,0.86,2.22,0.85,1.29,0.83,2.25,0.37,0.9,0.25,0.28,0.75,2.81,0.41,2.3,0.05,0.5,0.17,0.9,0.7,0.98,0.46,4.22,0.75,0.71,0.44,1.33,0.11,0.33,0.21,2.21,0.67,3.84,0.45,0,4.19,0.24,20.236294055899844,20.232974289759685,20.228784128480058,20.204258492816546,20.144198166703468,20.065193286206796,19.6468508501328,18.465575699283733,18.35093755472983,18.200750040107387,16.904258987556993,15.61412758440719,14.751910166663567,14.30142800695345,12.662655292187914,11.793271986045385,8.789006252690815,8.304538083655022,8.045012564128672,7.829834731633292
22.976588628762478,63.78840266729639,7.323487792507954,19.14174381028848,26.223617303091242,16.48564186697693,46.0140883310878,87.03096060863936,7.838271691896738,8.899131888605151,44.78585375664441,32.034672661091065,18.802048843126915,7.848750059154075,25.004255233920524,11.391580383519457,29.77216226105762,4.5078240006827315,2.340067031437359,1.8902756051530205,10,4.32,0.36,0.37,0.46,5.01,0.86,2.22,0.85,1.29,0.83,2.25,0.37,0.9,0.25,0.28,0.75,2.81,0.41,2.3,0.05,0.5,0.17,0.9,0.7,0.98,0.46,4.22,0.75,0.71,0.44,1.33,0.11,0.33,0.21,2.21,0.67,3.84,0.45,0,4.19,0.24,20.236175039773304,20.232904602346004,20.22877416361675,20.20459655121288,20.14538357139685,20.067481518195606,19.65493934581918,18.489965201496467,18.376899379901722,18.228710655959624,16.94703252593672,15.66977120479312,14.815582839053503,14.368533824189804,12.74072584733501,11.875864061364542,8.878170506005642,8.394446130445806,8.135233378400597,7.9202547855911565
23.076923076923013,63.788728356187434,7.323899256230599,19.144152400678244,26.229516388511826,16.493403439602687,46.05519288825086,87.14703924913744,7.849538106413614,8.913901136423796,44.913712999442666,32.162183624237166,18.88735205024484,7.893432169623358,25.167028459219022,11.478126840257765,30.072590347864132,4.5563184072042615,2.3660579140692537,1.9118341727281656,10,4.32,0.36,0.37,0.46,5.01,0.86,2.22,0.85,1.29,0.83,2.25,0.37,0.9,0.25,0.28,0.75,2.81,0.41,2.3,0.05,0.5,0.17,0.9,0.7,0.98,0.46,4.22,0.75,0.71,0.44,1.33,0.11,0.33,0.21,2.21,0.67,3.84,0.45,0,4.19,0.24,20.236057791772527,20.232835833923275,20.22876420913201,20.204929399270657,20.14655128631003,20.069736370453224,19.662913787141413,18.514017409948273,18.402502613088497,18.256286963802594,16.989285283601014,15.724818826642062,14.878626211213195,14.4350124113963,12.818214396332086,11.957923759277774,8.96712794928227,8.484204877495017,8.22533701229826,8.010585183731015
23.177257525083547,63.789049220746946,7.32430486303066,19.14652685070807,26.235332318841234,16.501056708112117,46.0957275669364,87.26151581750194,7.860649957698077,8.928473696806003,45.04010656376017,32.288414678651655,18.97185474522983,7.937769544782869,25.328694884444776,11.564212235278108,30.372310187244125,4.60472955383688,2.39201259303315,1.933368616217758,10,4.32,0.36,0.37,0.46,5.01,0.86,2.22,0.85,1.29,0.83,2.25,0.37,0.9,0.25,0.28,0.75,2.81,0.41,2.3,0.05,0.5,0.17,0.9,0.7,0.98,0.46,4.22,0.75,0.71,0.44,1.33,0.11,0.33,0.21,2.21,0.67,3.84,0.45,0,4.19,0.24,20.235942280531102,20.232767974682265,20.228754272174665,20.205257137556874,20.147701623572132,20.071958393485797,19.670775855867273,18.53773696062699,18.427752165441134,18.283484174465798,17.031022786509304,15.779274889125608,14.941043659725114,14.500866315650121,12.895119984433421,12.03944815232303,9.055869155484817,8.573803876647295,8.315312479949304,8.100814501952406
23.277591973244082,63.7893653454824,7.324704702460605,19.148867674501062,26.24106632235901,16.508603215759614,46.13570029934528,87.3744122601324,7.871609340023787,8.942852101970848,45.16504804465078,32.41337348906493,19.05556040288567,7.981762096732084,25.489250498829684,11.649831899193975,30.67129021738046,4.653051846786807,2.4179279394367375,1.9548762510116366,10,4.32,0.36,0.37,0.46,5.01,0.86,2.22,0.85,1.29,0.83,2.25,0.37,0.9,0.25,0.28,0.75,2.81,0.41,2.3,0.05,0.5,0.17,0.9,0.7,0.98,0.46,4.22,0.75,0.71,0.44,1.33,0.11,0.33,0.21,2.21,0.67,3.84,0.45,0,4.19,0.24,20.235828475626338,20.232701014696612,20.22874435925672,20.205579863387204,20.14883488676265,20.074148124701377,19.67852720437765,18.561128427819234,18.452652883658796,18.31030743230041,17.072250529184352,15.83314385813847,15.002838630331198,14.56609817408713,12.971441818523726,12.120434502016137,9.144384883910323,8.66323286197623,8.405148974481836,8.190931491738759
23.377926421404617,63.78967681138684,7.325098861913466,19.15117537473435,26.246719602426307,16.51604447987225,46.17511890248788,87.48575023718828,7.8824183212749,8.957038856095462,45.28855102851513,32.53706784545252,19.13847261240482,8.025409819945587,25.648691630093843,11.734981347834164,30.969499455527824,4.701279782123869,2.4438008714035795,1.9763544306004988,10,4.32,0.36,0.37,0.46,5.01,0.86,2.22,0.85,1.29,0.83,2.25,0.37,0.9,0.25,0.28,0.75,2.81,0.41,2.3,0.05,0.5,0.17,0.9,0.7,0.98,0.46,4.22,0.75,0.71,0.44,1.33,0.11,0.33,0.21,2.21,0.67,3.84,0.45,0,4.19,0.24,20.23571634790074,20.232634943732936,20.22873447591492,20.205897669847904,20.14995136883597,20.076306085792044,19.686169452942025,18.584196325456546,18.477209551783332,18.336761817593803,17.112973980530636,15.886430232223896,15.06401464298175,14.630710717599996,13.047179264319595,12.200880252511379,9.23266606607817,8.752481734653351,8.49483585241952,8.28092506421609
23.47826086956515,63.789983697890975,7.325487427360046,19.15345044609063,26.252293343865944,16.5233819958632,46.21399108552142,87.59555111964544,7.8930789422337515,8.971036433304006,45.41062905130216,32.659505622857885,19.220595053491905,8.068712785863745,25.807014939421002,11.819656290914049,31.266907597969645,4.749407964149324,2.469628364494699,1.997800555608172,10,4.32,0.36,0.37,0.46,5.01,0.86,2.22,0.85,1.29,0.83,2.25,0.37,0.9,0.25,0.28,0.75,2.81,0.41,2.3,0.05,0.5,0.17,0.9,0.7,0.98,0.46,4.22,0.75,0.71,0.44,1.33,0.11,0.33,0.21,2.21,0.67,3.84,0.45,0,4.19,0.24,20.235605868759254,20.23256975163404,20.228724627435884,20.206210648035157,20.151051357020613,20.078432789049273,19.693704197057922,18.60694510682541,18.501426890022202,18.362852344034103,17.153198569765237,15.939138523127765,15.124575270924744,14.69470675177925,13.122331838986728,12.280783031139023,9.320703834858625,8.841540596558557,8.584362669635967,8.37078432799824
23.578595317725686,63.790286081498515,7.325870482773227,19.15569337249799,26.25778870782621,16.530617234080292,46.25232444469659,87.70383599538617,7.903593217538314,8.984847279826178,45.53129563676115,32.78069481576572,19.301931515916685,8.111671145884387,25.964217417525237,11.903852619148346,31.56348491173395,4.797431085937381,2.4954074407752724,2.019212064388205,10,4.32,0.36,0.37,0.46,5.01,0.86,2.22,0.85,1.29,0.83,2.25,0.37,0.9,0.25,0.28,0.75,2.81,0.41,2.3,0.05,0.5,0.17,0.9,0.7,0.98,0.46,4.22,0.75,0.71,0.44,1.33,0.11,0.33,0.21,2.21,0.67,3.84,0.45,0,4.19,0.24,20.235497010660538,20.232505428078767,20.228714818345598,20.206518885293264,20.15213512880917,20.08052873214292,19.701133001380388,18.629379165554393,18.52530955655393,18.38858396176215,17.192929699700404,15.991273273047469,15.18452415849153,14.758089172488184,13.196899214017645,12.360140643176566,9.408489492825353,8.930399714602181,8.673719143602353,8.46049854978658
23.67892976588622,63.79058403100673,7.326248108074134,19.15790461723148,26.26320681323036,16.537751628075736,46.29012644217784,87.81062568117939,7.913963138177349,8.998473820731283,45.650564434877445,32.900643669630924,19.382485976798936,8.154285146917017,26.120296389818797,11.987566367522483,31.85920186542984,4.845343862046867,2.5211351307645793,2.0405864001299046,10,4.32,0.36,0.37,0.46,5.01,0.86,2.22,0.85,1.29,0.83,2.25,0.37,0.9,0.25,0.28,0.75,2.81,0.41,2.3,0.05,0.5,0.17,0.9,0.7,0.98,0.46,4.22,0.75,0.71,0.44,1.33,0.11,0.33,0.21,2.21,0.67,3.84,0.45,0,4.19,0.24,20.23538974883758,20.23244196175839,20.228705050632335,20.206822459008087,20.153202937764306,20.082594379564608,19.70845737766521,18.65150283709722,18.548862151778525,18.413961565938074,17.232172793601464,16.04283911890858,15.24386508968113,14.82086102762571,13.270881235061452,12.438951063607622,9.496014404562006,9.019049397511308,8.762895022077526,8.5500570165443
23.779264214046755,63.79087762354365,7.32662038608906,19.160084656529552,26.26854879999994,16.54478661517264,46.32740448317047,87.91594069875507,7.924190664611804,9.011918438769579,45.76844874958698,33.01936022014372,19.462262325958086,8.196555070355522,26.275249466099144,12.070793823901568,32.15403035041025,4.893141252804723,2.5468086006901998,2.061921121163251,10,4.32,0.36,0.37,0.46,5.01,0.86,2.22,0.85,1.29,0.83,2.25,0.37,0.9,0.25,0.28,0.75,2.81,0.41,2.3,0.05,0.5,0.17,0.9,0.7,0.98,0.46,4.22,0.75,0.71,0.44,1.33,0.11,0.33,0.21,2.21,0.67,3.84,0.45,0,4.19,0.24,20.23528405552429,20.232379343110182,20.228695329690773,20.207121457495656,20.154255061406637,20.08463022536537,19.715678860164658,18.67332039719257,18.572089207663645,18.43898997169068,17.270933137369056,16.093840569958687,15.302601747075382,14.883025297325943,13.344277838413701,12.517212447243956,9.583270352546393,9.107480406236004,8.851880522126905,8.639449497674022
23.87959866220729,63.791166930759594,7.326987396587314,19.162233950821566,26.27381577503582,16.551723602051606,46.364165852101465,88.01980130235799,7.93427773333571,9.025183493204505,45.88496194210519,33.13685268164636,19.541264595845995,8.238481280848745,26.429074569780934,12.153531429263246,32.447942621822655,4.940818270551729,2.5724250427391464,2.083213805954069,10,4.32,0.36,0.37,0.46,5.01,0.86,2.22,0.85,1.29,0.83,2.25,0.37,0.9,0.25,0.28,0.75,2.81,0.41,2.3,0.05,0.5,0.17,0.9,0.7,0.98,0.46,4.22,0.75,0.71,0.44,1.33,0.11,0.33,0.21,2.21,0.67,3.84,0.45,0,4.19,0.24,20.23517990492655,20.232317561950886,20.228685659195897,20.20741596204343,20.155291760093377,20.08663673933857,19.722798941301825,18.694836064658457,18.5949951984595,18.4636739372651,17.309216015172716,16.144282196389526,15.360737914738653,14.944585077846003,13.417089115668634,12.594923112519627,9.670249228385615,9.195683599284092,8.94066595143899,8.72866584694755
23.979933110367824,63.79145202280001,7.327349218015914,19.164352953124965,26.279008828049072,16.558563975008326,46.40041773277233,88.1222274756315,7.944226255430189,9.038271314819395,46.00011731258825,33.25312932964794,19.61949689086256,8.280064209656407,26.581769919737248,12.235775802075503,32.740911598089774,4.988370034944001,2.597981706509104,2.1044620804172784,10,4.32,0.36,0.37,0.46,5.01,0.86,2.22,0.85,1.29,0.83,2.25,0.37,0.9,0.25,0.28,0.75,2.81,0.41,2.3,0.05,0.5,0.17,0.9,0.7,0.98,0.46,4.22,0.75,0.71,0.44,1.33,0.11,0.33,0.21,2.21,0.67,3.84,0.45,0,4.19,0.24,20.235077271792,20.23225660814868,20.228676042572257,20.207706052095716,20.15631328892639,20.08861438264297,19.729819090587224,18.71605400160418,18.617584538682877,18.488018158455194,17.347026670253975,16.19416857307936,15.41827741660336,15.0055435249471,13.489315290100222,12.672081540970545,9.756943120031385,9.283650033865143,9.029241816807183,8.817696116948397
24.08026755852836,63.7917329683735,7.327705927544072,19.16644210928008,26.284129032052988,16.56530910040159,46.43616721007189,88.22323893523641,7.954038116875746,9.051184206156233,46.113928096351245,33.36819849443407,19.69696338268611,8.321304352369934,26.73333402254772,12.31752373541251,33.03291086208226,5.035791773562426,2.6234758994524654,2.125663618369378,10,4.32,0.36,0.37,0.46,5.01,0.86,2.22,0.85,1.29,0.83,2.25,0.37,0.9,0.25,0.28,0.75,2.81,0.41,2.3,0.05,0.5,0.17,0.9,0.7,0.98,0.46,4.22,0.75,0.71,0.44,1.33,0.11,0.33,0.21,2.21,0.67,3.84,0.45,0,4.19,0.24,20.234976131385544,20.232196471627923,20.228666483014933,20.207991805356745,20.15731989801504,20.09056360817697,19.7367407552556,18.736978314209388,18.639861583896792,18.51202726934177,17.38437030412183,16.24350427711039,15.47522411294222,15.065903850090333,13.560956712427377,12.748686373269592,9.843344312039036,9.37137096693981,9.117598825631248,8.906530560967694
24.180602006688893,63.792009833601924,7.328057600121466,19.16850185293022,26.289177433310154,16.57196031732608,46.47142125115109,88.32285511587939,7.963715178004951,9.063924443903439,46.22640757532847,33.48206868589804,19.773668388836175,8.362202290415421,26.883765708759537,12.398772178779975,33.32391434729435,5.083078762913865,2.6489049530545996,2.146816111969182,10,4.32,0.36,0.37,0.46,5.01,0.86,2.22,0.85,1.29,0.83,2.25,0.37,0.9,0.25,0.28,0.75,2.81,0.41,2.3,0.05,0.5,0.17,0.9,0.7,0.98,0.46,4.22,0.75,0.71,0.44,1.33,0.11,0.33,0.21,2.21,0.67,3.84,0.45,0,4.19,0.24,20.23487645990331,20.23213714237684,20.228656983088555,20.208273295191464,20.158311825589454,20.092484851057776,19.743565347066134,18.75761304894252,18.661830628193503,18.53570584221148,17.42125211106157,16.29229394512292,15.531581967468357,15.125669383983425,13.632013894556081,12.82473641957499,9.929445194395225,9.458837747493059,9.20572776934353,8.995159509150874
24.280936454849428,63.79228268358173,7.328404309731824,19.170532612198787,26.29415506475265,16.57851894759277,46.50618673231557,88.42109519672384,7.973259274868638,9.076494276499869,46.337568933003816,33.594748426271714,19.849616265960254,8.402758659617346,27.033064071175374,12.479518253977309,33.61389672520585,5.130226402120832,2.6742662652880247,2.167917308964993,10,4.32,0.36,0.37,0.46,5.01,0.86,2.22,0.85,1.29,0.83,2.25,0.37,0.9,0.25,0.28,0.75,2.81,0.41,2.3,0.05,0.5,0.17,0.9,0.7,0.98,0.46,4.22,0.75,0.71,0.44,1.33,0.11,0.33,0.21,2.21,0.67,3.84,0.45,0,4.19,0.24,20.234778233910582,20.2320786104486,20.228647545265485,20.208550594041558,20.15928930702892,20.094378541126975,19.750294259903054,18.7779621989312,18.683495909015928,18.559058389299505,17.457677234035714,16.340542197472367,15.587354957217068,15.184843490203669,13.702487458784498,12.90023063801718,10.015238374872556,9.546041950944062,9.293619669671768,9.08357352456332
24.381270903009963,63.79255158314438,7.328746129997935,19.172534812910662,26.299062952467402,16.584986300595997,46.540470452411476,88.51797811557462,7.982672220036791,9.088895923152121,46.447425185129504,33.70624616915368,19.92481135785805,8.442974134402494,27.181228432086204,12.559759260904073,33.90283358548768,5.177230247410071,2.6995573205318486,2.188965030204666,10,4.32,0.36,0.37,0.46,5.01,0.86,2.22,0.85,1.29,0.83,2.25,0.37,0.9,0.25,0.28,0.75,2.81,0.41,2.3,0.05,0.5,0.17,0.9,0.7,0.98,0.46,4.22,0.75,0.71,0.44,1.33,0.11,0.33,0.21,2.21,0.67,3.84,0.45,0,4.19,0.24,20.234681430068026,20.232020865964373,20.228638172186486,20.20882377506438,20.160252579188274,20.096245108948747,19.75692887827667,18.7980297073333,18.704861609811015,18.5820893639934,17.493650743808626,16.388253601737677,15.642547028875743,15.243429523113868,13.77237811198341,12.975168122598774,10.10071673125482,9.632975442019918,9.381265847250198,9.171763476557551
24.481605351170497,63.79281659524355,7.329083132865202,19.17450887157573,26.303902101636652,16.59136366303207,46.57427910619673,88.61352254684316,7.991955801724597,9.101131577038878,46.555989334973575,33.81657047419906,19.999258105668954,8.482849458339134,27.328258396255325,12.639492653575552,34.19070100249192,5.224085930465152,2.724775642730497,2.2099571286731536,10,4.32,0.36,0.37,0.46,5.01,0.86,2.22,0.85,1.29,0.83,2.25,0.37,0.9,0.25,0.28,0.75,2.81,0.41,2.3,0.05,0.5,0.17,0.9,0.7,0.98,0.46,4.22,0.75,0.71,0.44,1.33,0.11,0.33,0.21,2.21,0.67,3.84,0.45,0,4.19,0.24,20.234586025712325,20.23196389912212,20.228628866099537,20.209092908506964,20.161201870794663,20.098084972529367,19.763470558866263,18.81781946182264,18.72593185626018,18.60480316044074,17.52917768687295,16.43543275281089,15.697162192719574,15.30143091699965,13.841686693768036,13.049548118981374,10.185873285424652,9.719630225698552,9.468657760182188,9.259720369140515
24.581939799331032,63.793077781619004,7.329415389128498,19.176455198193842,26.308673502187663,16.597652303150173,46.60761929609923,88.70774691425905,8.001111784525193,9.113203404498515,46.663274313171314,33.92572993654667,20.072961002492235,8.522385430225617,27.47415382163911,12.718716044717455,34.477475690494536,5.2707891881912285,2.7499188125976692,2.2308915046242093,10,4.32,0.36,0.37,0.46,5.01,0.86,2.22,0.85,1.29,0.83,2.25,0.37,0.9,0.25,0.28,0.75,2.81,0.41,2.3,0.05,0.5,0.17,0.9,0.7,0.98,0.46,4.22,0.75,0.71,0.44,1.33,0.11,0.33,0.21,2.21,0.67,3.84,0.45,0,4.19,0.24,20.234491998617163,20.231907700199923,20.228619629087067,20.20935806313082,20.162137406207442,20.099898542531175,19.76992063792455,18.837335297598642,18.7467107186714,18.62720411468802,17.56426306737272,16.482084241147433,15.751204484538608,15.35885114932277,13.910414153688087,13.123370013519816,10.270701248343041,9.805998501462176,9.555787063294154,9.347435404375437
24.682274247491566,63.79333520285613,7.329742968469767,19.178374196452957,26.31337812921113,16.603853471146095,46.64049753378638,88.80066939435913,8.010141909715976,9.12511354528285,46.7692929747477,34.03373318134438,20.14592458929825,8.561582901977173,27.61891481194226,12.79742720277507,34.763135002669934,5.31733586290852,2.774984467821255,2.2517661058234455,10,4.32,0.36,0.37,0.46,5.01,0.86,2.22,0.85,1.29,0.83,2.25,0.37,0.9,0.25,0.28,0.75,2.81,0.41,2.3,0.05,0.5,0.17,0.9,0.7,0.98,0.46,4.22,0.75,0.71,0.44,1.33,0.11,0.33,0.21,2.21,0.67,3.84,0.45,0,4.19,0.24,20.234399326971797,20.231852259560675,20.22861046308399,20.209619306296105,20.1630594056311,20.101686222577754,19.776280431817963,18.85658099813358,18.767202212735924,18.64929650541317,17.598911846545306,16.52821265070117,15.804677962602785,15.415693737386974,13.978561547257973,13.196633329397152,10.35519401967029,9.892072663587587,9.642645608813067,9.434899983400237
24.7826086956521,63.79358891713681,7.3300659382963245,19.180266257425455,26.31801693000293,16.609968388776032,46.672920207878,88.89230786944925,8.019047891962837,9.136864113344355,46.874058271149394,34.140589080214546,20.21815359766257,8.600442825824368,27.762541827231296,12.875624046737531,35.04765644813374,5.363721808326465,2.799970248349397,2.27257887916272,10,4.32,0.36,0.37,0.46,5.01,0.86,2.22,0.85,1.29,0.83,2.25,0.37,0.9,0.25,0.28,0.75,2.81,0.41,2.3,0.05,0.5,0.17,0.9,0.7,0.98,0.46,4.22,0.75,0.71,0.44,1.33,0.11,0.33,0.21,2.21,0.67,3.84,0.45,0,4.19,0.24,20.234307989830754,20.23179756772431,20.228601369478692,20.209876700982026,20.163968077019675,20.10344839783121,19.78255121972789,18.875560284473664,18.787410289944383,18.671084547134548,17.633128991938225,16.573822653829296,15.85758682583011,15.471962354555359,14.046130116769707,13.269337772866205,10.439345048135579,9.977845130007392,9.72922525803846,9.5221055036918
24.882943143812636,63.79383898317909,7.330384366417724,19.18213177407463,26.32259085392027,16.615998273473366,46.704893660022975,88.98268004228758,8.027831427553421,9.148457195915901,46.97758286212809,34.246306257361766,20.28965262256798,8.638966143680985,27.90503541668218,12.953304647955205,35.33101875149194,5.40994309708315,2.8248739174538806,2.293327877919024,10,4.32,0.36,0.37,0.46,5.01,0.86,2.22,0.85,1.29,0.83,2.25,0.37,0.9,0.25,0.28,0.75,2.81,0.41,2.3,0.05,0.5,0.17,0.9,0.7,0.98,0.46,4.22,0.75,0.71,0.44,1.33,0.11,0.33,0.21,2.21,0.67,3.84,0.45,0,4.19,0.24,20.23421796605553,20.23174361522411,20.228592350048615,20.210130312613455,20.164863634574257,20.105185461106572,19.788734283448786,18.89427684117546,18.807338861099595,18.692572407500165,17.666919367312545,16.618918795828005,15.909935144023367,15.52766056382212,14.113121100744056,13.341483119116312,10.523148137604878,10.06330871985966,9.81551829795934,9.609043808480711
24.98327759197317,63.79408545814471,7.330698319111262,19.183971130761382,26.327100830803808,16.621944321016134,46.73642413079582,89.0718033564877,8.036494188780281,9.159894854641733,47.079879400544755,34.350893449051405,20.36042635974791,8.677153866117822,28.046396405267853,13.030467223556073,35.61320105933765,5.455995866006675,2.8496932716277272,2.3140111820336506,10,4.32,0.36,0.37,0.46,5.01,0.86,2.22,0.85,1.29,0.83,2.25,0.37,0.9,0.25,0.28,0.75,2.81,0.41,2.3,0.05,0.5,0.17,0.9,0.7,0.98,0.46,4.22,0.75,0.71,0.44,1.33,0.11,0.33,0.21,2.21,0.67,3.84,0.45,0,4.19,0.24,20.234129235067908,20.231690392722363,20.228583406292632,20.210380204107036,20.165746285293523,20.10689779389185,19.794830878594308,18.91273429823135,18.82699178006948,18.713764195648746,17.700287813933638,16.66350565232273,15.961727054138754,15.582792011066317,14.179535869375503,13.413069290802436,10.606597217720022,10.148456371884174,9.901517131135328,9.695706852720997
25.083612040133705,63.7943283981785,7.331007861599288,19.18578470582622,26.33154777630054,16.62780770987316,46.76751777367947,89.15969501853326,8.045037825567858,9.171179125635618,47.180960465225695,34.454359416761875,20.43047954776583,8.715007052169597,28.18662584302809,13.107110134255958,35.89418311592353,5.501876350853651,2.874426160925823,2.334626916184705,10,4.32,0.36,0.37,0.46,5.01,0.86,2.22,0.85,1.29,0.83,2.25,0.37,0.9,0.25,0.28,0.75,2.81,0.41,2.3,0.05,0.5,0.17,0.9,0.7,0.98,0.46,4.22,0.75,0.71,0.44,1.33,0.11,0.33,0.21,2.21,0.67,3.84,0.45,0,4.19,0.24,20.234041776655744,20.231637890990374,20.228574539601887,20.21062643707875,20.166616232232975,20.10858577095321,19.80084224167821,18.930936236013423,18.84637284833508,18.734663965700637,17.733239131763327,16.70758779164961,16.0129667128125,15.637360377884626,14.245375889477321,13.484096335808836,10.6896863945755,10.233281207566268,9.987214345672044,9.782086778813916
25.18394648829424,63.794567858499754,7.33131305811592,19.187572871945175,26.33593259260687,16.633589601859352,46.79818065745639,89.24637200249323,8.053463965866191,9.18231201972164,47.280838553737915,34.556712936324054,20.499816960363518,8.752526806025084,28.325724994759774,13.183231881420708,36.17394527383147,5.547580888789114,2.8990704905025657,2.3551732512102403,10,4.32,0.36,0.37,0.46,5.01,0.86,2.22,0.85,1.29,0.83,2.25,0.37,0.9,0.25,0.28,0.75,2.81,0.41,2.3,0.05,0.5,0.17,0.9,0.7,0.98,0.46,4.22,0.75,0.71,0.44,1.33,0.11,0.33,0.21,2.21,0.67,3.84,0.45,0,4.19,0.24,20.233955570940093,20.231586100911585,20.228565751287906,20.210869072002456,20.1674736749196,20.110249760924674,19.80676959108745,18.948886186298463,18.865485815998127,18.755275717672877,17.765778077693867,16.751169770437187,16.06365829038471,15.691369375356025,14.310642718454327,13.55456442216808,10.772409953718673,10.317776535587223,10.072602720485245,9.868175922570908
25.284280936454774,63.794803891630266,7.331613971122986,19.189335992297753,26.340256161039353,16.639291136648072,46.828418750945296,89.3318510311002,8.061774214422819,9.193295523097106,47.379526159589815,34.65796289694656,20.568443472869504,8.789714301303633,28.463695404462534,13.258831112828796,36.45246829338496,5.593105878156509,2.923624196908054,2.3756483829394126,10,4.32,0.36,0.37,0.46,5.01,0.86,2.22,0.85,1.29,0.83,2.25,0.37,0.9,0.25,0.28,0.75,2.81,0.41,2.3,0.05,0.5,0.17,0.9,0.7,0.98,0.46,4.22,0.75,0.71,0.44,1.33,0.11,0.33,0.21,2.21,0.67,3.84,0.45,0,4.19,0.24,20.23387059901311,20.231535013186623,20.22855704195009,20.211108166017564,20.168318804322865,20.111890119608404,19.812614118075714,18.966587627890945,18.884334378058306,18.77560339514385,17.797909387313993,16.794256176243252,16.11380602481244,15.744822798154424,14.375338047523726,13.624473867789954,10.854762302404172,10.401935778797487,10.157675143804191,9.953966724516139
25.38461538461531,63.79503654702831,7.33191066115493,19.191074419818126,26.34451934060707,16.644913430779205,46.858237920596274,89.41614857393238,8.069970152725318,9.204131597682057,47.477035788223915,34.75811832044836,20.636364074769933,8.826570785162101,28.600538904792224,13.333906621690653,36.72973329427432,5.638447769089756,2.948085242628339,2.3960505273640265,10,4.32,0.36,0.37,0.46,5.01,0.86,2.22,0.85,1.29,0.83,2.25,0.37,0.9,0.25,0.28,0.75,2.81,0.41,2.3,0.05,0.5,0.17,0.9,0.7,0.98,0.46,4.22,0.75,0.71,0.44,1.33,0.11,0.33,0.21,2.21,0.67,3.84,0.45,0,4.19,0.24,20.23378684306981,20.231484618269207,20.228548411342604,20.211343772480234,20.169151801836378,20.113507188632592,19.81837698505355,18.98404398615708,18.9029221741085,18.795650885257537,17.829637779635735,16.836851636064573,16.163414232099967,15.797724534789893,14.43946370885859,13.693825144478392,10.936737955601679,10.485752457127372,10.24242459437901,10.039451709655271
25.484949832775843,63.79526587913075,7.332203190425329,19.1927885148863,26.34872300247897,16.65045760355534,46.88764400498951,89.49928094789098,8.078053345945223,9.214822179594531,47.57337960693364,34.857187903263245,20.70358356028413,8.863097461770357,28.73625729761441,13.408457305337478,37.00572261754504,5.683603238587501,2.972451719740781,2.4163780135396453,10,4.32,0.36,0.37,0.46,5.01,0.86,2.22,0.85,1.29,0.83,2.25,0.37,0.9,0.25,0.28,0.75,2.81,0.41,2.3,0.05,0.5,0.17,0.9,0.7,0.98,0.46,4.22,0.75,0.71,0.44,1.33,0.11,0.33,0.21,2.21,0.67,3.84,0.45,0,4.19,0.24,20.23370428351293,20.231434907682726,20.228539861228676,20.211575950940464,20.169972862246944,20.115101326153393,19.82405936751782,19.001258655950558,18.92125280847232,18.81542203272074,17.86096785991207,16.87896062073803,16.21248705666408,15.850078315460095,14.503021466957742,13.762618728168894,11.018331783686488,10.569220505052053,10.326844497711757,10.124623876731114
25.585284280936378,63.79549193904695,7.332491619119614,19.19447862716597,26.352867994659913,16.655924750658826,46.91664273980867,89.58126421878274,8.08602533626901,9.225369181269992,47.66856980654911,34.95518048632878,20.770106845002157,8.89929561033294,28.870852674044887,13.482482202325507,37.28041891754843,5.728569006933786,2.99672174141467,2.436629186469108,10,4.32,0.36,0.37,0.46,5.01,0.86,2.22,0.85,1.29,0.83,2.25,0.37,0.9,0.25,0.28,0.75,2.81,0.41,2.3,0.05,0.5,0.17,0.9,0.7,0.98,0.46,4.22,0.75,0.71,0.44,1.33,0.11,0.33,0.21,2.21,0.67,3.84,0.45,0,4.19,0.24,20.233622901943104,20.231385872652346,20.228531392426532,20.21180475684753,20.170782170064463,20.116672875253148,19.82966241113212,19.01823497905741,18.93932983059522,18.834920626593522,17.89190422059866,16.92058764619439,16.261028727348965,15.901887970071343,14.566013229548645,13.830855248162596,11.099538751334887,10.65233393857584,10.410928353121234,10.209476291305563
25.685618729096912,63.79571477717186,7.332776006572783,19.196145101389344,26.35695515328133,16.66131595268682,46.9452397826844,89.66211423574704,8.093887645321356,9.23577449114676,47.76261848772212,35.052104905227914,20.83593886436661,8.935166546453992,29.00432730736763,13.555980477165482,37.55380543612577,5.773341893668576,3.020893475113029,2.4568024369015196,10,4.32,0.36,0.37,0.46,5.01,0.86,2.22,0.85,1.29,0.83,2.25,0.37,0.9,0.25,0.28,0.75,2.81,0.41,2.3,0.05,0.5,0.17,0.9,0.7,0.98,0.46,4.22,0.75,0.71,0.44,1.33,0.11,0.33,0.21,2.21,0.67,3.84,0.45,0,4.19,0.24,20.233542680218136,20.23133750453011,20.22852300573481,20.21203024479522,20.171579907002855,20.11822217395212,19.8351872454792,19.034976252018158,18.95715674198284,18.85415040525144,17.922451409972314,16.961737209648497,16.309043475710443,15.953157345510117,14.628440978278206,13.898535436656257,11.180353996251105,10.735086956681823,10.494669847828348,10.294002210617368
25.785953177257447,63.79593444324587,7.333056411304816,19.197788277542234,26.360985302991633,16.666632275521184,46.97344071468448,89.74184663461918,8.101641774462289,9.246039973920604,47.85553765837771,35.147969985250626,20.901084569934817,8.97071162013436,29.136683645829944,13.628951417299287,37.825866000342266,5.817918817542601,3.044965142659405,2.4768962014536697,10,4.32,0.36,0.37,0.46,5.01,0.86,2.22,0.85,1.29,0.83,2.25,0.37,0.9,0.25,0.28,0.75,2.81,0.41,2.3,0.05,0.5,0.17,0.9,0.7,0.98,0.46,4.22,0.75,0.71,0.44,1.33,0.11,0.33,0.21,2.21,0.67,3.84,0.45,0,4.19,0.24,20.23346360043149,20.231289794800755,20.228514701950807,20.212252468600873,20.172366252176623,20.119749555489406,19.840634984561234,19.051485726846657,18.974736996931583,18.873115057098502,17.95261393169625,17.002413787771196,16.356535533274315,16.003890302594538,14.690306764927573,13.965660124970402,11.260772828429003,10.817473941187346,10.578062857157963,10.378195084090876
25.88628762541798,63.79615098641457,7.333332891056095,19.199408491049194,26.36495925734664,16.671874770698402,47.00125104180396,89.82047684129348,8.109289205084329,9.256167470799344,47.94733923116554,35.24278453645557,20.965548925641013,9.005932213768697,29.267924305437585,13.701394430076597,38.096585020220935,5.86229679647221,3.068935020304659,2.4969089627314607,10,4.32,0.36,0.37,0.46,5.01,0.86,2.22,0.85,1.29,0.83,2.25,0.37,0.9,0.25,0.28,0.75,2.81,0.41,2.3,0.05,0.5,0.17,0.9,0.7,0.98,0.46,4.22,0.75,0.71,0.44,1.33,0.11,0.33,0.21,2.21,0.67,3.84,0.45,0,4.19,0.24,20.23338564489076,20.231242735087587,20.228506481888726,20.21247148138457,20.173141382297494,20.12125534860394,19.846006727300196,19.067766611748933,18.992074003259233,18.891818221280214,17.982396244385324,17.0426218348613,16.40350912879459,16.054090713025712,14.751612707626979,14.032230239777574,11.340790729413746,10.899489456599461,10.661101444740734,10.462048553844822
25.986622073578516,63.79636445528856,7.333605502822824,19.201006072958645,26.368877819199987,16.677044475779493,47.028676196455336,89.89802007508649,8.11683139890964,9.266158799757424,48.03803502091141,35.33655734873166,21.029336904058546,9.040829740142582,29.398052062749887,13.773309039731517,38.365947486476585,5.906472947494211,3.0928014387937557,2.516839249451327,10,4.32,0.36,0.37,0.46,5.01,0.86,2.22,0.85,1.29,0.83,2.25,0.37,0.9,0.25,0.28,0.75,2.81,0.41,2.3,0.05,0.5,0.17,0.9,0.7,0.98,0.46,4.22,0.75,0.71,0.44,1.33,0.11,0.33,0.21,2.21,0.67,3.84,0.45,0,4.19,0.24,20.23330879609612,20.23119631715827,20.22849834639791,20.212687335648205,20.173905471871002,20.122739877815384,19.851303558038182,19.083822071841986,19.009171123035546,18.910263488396502,18.01180276117132,17.082365781017515,16.44996848551179,16.10376245633928,14.81236098707055,14.098246799330497,11.42040335156349,10.98112824997039,10.743779862714923,10.545556455201062
26.08695652173905,63.79657489800324,7.333874302892447,19.202581350127975,26.372741781093556,16.682142414719927,47.05572153895867,89.97449135210017,8.124269798287175,9.276015755790526,48.127636742068646,35.42929718685976,21.09245348266206,9.07540564042961,29.527069847674895,13.84469488435923,38.633938968249716,5.950444486720723,3.116562783432553,2.536685636561661,10,4.32,0.36,0.37,0.46,5.01,0.86,2.22,0.85,1.29,0.83,2.25,0.37,0.9,0.25,0.28,0.75,2.81,0.41,2.3,0.05,0.5,0.17,0.9,0.7,0.98,0.46,4.22,0.75,0.71,0.44,1.33,0.11,0.33,0.21,2.21,0.67,3.84,0.45,0,4.19,0.24,20.233233036718836,20.231150532930673,20.228490296381096,20.212900083354587,20.174658693393148,20.124203463705125,19.856526547037763,19.099655229872667,19.026031673312847,18.928454401214776,18.04083784926816,17.12165003031035,16.495917818411197,16.152909416856783,14.872553842731115,14.163710909690309,11.499606517311054,11.062385250752987,10.826092551928257,10.62871281719336
26.187290969899585,63.796782345391826,7.33413933935046,19.20413460853515,26.376551853946275,16.687169544701185,47.08239220679028,90.04990528840102,8.131605812796245,9.285740114540626,48.216156705059305,35.52101370209633,21.15490426137537,9.109661621621909,29.654981408691224,13.915551817622015,38.900543968631396,5.994208392051485,3.1402172936172366,2.556446565041145,10,4.32,0.36,0.37,0.46,5.01,0.86,2.22,0.85,1.29,0.83,2.25,0.37,0.9,0.25,0.28,0.75,2.81,0.41,2.3,0.05,0.5,0.17,0.9,0.7,0.98,0.46,4.22,0.75,0.71,0.44,1.33,0.11,0.33,0.21,2.21,0.67,3.84,0.45,0,4.19,0.24,20.233158355658947,20.231105371693765,20.22848232680558,20.2131097550937,20.175401169488712,20.125646359065264,19.861676664011,19.1152691211551,19.042658886995792,18.946394428190473,18.069506023173275,17.160479348923943,16.541361830201787,16.201535986726036,14.93219400041708,14.228624080887826,11.57839574731755,11.143254959710232,10.908033453221671,10.7115111075224
26.28762541806012,63.79698684812739,7.33440066864813,19.205666174435535,26.38030882489634,16.692126874067192,47.108693450384706,90.12427654297356,8.138840849613818,9.295333625149256,48.30360627901202,35.611715414615816,21.216694094533096,9.143599128747992,29.781789829040427,13.985879675747398,39.16574952857512,6.037762143690075,3.163763503267326,2.576120737997257,10,4.32,0.36,0.37,0.46,5.01,0.86,2.22,0.85,1.29,0.83,2.25,0.37,0.9,0.25,0.28,0.75,2.81,0.41,2.3,0.05,0.5,0.17,0.9,0.7,0.98,0.46,4.22,0.75,0.71,0.44,1.33,0.11,0.33,0.21,2.21,0.67,3.84,0.45,0,4.19,0.24,20.233084734674144,20.231060826228994,20.22847443991257,20.213316406085006,20.17613307864051,20.12706889000884,19.866754969602848,19.130666794822236,19.059056001103635,18.964087023892688,18.09781151902132,17.198858006981066,16.58630461341836,16.249645951536202,14.991283721289847,14.292987520600777,11.656767294254873,11.223732790365956,10.989597520447766,10.793945892208509
26.387959866220655,63.797188453829335,7.334658345404689,19.207176364426836,26.384013460231497,16.69701538992244,47.13463042769117,90.19761954898415,8.145976295198725,9.3047980150934,48.38999683917651,35.7014109543512,21.27782793162297,9.177219668318767,29.907498433515496,14.05567841685778,39.42954299246461,6.081103265703178,3.187199968312857,2.595706875684244,10,4.32,0.36,0.37,0.46,5.01,0.86,2.22,0.85,1.29,0.83,2.25,0.37,0.9,0.25,0.28,0.75,2.81,0.41,2.3,0.05,0.5,0.17,0.9,0.7,0.98,0.46,4.22,0.75,0.71,0.44,1.33,0.11,0.33,0.21,2.21,0.67,3.84,0.45,0,4.19,0.24,20.23301215662144,20.231016889030695,20.228466637070415,20.213520087830805,20.176854590063,20.128471369079765,19.87176249767602,19.14585125231652,19.075226203320124,18.981535592755993,18.12575855734855,17.23679030678001,16.630750325563874,16.297243175168575,15.049825384378579,14.356802565249742,11.734717501715656,11.30381423843441,11.070779784263461,10.876011809116983
26.48829431438119,63.79738720650246,7.334912422165995,19.208665484278754,26.38766650314373,16.70183605653385,47.16020820006742,90.26994850978545,8.153013515085435,9.314134990563986,48.4753397900661,35.79010908974695,21.33831083638638,9.210524815126176,30.03211080597429,14.124948121796931,39.69191194548034,6.124229313578437,3.2105252593894456,2.615203708995896,10,4.32,0.36,0.37,0.46,5.01,0.86,2.22,0.85,1.29,0.83,2.25,0.37,0.9,0.25,0.28,0.75,2.81,0.41,2.3,0.05,0.5,0.17,0.9,0.7,0.98,0.46,4.22,0.75,0.71,0.44,1.33,0.11,0.33,0.21,2.21,0.67,3.84,0.45,0,4.19,0.24,20.23294060565912,20.23097355220955,20.228458918571903,20.213720847426664,20.17756586213232,20.12985409317622,19.87670025261432,19.160825446425854,19.09117263125884,18.99874348879386,18.15335134977607,17.27428059530179,16.674703204700613,16.34433161535174,15.107821498651095,14.420070687987081,11.812242786157041,11.383494859217416,11.151575327007317,10.957703540692805
26.588628762541724,63.79758314966871,7.3351629508095355,19.21013383582599,26.391268687163375,16.70658982544018,47.1854317614651,90.34127743869641,8.159953856672287,9.323346236107337,48.55964643576959,35.87781855608996,21.398147870058413,9.243516166683401,30.15563065980911,14.193688972054602,39.95284451007854,6.167137935529324,3.2337379983861516,2.6346100123907337,10,4.32,0.36,0.37,0.46,5.01,0.86,2.22,0.85,1.29,0.83,2.25,0.37,0.9,0.25,0.28,0.75,2.81,0.41,2.3,0.05,0.5,0.17,0.9,0.7,0.98,0.46,4.22,0.75,0.71,0.44,1.33,0.11,0.33,0.21,2.21,0.67,3.84,0.45,0,4.19,0.24,20.23287006611927,20.230930808005038,20.228451284745425,20.21391873144483,20.17826705132541,20.13121735549832,19.881569225644483,19.175592290330783,19.106898380445116,19.015714021258393,18.1805940633495,17.31133319144008,16.71816747598288,16.39091522854712,15.165274620760442,14.48279343672398,11.889339721864761,11.462770378601084,11.23197940822699,11.039015951917175
26.68896321070226,63.79777632641511,7.335409982574529,19.211581717127345,26.394820736498936,16.711277635784143,47.210306039812366,90.41162016222403,8.16679864950897,9.33243341488214,48.64292797789615,35.96454805121851,21.457344088068737,9.27619534139104,30.278061831216625,14.261901246817144,40.212329342565525,6.209826872211832,3.2568368583706597,2.653924603886092,10,4.32,0.36,0.37,0.46,5.01,0.86,2.22,0.85,1.29,0.83,2.25,0.37,0.9,0.25,0.28,0.75,2.81,0.41,2.3,0.05,0.5,0.17,0.9,0.7,0.98,0.46,4.22,0.75,0.71,0.44,1.33,0.11,0.33,0.21,2.21,0.67,3.84,0.45,0,4.19,0.24,20.232800522490564,20.23088864878931,20.228443735968874,20.214113785998617,20.17895831238279,20.132561445783747,19.886370395275126,19.190154658291,19.122406505018528,19.03245045533411,18.207490820240928,17.34795238444854,16.761147349267482,16.436997967257717,15.222187351564259,14.544972430584595,11.96600503988214,11.541636692479807,11.311987464394592,11.119944090282727
26.789297658862793,63.797966779441566,7.335653568092022,19.2130094226248,26.39832336637683,16.715900414644512,47.23483589839659,90.48099032328521,8.173549205583997,9.341398168916418,48.72519551352044,36.050306231231005,21.515904536742553,9.308563976703294,30.399408272467902,14.329585320018095,40.47035562967185,6.252293956441177,3.2798205635144515,2.6731463450522073,10,4.32,0.36,0.37,0.46,5.01,0.86,2.22,0.85,1.29,0.83,2.25,0.37,0.9,0.25,0.28,0.75,2.81,0.41,2.3,0.05,0.5,0.17,0.9,0.7,0.98,0.46,4.22,0.75,0.71,0.44,1.33,0.11,0.33,0.21,2.21,0.67,3.84,0.45,0,4.19,0.24,20.23273195940104,20.230847067071046,20.2284362726837,20.21430605680676,20.179639798471165,20.133886650543417,19.891104727735627,19.204515386331863,19.137700018435304,19.04895601283174,18.23404569745095,17.384142432388117,16.803647016724188,16.48258377733697,15.278562332644245,14.606609356360165,12.042235626939064,11.620089866180317,11.391595108621999,11.20048318576875
26.889632107023328,63.798154551108794,7.335893757415,19.214417243302584,26.401777283381215,16.72045907736822,47.259026137246956,90.54940138442852,8.180206819612188,9.350242119364506,48.80646003312751,36.13510170619494,21.573834250001514,9.34062372729416,30.51967404517835,14.39674165738879,40.72691308512666,6.2945371129084915,3.302687889017985,2.692274141006299,10,4.32,0.36,0.37,0.46,5.01,0.86,2.22,0.85,1.29,0.83,2.25,0.37,0.9,0.25,0.28,0.75,2.81,0.41,2.3,0.05,0.5,0.17,0.9,0.7,0.98,0.46,4.22,0.75,0.71,0.44,1.33,0.11,0.33,0.21,2.21,0.67,3.84,0.45,0,4.19,0.24,20.232664361600836,20.230806055499354,20.22842889540892,20.21449558925771,20.180311661346146,20.135193253297118,19.895773177415133,19.218677272930847,19.1527818941708,19.065233872881983,18.260262726510614,17.419907560574387,16.84567065044617,16.52767659529759,15.334402242825558,14.667705964963158,12.118028524381014,11.698126133885715,11.470798130376227,11.280628650816393
26.989966555183862,63.798339676963415,7.33613059689949,19.21580545115942,26.405183154869746,16.72495450405348,47.282881422814626,90.61686652553944,8.186772761630131,9.358966866528394,48.88673273247446,36.21894345932837,21.631138535978405,9.372376378825363,30.638863648962634,14.463370877549513,40.98199124564854,6.336554211378445,3.3254375733099497,2.71130686112458,10,4.32,0.36,0.37,0.46,5.01,0.86,2.22,0.85,1.29,0.83,2.25,0.37,0.9,0.25,0.28,0.75,2.81,0.41,2.3,0.05,0.5,0.17,0.9,0.7,0.98,0.46,4.22,0.75,0.71,0.44,1.33,0.11,0.33,0.21,2.21,0.67,3.84,0.45,0,4.19,0.24,20.232597716293174,20.230765605902697,20.228421602469343,20.21468241993463,20.180974031417584,20.136481507678912,19.900376649148303,19.23264305592845,19.167655044904027,19.081287156391582,18.286145978151403,17.455252138210653,16.88722263099917,16.572280581921056,15.389710004641682,14.728264230119517,12.193380726674544,11.775741633028698,11.549592194004145,11.360375748111991
27.090301003344397,63.798522180882806,7.3363641268676325,19.217174287576103,26.408541586068438,16.72938752195508,47.30640623545807,90.68339856774737,8.193248271501728,9.367573989937592,48.96602524650028,36.30184116102474,21.687823191640437,9.403823933008058,30.756982266806776,14.529473797198106,41.23557894090537,6.3783429562704885,3.348068252030625,2.7302432794415994,10,4.32,0.36,0.37,0.46,5.01,0.86,2.22,0.85,1.29,0.83,2.25,0.37,0.9,0.25,0.28,0.75,2.81,0.41,2.3,0.05,0.5,0.17,0.9,0.7,0.98,0.46,4.22,0.75,0.71,0.44,1.33,0.11,0.33,0.21,2.21,0.67,3.84,0.45,0,4.19,0.24,20.232532014882192,20.230725708567526,20.228414388291387,20.214866570260785,20.181627002805573,20.137751617279445,19.904915969975423,19.24641539534297,19.182322307045446,19.097118914531446,18.311699625875935,17.490180810773964,16.928307718623923,16.616400297188914,15.444488938665646,14.788286466773894,12.26828902968197,11.852932204497261,11.62797261204888,11.439719340860302
27.19063545150493,63.798702114625854,7.33659440070859,19.21852405847669,26.41185330769218,16.733759050249837,47.329605305067595,90.74901061567334,8.199634605789745,9.376065050033075,49.04434774614064,36.38380259994219,21.74389274372524,9.43496790566602,30.87403372719247,14.595051040320525,41.487668532935125,6.419901773718907,3.3705789892395055,2.749082554789459,10,4.32,0.36,0.37,0.46,5.01,0.86,2.22,0.85,1.29,0.83,2.25,0.37,0.9,0.25,0.28,0.75,2.81,0.41,2.3,0.05,0.5,0.17,0.9,0.7,0.98,0.46,4.22,0.75,0.71,0.44,1.33,0.11,0.33,0.21,2.21,0.67,3.84,0.45,0,4.19,0.24,20.232467238734696,20.230686358085613,20.228407257260077,20.215048098279897,20.182270755215548,20.139003900187124,19.9093921206425,19.25999701804623,19.196786571755624,19.112732227769037,18.336927431080145,17.524697419340306,16.968929652244366,16.660039266516254,15.498741488565619,14.847774345003437,12.342751243387621,11.929694997128315,11.705936169024445,11.518655904567833
27.290969899665466,63.7988795163899,7.336821464878068,19.219855034704324,26.415118979578562,16.73806994866651,47.35248315635216,90.81371538946584,8.205932989114787,9.384441586925467,49.1217109330806,36.464836372400704,21.799352289568528,9.465810060238692,30.99002263073351,14.66010344260018,41.738251456345225,6.461228879289126,3.392968719320354,2.7678237264826575,10,4.32,0.36,0.37,0.46,5.01,0.86,2.22,0.85,1.29,0.83,2.25,0.37,0.9,0.25,0.28,0.75,2.81,0.41,2.3,0.05,0.5,0.17,0.9,0.7,0.98,0.46,4.22,0.75,0.71,0.44,1.33,0.11,0.33,0.21,2.21,0.67,3.84,0.45,0,4.19,0.24,20.23240337409964,20.23064754722035,20.228400209193403,20.21522704440183,20.182905426263147,20.140238616649352,19.91380599335048,19.27339056721435,19.21105064877311,19.128130103274543,18.36183328323218,17.55880613246267,17.009092616067356,16.70320148115714,15.552470553076713,14.906729918460268,12.41676491594321,12.00602678128433,11.783479205272965,11.597181413962335
27.391304347826,63.799054423877216,7.337045365213417,19.221167483489296,26.41833925274805,16.742321065417457,47.375044253331076,90.87752543862054,8.212144629795072,9.392705121122285,49.19812541116181,36.54495103289306,21.85420691517382,9.496352175220885,31.104953674059917,14.724631920651687,41.987319613162434,6.502322570127938,3.415236421996213,2.7864658725491624,10,4.32,0.36,0.37,0.46,5.01,0.86,2.22,0.85,1.29,0.83,2.25,0.37,0.9,0.25,0.28,0.75,2.81,0.41,2.3,0.05,0.5,0.17,0.9,0.7,0.98,0.46,4.22,0.75,0.71,0.44,1.33,0.11,0.33,0.21,2.21,0.67,3.84,0.45,0,4.19,0.24,20.232340407404205,20.230609268836396,20.228393243918426,20.215403448510397,20.183531151748497,20.14145602345678,19.918158468342835,19.28659865046745,19.225117310064014,19.143315508023164,18.386421029989087,17.59251108898208,17.048800776268735,16.745890923887192,15.605679063495796,14.965155297018878,12.490327732616738,12.08192447724528,11.860598217818334,11.675292005980992
27.491638795986535,63.799226874323,7.337266146954126,19.22246166856032,26.42151476964953,16.746513237458075,47.397293000498166,90.94045314488056,8.218270720110455,9.400857153784198,49.273601685284014,36.624155091084134,21.908461692796834,9.526596042681268,31.21883164410994,14.788637469266618,42.23486536727222,6.543181224233708,3.4373811219872525,2.805008109482894,10,4.32,0.36,0.37,0.46,5.01,0.86,2.22,0.85,1.29,0.83,2.25,0.37,0.9,0.25,0.28,0.75,2.81,0.41,2.3,0.05,0.5,0.17,0.9,0.7,0.98,0.46,4.22,0.75,0.71,0.44,1.33,0.11,0.33,0.21,2.21,0.67,3.84,0.45,0,4.19,0.24,20.232278325243726,20.23057151590061,20.228386361278293,20.215577350001816,20.184148065757693,20.14265637409635,19.92245041422821,19.29962384048372,19.23898929045886,19.158291369439453,18.410694477157705,17.625816397017935,17.088058279307514,16.788111567032495,15.658369980840742,15.02305264372466,12.563437514110756,12.157385153825034,11.937289859163746,11.752983978733326
27.59197324414707,63.79939690452337,7.337483854762338,19.223737850255795,26.424646164405853,16.750647290746212,47.41923374398589,91.00251072513669,8.224312436566475,9.408899166981278,49.34815016030672,36.70245700881021,21.962121678529865,9.556543466780811,31.33166141242204,14.852121158659255,42.480881538858085,6.58380329972658,3.4594018886686184,2.8234495919962126,10,4.32,0.36,0.37,0.46,5.01,0.86,2.22,0.85,1.29,0.83,2.25,0.37,0.9,0.25,0.28,0.75,2.81,0.41,2.3,0.05,0.5,0.17,0.9,0.7,0.98,0.46,4.22,0.75,0.71,0.44,1.33,0.11,0.33,0.21,2.21,0.67,3.84,0.45,0,4.19,0.24,20.23221711437159,20.23053428148297,20.22837956113933,20.215748787822893,20.1847563007642,20.143839918904195,19.92668268830313,19.31246867561342,19.25266928828947,19.1730605760416,18.434657388655626,17.658726132958286,17.126869250240095,16.82986737049849,15.710546293009575,15.080424171742418,12.636092214880588,12.232406026987768,12.013550936089198,11.830253790464132
27.692307692307605,63.79956455086336,7.337698532743351,19.224996285635093,26.4277340630594,16.754724040501618,47.44087077272949,91.06371023432766,8.23027094015838,9.41683262394926,49.42178113995077,36.77986519707828,22.01519190988617,9.586196262291258,31.443447929426924,14.915084131712344,42.72536139884093,6.624187334118686,3.4812978357282782,2.8417895127724075,10,4.32,0.36,0.37,0.46,5.01,0.86,2.22,0.85,1.29,0.83,2.25,0.37,0.9,0.25,0.28,0.75,2.81,0.41,2.3,0.05,0.5,0.17,0.9,0.7,0.98,0.46,4.22,0.75,0.71,0.44,1.33,0.11,0.33,0.21,2.21,0.67,3.84,0.45,0,4.19,0.24,20.232156761689193,20.2304975587575,20.228372843398006,20.21591780050942,20.18535598773029,20.145006905218732,19.930856136874624,19.32513566049296,19.266159966025853,19.18762597808576,18.458313486472075,17.691244340450133,17.165237791034464,16.871162279798916,15.762211011939684,15.13727214130492,12.708289921452584,12.306984458464349,12.089378408449004,11.90709805851639
27.79264214046814,63.79972984934493,7.337910224466127,19.226237228589845,26.43077908381762,16.758744291465362,47.46220831963114,91.12406356834043,8.236147376635175,9.424658969345787,49.49450482569993,36.8563880130654,22.06767740338436,9.615556253113585,31.554196218739516,14.977527601222842,42.968298663318414,6.664331943584344,3.5030681208248704,2.8600271022181807,10,4.32,0.36,0.37,0.46,5.01,0.86,2.22,0.85,1.29,0.83,2.25,0.37,0.9,0.25,0.28,0.75,2.81,0.41,2.3,0.05,0.5,0.17,0.9,0.7,0.98,0.46,4.22,0.75,0.71,0.44,1.33,0.11,0.33,0.21,2.21,0.67,3.84,0.45,0,4.19,0.24,20.23209725423583,20.230461341003206,20.22836620798803,20.216084426224487,20.185947256208483,20.14615757753354,19.934971595582915,19.33762726665894,19.27946395091307,19.201990388210312,18.481666450628843,17.72337502938981,17.203167978884423,16.91200022408469,15.813367170767005,15.193598856661357,12.780028850742365,12.381117954368737,12.16476938796932,11.983513558294177
27.892976588628674,63.79989282350892,7.338118966356555,19.227460896092122,26.43378176887843,16.76270878177378,47.48325037423867,91.18358213401639,8.241942850330993,9.432379619420763,49.56633205027628,36.93203481913499,22.11958389679164,9.64462559227416,31.663912369924798,15.039453107096804,43.2096860930775,6.704235512304195,3.5247117556245446,2.8781614541618903,10,4.32,0.36,0.37,0.46,5.01,0.86,2.22,0.85,1.29,0.83,2.25,0.37,0.9,0.25,0.28,0.75,2.81,0.41,2.3,0.05,0.5,0.17,0.9,0.7,0.98,0.46,4.22,0.75,0.71,0.44,1.33,0.11,0.33,0.21,2.21,0.67,3.84,0.45,0,4.19,0.24,20.23203858353679,20.230425620174284,20.228359650807114,20.21624868577785,20.186530192980932,20.147292120522696,19.939029803310707,19.349945859776348,19.29258376546758,19.216156522153938,18.50472010588519,17.755122609467342,17.24066444640969,16.952385721953355,15.864018415524013,15.249407162200225,12.851306953131695,12.454803605923827,12.239720487225402,12.05949649293832
27.99331103678921,63.80005350971248,7.338324801540328,19.228667538933607,26.43674272737899,16.76661830082054,47.50400107703184,91.24227754636541,8.247658479559465,9.439995983308686,49.63727274444865,37.006813764797876,22.17091629358067,9.673406089940396,31.772601450282977,15.100861971421844,43.44951839741861,6.743896838145119,3.5462280009494394,2.8961918886292297,10,4.32,0.36,0.37,0.46,5.01,0.86,2.22,0.85,1.29,0.83,2.25,0.37,0.9,0.25,0.28,0.75,2.81,0.41,2.3,0.05,0.5,0.17,0.9,0.7,0.98,0.46,4.22,0.75,0.71,0.44,1.33,0.11,0.33,0.21,2.21,0.67,3.84,0.45,0,4.19,0.24,20.231980736503512,20.230390389885066,20.228353172234144,20.21641061816047,20.18710492863785,20.148410778344434,19.943031582737298,19.362093853312718,19.30552197440554,19.230127124387543,18.527478032208688,17.78649098281162,17.277731166336473,16.99232261183624,15.9141677622753,15.304699398275007,12.922122735137666,12.528039251664588,12.314229173762692,12.135044013356474
28.093645484949743,63.80021194424061,7.338527772792575,19.22985740570693,26.439662562640954,16.770473629356044,47.52446451948353,91.30016127628757,8.253295368675651,9.447509452523827,49.707336719681585,37.0807329168218,22.2216794550215,9.70189955493716,31.880268564454802,15.161755573063438,43.68779074028947,6.783314801257389,3.56761616412098,2.9141177658899884,10,4.32,0.36,0.37,0.46,5.01,0.86,2.22,0.85,1.29,0.83,2.25,0.37,0.9,0.25,0.28,0.75,2.81,0.41,2.3,0.05,0.5,0.17,0.9,0.7,0.98,0.46,4.22,0.75,0.71,0.44,1.33,0.11,0.33,0.21,2.21,0.67,3.84,0.45,0,4.19,0.24,20.231923700073384,20.230355643884437,20.22834677278284,20.21657026242458,20.187671593441316,20.149513793842193,19.946977748463286,19.374073630853783,19.318281110443813,19.243904904820717,18.549943763981087,17.817484006624575,17.314372070649977,17.03181469849371,15.963818228614995,15.359477930742532,12.992474836031475,12.600822880817773,12.388293075574069,12.210153439079052
28.193979933110278,63.8003681596953,7.33872792056629,19.231030732738134,26.442541851849736,16.774275522798092,47.5446446885675,91.35724455340954,8.258854600394749,9.454921398184776,49.77653388784077,37.15380057546004,22.271878421601272,9.730107889897479,31.986919148842524,15.22213542304819,43.92449831542663,6.822488270184918,3.5888755416199807,2.9319384338919723,10,4.32,0.36,0.37,0.46,5.01,0.86,2.22,0.85,1.29,0.83,2.25,0.37,0.9,0.25,0.28,0.75,2.81,0.41,2.3,0.05,0.5,0.17,0.9,0.7,0.98,0.46,4.22,0.75,0.71,0.44,1.33,0.11,0.33,0.21,2.21,0.67,3.84,0.45,0,4.19,0.24,20.231867462509694,20.23032137562677,20.22834045188232,20.216727652606387,20.188230304963746,20.150601391525733,19.95086908135837,19.385887524658614,19.330863653853484,19.257492521432944,18.57212084609218,17.84810562279315,17.350591223816405,17.07086593373547,16.01297300953699,15.413745297957165,13.062361907351956,12.673152464223282,12.461909784569338,12.284822038007364
28.294314381270812,63.80052218818275,7.338925284742345,19.232187753035124,26.445381164155553,16.7780247262061,47.56454551711119,91.41353845585957,8.264337242954202,9.462233173902812,49.844874068394475,37.22602499429831,22.321518216276516,9.758033005885636,32.09255870533226,15.282003093971207,44.15963670482597,6.8614161820162245,3.6100054682294953,2.9496532734360676,10,4.32,0.36,0.37,0.46,5.01,0.86,2.22,0.85,1.29,0.83,2.25,0.37,0.9,0.25,0.28,0.75,2.81,0.41,2.3,0.05,0.5,0.17,0.9,0.7,0.98,0.46,4.22,0.75,0.71,0.44,1.33,0.11,0.33,0.21,2.21,0.67,3.84,0.45,0,4.19,0.24,20.231812012254213,20.230287578646138,20.22833420894894,20.216882822205758,20.188781179009602,20.151673792632586,19.954706351435185,19.39753783542503,19.343272051401154,19.27089259655674,18.594012785166527,17.878359743474913,17.386392669243595,17.109480255838193,16.061635319438572,15.467504077450851,13.131782714369164,12.745026098542095,12.535077024955031,12.359047215697124
28.394648829431347,63.80067406132863,7.339119904643007,19.23332869636327,26.448181060846885,16.78172197448113,47.58417088476125,91.46905391281697,8.26974435034989,9.469446116027509,49.912366988089005,37.29741437837292,22.370603842842065,9.785676821254327,32.197192796637914,15.34136021751571,44.3932018717124,6.900097541328123,3.6310053164928884,2.9672616977453523,10,4.32,0.36,0.37,0.46,5.01,0.86,2.22,0.85,1.29,0.83,2.25,0.37,0.9,0.25,0.28,0.75,2.81,0.41,2.3,0.05,0.5,0.17,0.9,0.7,0.98,0.46,4.22,0.75,0.71,0.44,1.33,0.11,0.33,0.21,2.21,0.67,3.84,0.45,0,4.19,0.24,20.231757337921696,20.23025424655581,20.22832804338905,20.21703580420661,20.189324329673145,20.152731215220875,19.958490318080884,19.40902683282634,19.355508716911913,19.284107717458816,18.615623049721105,17.908250250546185,17.421780428208233,17.147661588214824,16.109808389906007,15.520756883407532,13.200736133986187,12.816442004284918,12.607792651347282,12.432826513553028
28.49498327759188,63.80082381029332,7.339311819045467,19.234453789320995,26.45094209552393,16.7853679925659,47.603524618949116,91.52380170706178,8.27507696257232,9.476561543892387,49.97902228062425,37.36797688228906,22.419140284299978,9.813041260501803,32.300827041645135,15.400208481972657,44.62519015350963,6.938531419129404,3.651874496171911,2.984763152034209,10,4.32,0.36,0.37,0.46,5.01,0.86,2.22,0.85,1.29,0.83,2.25,0.37,0.9,0.25,0.28,0.75,2.81,0.41,2.3,0.05,0.5,0.17,0.9,0.7,0.98,0.46,4.22,0.75,0.71,0.44,1.33,0.11,0.33,0.21,2.21,0.67,3.84,0.45,0,4.19,0.24,20.231703428294406,20.230221373047616,20.228321954601732,20.21718663109727,20.189859869396173,20.153773874262104,19.96222173028876,19.420356756048058,19.367576031832343,19.297140436921275,18.636955070322983,17.93778099505017,17.45675849878315,17.185413838083754,16.157495467500077,15.573506364137575,13.269221152641002,12.887398523840805,12.680054646884743,12.506157607023336
28.595317725752416,63.8009714657872,7.339501066195362,19.235563255415403,26.453664814272084,16.78896349564484,47.62261049585659,91.57779247752411,8.280336105842812,9.483580760060525,50.04484948632916,37.43772060833889,22.467132501228445,9.840128253129036,32.40346711075525,15.458549629760366,44.85559825480987,6.9767169518045185,3.6726124537047693,3.0021571130774363,10,4.32,0.36,0.37,0.46,5.01,0.86,2.22,0.85,1.29,0.83,2.25,0.37,0.9,0.25,0.28,0.75,2.81,0.41,2.3,0.05,0.5,0.17,0.9,0.7,0.98,0.46,4.22,0.75,0.71,0.44,1.33,0.11,0.33,0.21,2.21,0.67,3.84,0.45,0,4.19,0.24,20.23165027231661,20.2301889518914,20.228315941981517,20.21733533489093,20.190387909025773,20.154801981733954,19.965901326889902,19.431529814324644,19.37947634579349,19.309993273822748,18.65801223974697,17.96695579664509,17.49133085476452,17.222740895138095,16.204699811541666,15.625755199552204,13.337236864208307,12.95789411950579,12.751861121341467,12.579038303794459
28.69565217391295,63.80111705732159,7.339687683210996,19.23665731182499,26.45634974866985,16.79250918229499,47.641432212025656,91.6310366540912,8.285522786932392,9.490505046131439,50.10985813433932,37.50665374924842,22.514585537630463,9.866939787532264,32.505118913654414,15.516385526614693,45.084423188268005,7.014653319998823,3.6932186576125177,3.019443074730586,10,4.32,0.36,0.37,0.46,5.01,0.86,2.22,0.85,1.29,0.83,2.25,0.37,0.9,0.25,0.28,0.75,2.81,0.41,2.3,0.05,0.5,0.17,0.9,0.7,0.98,0.46,4.22,0.75,0.71,0.44,1.33,0.11,0.33,0.21,2.21,0.67,3.84,0.45,0,4.19,0.24,20.231597859364232,20.23015697693193,20.228310004717596,20.217481945882117,20.190908554479265,20.155815741714232,19.96952982730029,19.442548172946246,19.391211962366132,19.322668699385343,18.678797929797426,17.995778497982258,17.525501524613013,17.259646718145337,16.251424796984168,15.677506199688063,13.40478245492869,13.027927336597013,12.823210261603304,12.651466483121157
28.795986622073485,63.801260611704706,7.3398717048854625,19.237736162888762,26.45899740171604,16.796005720671285,47.65999332696004,91.68354432547343,8.290637981633441,9.497335654161743,50.17405790629981,37.57478487384087,22.56150473299001,9.893478019279469,32.60578897723011,15.57371830160137,45.311662164036605,7.052339707682821,3.7136925700200933,3.0366205195678226,10,4.32,0.36,0.37,0.46,5.01,0.86,2.22,0.85,1.29,0.83,2.25,0.37,0.9,0.25,0.28,0.75,2.81,0.41,2.3,0.05,0.5,0.17,0.9,0.7,0.98,0.46,4.22,0.75,0.71,0.44,1.33,0.11,0.33,0.21,2.21,0.67,3.84,0.45,0,4.19,0.24,20.23154617978631,20.230125442083427,20.228304141391828,20.217626490154423,20.191421900056525,20.156815340535175,19.973107912895678,19.453413924907483,19.402785110183657,19.335169109257016,18.699315524596955,18.02425307336378,17.559274749461654,17.29613550843677,16.29767412112878,15.728762503085793,13.471857175518688,13.097496732065572,12.894100235071637,12.723439976989178
28.89632107023402,63.801402160063006,7.340053169286181,19.238800030553573,26.46160831369579,16.799453813331546,47.67829753321938,91.73532586280754,8.295682689244666,9.50407384760456,50.23745787967586,37.6421215992236,22.607894735284212,9.919744765412071,32.70548267679262,15.630549687571776,45.5373130601559,7.089775484988325,3.7340337749379198,3.0536890472479024,10,4.32,0.36,0.37,0.46,5.01,0.86,2.22,0.85,1.29,0.83,2.25,0.37,0.9,0.25,0.28,0.75,2.81,0.41,2.3,0.05,0.5,0.17,0.9,0.7,0.98,0.46,4.22,0.75,0.71,0.44,1.33,0.11,0.33,0.21,2.21,0.67,3.84,0.45,0,4.19,0.24,20.231495222377323,20.23009434135167,20.22829835184769,20.217769001187513,20.19192805960239,20.15780099270481,19.97663631419556,19.464129224652613,19.41419807925964,19.347496955506696,18.71956826796992,18.052383124602294,17.592654248488973,17.332210902444473,16.343450837991178,15.779526647853313,13.5384604580039,13.166601192615794,12.964529624500054,12.794957107968711
28.996655518394554,63.80154173096678,7.340232112275276,19.23984912458291,26.464182997753596,16.8028541338859,47.69634839273037,91.78639131147739,8.300657879460374,9.510720861537893,50.300067271218836,37.708671892794285,22.653760468327683,9.945741999469421,32.80420596621334,15.68688166482288,45.761373946040294,7.126960026316837,3.754241851038112,3.070648247427637,10,4.32,0.36,0.37,0.46,5.01,0.86,2.22,0.85,1.29,0.83,2.25,0.37,0.9,0.25,0.28,0.75,2.81,0.41,2.3,0.05,0.5,0.17,0.9,0.7,0.98,0.46,4.22,0.75,0.71,0.44,1.33,0.11,0.33,0.21,2.21,0.67,3.84,0.45,0,4.19,0.24,20.23144497685196,20.23006366881108,20.22829263535782,20.217909508483512,20.192427135976843,20.158772895933037,19.980115725587986,19.47469615761839,19.425453088053114,19.359654617976208,18.73955941383439,18.08017237568548,17.625643939205197,17.367876763100952,16.388758303489404,15.829801480150003,13.604591796666762,13.235239617964673,13.034496996643911,12.8660161567218
29.09698996655509,63.80167935255252,7.340408569203124,19.240883651766957,26.466721959824177,16.806207346633133,47.71414941869426,91.83675058044876,8.305564508922282,9.517277915149128,50.36189520916094,37.774443671578055,22.69910683379004,9.971471698598165,32.901964842699265,15.742716261001338,45.983843219034775,7.163892764589886,3.7743164098569255,3.087497738067362,10,4.32,0.36,0.37,0.46,5.01,0.86,2.22,0.85,1.29,0.83,2.25,0.37,0.9,0.25,0.28,0.75,2.81,0.41,2.3,0.05,0.5,0.17,0.9,0.7,0.98,0.46,4.22,0.75,0.71,0.44,1.33,0.11,0.33,0.21,2.21,0.67,3.84,0.45,0,4.19,0.24,20.231395433081097,20.230033418610994,20.228286991188067,20.2180480410721,20.192919230467687,20.159731245007674,19.983546831712648,19.485116780833945,19.43655232486047,19.371644444384945,18.759292180412203,18.107624520767224,17.65824771575908,17.40313693605981,16.433599883475885,15.879589873037954,13.6702507817176,13.303411015139506,13.104001031720282,12.936615522502247
29.197324414715624,63.80181505253504,7.340582574919401,19.24190381598471,26.469225698776775,16.809514106732014,47.7317040764329,91.88641344454322,8.310403521431624,9.523746211962596,50.42295073322645,37.83944480093436,22.74393871000226,9.996935842633391,32.99876534292012,15.798055548914803,46.204719597172726,7.200573190111079,3.7942570951956385,3.104237164942873,10,4.32,0.36,0.37,0.46,5.01,0.86,2.22,0.85,1.29,0.83,2.25,0.37,0.9,0.25,0.28,0.75,2.81,0.41,2.3,0.05,0.5,0.17,0.9,0.7,0.98,0.46,4.22,0.75,0.71,0.44,1.33,0.11,0.33,0.21,2.21,0.67,3.84,0.45,0,4.19,0.24,20.23134658108739,20.230003584975037,20.22828141859935,20.2181846275258,20.19340444283447,20.160676231866862,19.9869303076538,19.495393123398387,19.447497948318198,19.38346875085265,18.778769750454384,18.134743223839344,17.690469448190854,17.437995248722817,16.477978951950774,15.92889472436769,13.735437097143674,13.371114496364408,13.173040521326959,13.00675372111064
29.29765886287616,63.80194885821965,7.340754163784123,19.242909818266096,26.47169470655945,16.81277506037263,47.74901578423483,91.93538954671189,8.315175848161248,9.530126940067138,50.48324279464305,37.9036830932638,22.78826095076306,10.02213641317978,33.09461353913554,15.85290164434327,46.424002111933696,7.237000849428145,3.814063582521431,3.120866201157356,10,4.32,0.36,0.37,0.46,5.01,0.86,2.22,0.85,1.29,0.83,2.25,0.37,0.9,0.25,0.28,0.75,2.81,0.41,2.3,0.05,0.5,0.17,0.9,0.7,0.98,0.46,4.22,0.75,0.71,0.44,1.33,0.11,0.33,0.21,2.21,0.67,3.84,0.45,0,4.19,0.24,20.231298411040928,20.229974162200573,20.228275916849608,20.218319295975206,20.193882871352407,20.161608045671535,19.990266819133375,19.505527186958396,19.45829208790558,19.395129822422263,18.797995271466675,18.16153211840328,17.7223129816851,17.472455509267014,16.521898889275192,15.977718954663843,13.80015051855821,13.43834927694684,13.241614366361485,13.076429382849323
29.397993311036693,63.80208079651424,7.34092336967869,19.243901856854098,26.474129468343396,16.815990844947724,47.766087914201364,91.98368840030928,8.319882407867729,9.536421272343668,50.5427802561531,37.96716630671497,22.83207838414527,10.047075392692763,33.18951553532209,15.90725670385039,46.64169010100118,7.273175344194978,3.8337355783682687,3.1373845466533186,10,4.32,0.36,0.37,0.46,5.01,0.86,2.22,0.85,1.29,0.83,2.25,0.37,0.9,0.25,0.28,0.75,2.81,0.41,2.3,0.05,0.5,0.17,0.9,0.7,0.98,0.46,4.22,0.75,0.71,0.44,1.33,0.11,0.33,0.21,2.21,0.67,3.84,0.45,0,4.19,0.24,20.23125091325488,20.22994514465807,20.22827048519571,20.21845207412422,20.194354612856372,20.162526872877873,19.993557022703907,19.515520946185802,19.468936844447413,19.40662991358278,18.816971855935005,18.187994807141788,17.753782135823695,17.506521505671895,16.565363080384508,16.026065505010887,13.864390911049444,13.50511467316416,13.30972157494016,13.145641250477405
29.498327759197227,63.802210893941435,7.341090226016935,19.24488012726685,26.476530462667235,16.81916208922402,47.782923793092685,92.03131939136716,8.324524107103468,9.54263036669273,50.60157189202498,38.02990214389134,22.87539581130219,10.071754763559676,33.28347746330052,15.96112292259481,46.857783201020375,7.3090963300336815,3.8532728197377817,3.1537919277245257,10,4.32,0.36,0.37,0.46,5.01,0.86,2.22,0.85,1.29,0.83,2.25,0.37,0.9,0.25,0.28,0.75,2.81,0.41,2.3,0.05,0.5,0.17,0.9,0.7,0.98,0.46,4.22,0.75,0.71,0.44,1.33,0.11,0.33,0.21,2.21,0.67,3.84,0.45,0,4.19,0.24,20.231204078181086,20.22991652679054,20.228265122895355,20.21858298926526,20.194819762784796,20.16343289730975,19.996801565941624,19.525376349255207,19.479434290616727,19.41797124879203,18.83570258155096,18.214134861590676,17.784880703838695,17.54019700474644,16.608374913001654,16.07393733493886,13.928158227029652,13.571410100150121,13.377361260317045,13.214388177165764
29.598662207357762,63.8023391763055,7.34125476508324,19.245844818349912,26.47889815180341,16.822289400979148,47.79952663814069,92.078291600907,8.329101823846715,9.548755350367585,50.65962648429928,38.091898500621426,22.918218207792368,10.096176634695754,33.37650597526191,16.01450276536299,47.07228170591639,7.3447635555593385,3.8726750894916595,3.170088105671818,10,4.32,0.36,0.37,0.46,5.01,0.86,2.22,0.85,1.29,0.83,2.25,0.37,0.9,0.25,0.28,0.75,2.81,0.41,2.3,0.05,0.5,0.17,0.9,0.7,0.98,0.46,4.22,0.75,0.71,0.44,1.33,0.11,0.33,0.21,2.21,0.67,3.84,0.45,0,4.19,0.24,20.23115789653002,20.229888303294743,20.228259829286106,20.218712067703912,20.19527841301371,20.164326296091026,20.000001074099877,19.53509528036892,19.48978643135856,19.42915598163048,18.854190497043998,18.23995590510463,17.815612591676473,17.57348591696965,16.650938025676236,16.121337690281976,13.991452616284947,13.637235147826726,13.444532696095655,13.28266916276492
29.698996655518297,63.802465669373134,7.341417019346929,19.246796120104875,26.48123300084082,16.825373391450253,47.81589968385459,92.12461415577164,8.333616439830664,9.554797350986973,50.71695263640762,38.15316298033077,22.960550330138492,10.120342993648332,33.46860727844492,16.067398512665793,47.285185851616845,7.380176783452939,3.8919421847793925,3.1862728586047178,10,4.32,0.36,0.37,0.46,5.01,0.86,2.22,0.85,1.29,0.83,2.25,0.37,0.9,0.25,0.28,0.75,2.81,0.41,2.3,0.05,0.5,0.17,0.9,0.7,0.98,0.46,4.22,0.75,0.71,0.44,1.33,0.11,0.33,0.21,2.21,0.67,3.84,0.45,0,4.19,0.24,20.231112359025676,20.22986046876847,20.228254603637918,20.218839335918133,20.195730656180952,20.16520724773687,20.00315617652622,19.544679633743062,19.49999528201951,19.440186275449655,18.87243861154758,18.26546145120075,17.845981546457487,17.606391974362268,16.693055822122943,16.168269578167653,14.054274206508442,13.7025894276288,13.511235203180743,13.350483277553769
29.79933110367883,63.80259039864646,7.341577021007208,19.247734220973992,26.483535471056268,16.82841466682312,47.832046137820534,92.17029610624584,8.338068829269671,9.560757485753085,50.77355883984275,38.21370306595964,23.002396854911726,10.144255794003442,33.55978747510263,16.119812420094835,47.49649606202153,7.415335817142845,3.9110739275159596,3.202345987287036,10,4.32,0.36,0.37,0.46,5.01,0.86,2.22,0.85,1.29,0.83,2.25,0.37,0.9,0.25,0.28,0.75,2.81,0.41,2.3,0.05,0.5,0.17,0.9,0.7,0.98,0.46,4.22,0.75,0.71,0.44,1.33,0.11,0.33,0.21,2.21,0.67,3.84,0.45,0,4.19,0.24,20.231067456487278,20.229833017835873,20.228249445208476,20.218964820164437,20.196176584199396,20.166075929358424,20.00626749747702,19.554131287796586,19.51006284108901,19.451064275239954,18.890449898708233,18.29065496092547,17.875991252571907,17.638918844367552,16.73473164248114,16.214735951903766,14.116623178867107,13.767472624449994,13.577468187382118,13.417829686732683
29.899665551839366,63.802713389161276,7.341734801587313,19.248659305418087,26.485806014001177,16.831413820638232,47.84796914125848,92.21534631684064,8.342459848798473,9.566636851832204,50.8294535337892,38.27352627358868,23.04376250300191,10.167917033464704,33.65005286615788,16.171746860618775,47.70621316823156,7.450240524548381,3.9300701736897414,3.218307320313612,10,4.32,0.36,0.37,0.46,5.01,0.86,2.22,0.85,1.29,0.83,2.25,0.37,0.9,0.25,0.28,0.75,2.81,0.41,2.3,0.05,0.5,0.17,0.9,0.7,0.98,0.46,4.22,0.75,0.71,0.44,1.33,0.11,0.33,0.21,2.21,0.67,3.84,0.45,0,4.19,0.24,20.231023179901943,20.229805945259507,20.228244353292883,20.219088546127153,20.196616286931793,20.166932514170384,20.009335647922473,19.563452082116527,19.519991065872507,19.461792082524607,18.908227300384524,18.315539894128474,17.905645417548108,17.671070231602638,16.77596891629983,16.260739876117498,14.178499835361254,13.831884542879795,13.64323117282748,13.484707672114036
29.9999999999999,63.802834665620864,7.341890392182687,19.249571555391714,26.488045075091517,16.834371438379065,47.86367179278518,92.25977353198336,8.346790343527598,9.57243653218328,50.884645071222515,38.33264006302646,23.08465196705894,10.19132870799984,33.73940977240547,16.223204240210247,47.91433827248811,7.484890822789021,3.948930807128189,3.2341567104000526,10,4.32,0.36,0.37,0.46,5.01,0.86,2.22,0.85,1.29,0.83,2.25,0.37,0.9,0.25,0.28,0.75,2.81,0.41,2.3,0.05,0.5,0.17,0.9,0.7,0.98,0.46,4.22,0.75,0.71,0.44,1.33,0.11,0.33,0.21,2.21,0.67,3.84,0.45,0,4.19,0.24,20.230979520376493,20.229779245875683,20.228239327198388,20.21921053914182,20.197049853013432,20.16777717302238,20.01236123051083,19.572643831309644,19.529781887117405,19.472371770460416,18.925773724896757,18.34011967978256,17.934947722037833,17.70284981845522,16.816771072715376,16.30628442950594,14.239904557135382,13.89582507758785,13.708523779692221,13.551116616576222